time_s,handle_index,handle_label,x_m,y_m,vx_mps,vy_mps,speed_mps
0.0,0,head_front,8.8,9.056946762978818e-14,-0.5002852201434262,0.8048123217720888,0.9476329325061137
0.0,1,bench_1_front,8.306676606014157,-2.8171279980276864,-0.21690308818523735,0.9221584255922703,0.9473241850365205
0.0,2,bench_2_front,7.617031537448931,-4.316090448822562,-0.041189299362277866,0.9462396254907256,0.9471356751969509
0.0,3,bench_3_front,6.658373426437006,-5.6590270779574245,0.13622739553658078,0.9370957662745912,0.9469458160129561
0.0,4,bench_4_front,5.464350118809316,-6.797802473242182,0.309095830066615,0.8948764518453313,0.9467545068452853
0.0,5,bench_5_front,4.0772179649876295,-7.69131001875862,0.4712698218388556,0.8209033207459656,0.9465608839307593
0.0,6,bench_6_front,2.5463983171222937,-8.307016609517966,0.6169284317020088,0.7176413460760236,0.9463666263346924
0.0,7,bench_7_front,0.9267810472437081,-8.62220724139025,0.7407869375095599,0.588620444108012,0.9461708693500904
0.0,8,bench_8_front,-0.7232164834883875,-8.624908632243857,0.8382934822233752,0.4383264567492414,0.9459735963675396
0.0,9,bench_9_front,-2.34373739418327,-8.31442693173932,0.9058018320240862,0.2720503558789513,0.9457739449953434
0.0,10,bench_10_front,-3.8756610286546307,-7.701477699852048,0.9407172909389125,0.09570992555259865,0.9455735885274771
0.0,11,bench_11_front,-5.262755396985476,-6.807908498808706,0.9416002569337645,-0.08435957828549512,0.9453716635832903
0.0,12,bench_12_front,-6.453782260024285,-5.666004861760933,0.908236543839485,-0.26162801254272106,0.9451681525064982
0.0,13,bench_13_front,-7.404439881580072,-4.317393687494327,0.841660319769684,-0.4296080143884954,0.9449630362620711
0.0,14,bench_14_front,-8.079058426913901,-2.8116068317040925,0.7441330780968214,-0.5820914209470159,0.9447562967548647
0.0,15,bench_15_front,-8.452020444370374,-1.204311788460161,0.6190766599664734,-0.7133826839771256,0.9445479155202514
0.0,16,bench_16_front,-8.508815532170848,0.44471412917972813,0.47096135217267526,-0.818516598801421,0.9443378726672784
0.0,17,bench_17_front,-8.246692732160492,2.0737567046405125,0.30515633577031903,-0.8934505014146428,0.9441261503310054
0.0,18,bench_18_front,-7.674881927192171,3.621503690828224,0.12773842401041557,-0.9352294546549377,0.9439127278635652
0.0,19,bench_19_front,-6.814360370895007,5.02934242368813,-0.054723901499635644,-0.9421095613636705,0.9436975845090362
0.0,20,bench_20_front,-5.697189595295378,6.243597792645612,-0.23540846627935616,-0.9136403494929816,0.9434807015607984
0.0,21,bench_21_front,-4.365386844718031,7.2176567265557425,-0.40749716402183694,-0.8506993419083017,0.9432620574416515
0.0,22,bench_22_front,-2.8694277436138482,7.913800646411704,-0.5644316279308921,-0.7554773545695033,0.9430424676948818
0.0,23,bench_23_front,-1.2664132659073393,8.304741910863125,-0.7001646144116028,-0.6314107324167273,0.9428202375241934
0.0,24,bench_24_front,0.38209701243966404,8.374797019790313,-0.8094008897361509,-0.4830711774708032,0.942596182258713
0.0,25,bench_25_front,2.0123952989305574,8.120601538237711,-0.8878081108893152,-0.3160039611435737,0.9423702803141045
0.0,26,bench_26_front,3.5610966076266637,7.551368978746801,-0.9321985399725017,-0.13652824235095498,0.9421433430674468
0.0,27,bench_27_front,4.9675973868462515,6.688664667154463,-0.9406652010080343,0.04849668309763659,0.941914512394282
0.0,28,bench_28_front,6.176490441358995,5.565689486622482,-0.9126760588062908,0.23192827792336407,0.9416837656127884
0.0,29,bench_29_front,7.139803685563991,4.2260867459365485,-0.8491130337696553,0.4066167592495482,0.9414510783997823
0.0,30,bench_30_front,7.8189603837260515,2.7223399152453673,-0.752257715765386,0.5656825013380343,0.9412164274217761
0.0,31,bench_31_front,8.186418348505997,1.1137771140704407,-0.6257215533563476,0.7027912212683912,0.9409797888512789
0.0,32,bench_32_front,8.226883036624166,-0.5357298791094008,-0.4743213547911327,0.8124119272534409,0.9407411371650257
0.0,33,bench_33_front,7.938045848767753,-2.1602553794510095,-0.3039071430989294,0.8900458082370232,0.9405004478397918
0.0,34,bench_34_front,7.330819876333938,-3.6944577202333835,-0.12114361996201958,0.9324209124172425,0.9402576958315763
0.0,35,bench_35_front,6.429034873089486,-5.076229766488561,0.06674533069754958,0.9376402439954127,0.9400128543428022
0.0,36,bench_36_front,5.268617280722645,-6.249234206437877,0.25225621874432347,0.9052771632872869,0.9397658975854897
0.0,37,bench_37_front,3.8962561516776497,-7.165270469647351,0.4279052556672516,0.8364143161091387,0.939516799221799
0.0,38,bench_38_front,2.3676018463680872,-7.786336013830982,0.586532115110925,0.7336210301337722,0.9392655310991842
0.0,39,bench_39_front,0.7450938157281443,-8.086288047882348,0.7215935288033413,0.600871400084334,0.9390120660833737
0.0,40,bench_40_front,-0.9045485522118554,-8.052059474491646,0.8274405050945811,0.44340246376310766,0.9387563764589668
0.0,41,bench_41_front,-2.513051617413352,-7.684340540808679,0.8995631683308314,0.267517128860275,0.9384984326311092
0.0,42,bench_42_front,-4.013392824044087,-6.9977026358763865,0.9347919805600065,0.08034229482148411,0.9382382060311133
0.0,43,bench_43_front,-5.342633014332907,-6.020139521310661,0.9314502706597839,-0.11045490340516126,0.9379764881906306
0.0,44,bench_44_front,-6.44458773347171,-4.7920493883523,0.8894431987820749,-0.2969770865769964,0.9377124259662183
0.0,45,bench_45_front,-7.2722831656534765,-3.364667185548691,0.8102880140149171,-0.47142159153273894,0.9374459891745759
0.0,46,bench_46_front,-7.790051098277427,-1.798006727358629,0.6970732774926265,-0.6264102873403473,0.9371771456240964
0.0,47,bench_47_front,-7.975165281549442,-0.15842208170011038,0.5543534941696115,-0.75530444310986,0.9369058641504777
0.0,48,bench_48_front,-7.818966977304571,1.4841654799125337,0.38797849178690863,-0.8524977447683539,0.9366321129047273
0.0,49,bench_49_front,-7.327392868867321,3.0592377839704494,0.20486367953014756,-0.913670162337843,0.9363558579605786
0.0,50,bench_50_front,-6.520887940345837,4.498696572088409,0.01271328162020886,-0.9359907300635127,0.936077066429032
0.0,51,bench_51_front,-5.433681226093027,5.739859236784876,-0.1802995517314013,-0.9182623099614791,0.9357957032655877
0.0,52,bench_52_front,-4.112463859474863,6.728234524686738,-0.3658751162342731,-0.8609980282243738,0.9355117344457536
0.0,53,bench_53_front,-2.6144876856629082,7.420011747220125,-0.5359452883809299,-0.7664259146370742,0.9352251251784213
0.0,54,bench_54_front,-1.005162995294233,7.784111135961731,-0.6830282581095247,-0.6384179043873809,0.9349358384501615
0.0,55,bench_55_front,0.6447170163176571,7.803697543109184,-0.8005622347425037,-0.48234760572079105,0.9346438382830602
0.0,56,bench_56_front,2.2620702233466248,7.477098849982888,-0.8832090816752795,-0.30487691499061126,0.9343490863953808
0.0,57,bench_57_front,3.7747374089892034,6.818059667557808,-0.9271073805564332,-0.11368462786565284,0.9340515455236734
0.0,58,bench_58_front,5.1147418676017615,5.855305611870731,-0.9300683936871985,0.0828586348924607,0.9337519854394569
0.0,59,bench_59_front,6.221381321395157,4.631436952696246,-0.8916970850811967,0.2760514129406732,0.9334495562850973
0.0,60,bench_60_front,7.044070706732231,3.201166261570534,-0.8134409869396884,0.4572438007196661,0.9331442185053606
0.0,61,bench_61_front,7.544763592133175,1.6289692509062395,-0.6985533664992473,0.618228167129479,0.9328359300968776
0.0,62,bench_62_front,7.699831744138604,-0.013724352958218953,-0.5519764636879858,0.7516144001719536,0.93252465008242
0.0,63,bench_63_front,7.501329849367211,-1.6517395148479241,-0.3801436344900394,0.8511797258748462,0.9322103349478996
0.0,64,bench_64_front,6.957551880546057,-3.209557306840791,-0.19071226938344568,0.9121695489346168,0.9318929421864757
0.0,65,bench_65_front,6.092844367385269,-4.61482653153827,0.007768430015953509,0.9315400354402875,0.9315724266706292
0.0,66,bench_66_front,4.946677213360471,-5.801753926135357,0.20623382099250137,0.9081254510119552,0.9312487442659099
0.0,67,bench_67_front,3.571975541388452,-6.714278753167262,0.39551607645736586,0.8427241612031964,0.930922649102416
0.0,68,bench_68_front,2.0328115896242718,-7.30881709570331,0.5667670447368225,0.7380914528984654,0.9305932923901177
0.0,69,bench_69_front,0.4015019475996316,-7.556487609243262,0.7118770090548829,0.5988455186926546,0.9302606254589089
0.0,70,bench_70_front,-1.244706342306658,-7.444661904710479,0.8238660722151877,0.43128234124509535,0.9299246006086364
0.0,71,bench_71_front,-2.827270691175431,-6.9777789591311725,0.8972333961293101,0.24310660067515802,0.9295851689982829
0.0,72,bench_72_front,-4.270112527139172,-6.177343188916821,0.9282427090562433,0.04308927952072894,0.9292422789163701
0.0,73,bench_73_front,-5.503305533741268,-5.081104754710886,0.9151291009313478,-0.15933072697757122,0.9288958778736282
0.0,74,bench_74_front,-6.466539382337141,-3.741447636770559,0.8582175632963868,-0.35448572471920714,0.9285459143090821
0.0,75,bench_75_front,-7.11219583644301,-2.223014509830653,0.7599439907943679,-0.5329424085211893,0.9281931264261961
0.0,76,bench_76_front,-7.407835320211875,-0.5997144421550543,0.6247713377258797,-0.6859603877250583,0.9278366655676513
0.0,77,bench_77_front,-7.338000386446064,1.048803236828149,0.45900958624397425,-0.8059288726924159,0.9274756859902759
0.0,78,bench_78_front,-6.905196436652016,2.6410323741145922,0.27054035497757145,-0.8867604182272661,0.9271117101007765
0.0,79,bench_79_front,-6.130011522415496,4.0975966792338445,0.06845572729757636,-0.9242113349372698,0.9267431026052314
0.0,80,bench_80_front,-5.050318314754839,5.345294360738657,-0.13736803324125182,-0.9161290848654591,0.9263705936033338
0.0,81,bench_81_front,-3.719600741303687,6.320838602166783,-0.3367477760912006,-0.8625934758534509,0.9259949078085189
0.0,82,bench_82_front,-2.2044692211181123,6.974187150380465,-0.519695277427126,-0.7659505921454987,0.9256151959578546
0.0,83,bench_83_front,-0.5814373483707258,7.271274899480853,-0.6769219873546373,-0.6307374692871447,0.9252313938290808
0.0,84,bench_84_front,1.0668459440616882,7.195962808832827,-0.8003194051699485,-0.4634929115069433,0.9248442189410946
0.0,85,bench_85_front,2.6557504907848877,6.751115474382223,-0.8833902873802506,-0.27246030793808423,0.9244528215325418
0.0,86,bench_86_front,4.103021738062221,5.958717213946105,-0.9216096313680987,-0.06719995715492048,0.9240563548139615
0.0,87,bench_87_front,5.333093359905464,4.858985241665859,-0.9126941074828109,0.14187673347348378,0.9236555317513941
0.0,88,bench_88_front,6.281115550497963,3.5085224865688227,-0.856759263933441,0.34402918805186733,0.923251059337274
0.0,89,bench_89_front,6.896508440554977,1.9775821545083536,-0.7563559636113489,0.5287373384929197,0.922842086603677
0.0,90,bench_90_front,7.1458441379942945,0.34653276014600926,-0.6163843838147909,0.6862541084051544,0.9224285391908107
0.0,91,bench_91_front,7.014855782541944,-1.2982607766982526,-0.4438803495236,0.8081295099438549,0.922010341338582
0.0,92,bench_92_front,6.509475528531345,-2.8689574916656237,-0.24768583477264308,0.8876796134747454,0.921587417951056
0.0,93,bench_93_front,5.6558018431052295,-4.280957417033923,-0.038013254434171986,0.9203757866866464,0.9211604617175774
0.0,94,bench_94_front,4.498983107582264,-5.457503190035157,0.17407348965060354,0.9041228854011388,0.9207278488811009
0.0,95,bench_95_front,3.1010285533431334,-6.333980381035326,0.37723331536412824,0.8394219477789303,0.9202902697701335
0.0,96,bench_96_front,1.537666694184208,-6.8616148195945765,0.560455447320539,0.7293906944537745,0.9198484079385172
0.0,97,bench_97_front,-0.10560900359754397,-7.010385976249273,0.7136613810791064,0.5796433244148279,0.9194014087341887
0.0,98,bench_98_front,-1.7381431781693475,-6.770967966157214,0.8282730858811741,0.39803429158435427,0.9189491836179962
0.0,99,bench_99_front,-3.269076343076469,-6.155547780572806,0.897711407994764,0.19427075138223165,0.9184916422518816
0.0,100,bench_100_front,-4.612420186234614,-5.197469095336294,0.9177978693369561,-0.02058532077736741,0.9180286947535808
0.0,101,bench_101_front,-5.691988789694343,-3.949663398540242,0.8870342116892301,-0.23470644026936008,0.917560246420391
0.0,102,bench_102_front,-6.445849852905263,-2.4819478082113373,0.8067390169606264,-0.43614292561202517,0.9170869604612283
0.0,103,bench_103_front,-6.830069386474522,-0.877302963858111,0.6810268085526057,-0.6134921894940684,0.9166079753840097
0.0,104,bench_104_front,-6.821505746100842,0.7726752521766602,0.516635178194792,-0.756551251908943,0.9161231926511595
0.0,105,bench_105_front,-6.419466445439286,2.37294613915189,0.3225923613770655,-0.8569230181131475,0.9156325084830578
0.0,106,bench_106_front,-5.646088607289719,3.8304773504079614,0.10974876584989471,-0.908531866204504,0.9151365709633802
0.0,107,bench_107_front,-4.54540681502432,5.059703261546932,-0.10981132833783906,-0.9080185967777605,0.9146345171299702
0.0,108,bench_108_front,-3.1810971599530182,5.987686017885517,-0.32344331688119504,-0.8549919269888573,0.9141262355119388
0.0,109,bench_109_front,-1.6330223583651047,6.5586156440742265,-0.5186664814229699,-0.7521112011668005,0.9136116121592651
0.0,110,bench_110_front,0.007264365488604592,6.7374017020062125,-0.6838983303325193,-0.6049937112798458,0.9130905305169741
0.0,111,bench_111_front,1.6418079752415466,6.512106461090035,-0.8091554032136372,-0.4219461250456223,0.9125628739932607
0.0,112,bench_112_front,3.1720795324967748,5.895031741202873,-0.8866814793118893,-0.21352594534858124,0.912029262190488
0.0,113,bench_113_front,4.5049083706624735,4.922368108899017,-0.9114533638326241,0.00804010185807753,0.9114888247695054
0.0,114,bench_114_front,5.558285846281053,3.652366405500386,-0.8815432610038652,0.22955560006535816,0.9109414331024226
0.0,115,bench_115_front,6.266573483931472,2.1621262081066357,-0.7983006763397733,0.4376304879938885,0.9103869583129519
0.0,116,bench_116_front,6.5848437715944845,0.5431122495498295,-0.666340194788509,0.619495033158765,0.9098260005622875
0.0,117,bench_117_front,6.492004692974053,-1.1042710887841845,-0.4933279925785442,0.7637912185196047,0.9092576828101255
0.0,118,bench_118_front,5.992525303581883,-2.676859183784138,-0.28957553579676143,0.8613064097967769,0.9086818598877139
0.0,119,bench_119_front,5.116583896299826,-4.075155726449457,-0.06746025412650676,0.9055892000953548,0.9080983896121375
0.0,120,bench_120_front,3.9185802316747,-5.209744648132088,0.1593049933349326,0.8934161541110777,0.9075078541412586
0.0,121,bench_121_front,2.474066513555949,-6.00716949581979,0.3765057604819012,0.8250624271493301,0.9069093650247517
0.0,122,bench_122_front,0.8752432900457398,-6.4149368166674225,0.5703122530647328,0.7043639938692785,0.9063027650047487
0.0,123,bench_123_front,-0.7747248190142175,-6.4052819780779116,0.728169617106446,0.538553222501176,0.9056878958798938
0.0,124,bench_124_front,-2.368282442898843,-5.97741069494441,0.839634903528825,0.3378685214397255,0.9050645883050146
0.0,125,bench_125_front,-3.8004500406370103,-5.15801690614568,0.8970969944549653,0.11496411932787334,0.9044333951115281
0.0,126,bench_126_front,-4.97582610049895,-4.000008440231163,0.8963363846329635,-0.11586038758854098,0.9037934187794568
0.0,127,bench_127_front,-5.815138379739003,-2.5794236114052396,0.8368804939736278,-0.3395599853538682,0.9031444761759121
0.0,128,bench_128_front,-6.260830309707515,-0.9907609060201079,0.7221211985612797,-0.541315668321502,0.9024863867017239
0.0,129,bench_129_front,-6.281362099645389,0.6591128590396533,0.5591790043713737,-0.7075291953869709,0.9018196722486681
0.0,130,bench_130_front,-5.873820351202982,2.2579870072687616,0.3585131781957025,-0.8267573828764843,0.9011434231468136
0.0,131,bench_131_front,-5.064639413852194,3.695946839660507,0.1332950132354908,-0.8905369350032281,0.900457435506195
0.0,132,bench_132_front,-3.9083137648144284,4.872986458522262,-0.10141915965888045,-0.8940280723172718,0.8997622130525657
0.0,133,bench_133_front,-2.4841291960238827,5.706165854362668,-0.32967469933806,-0.8364315784662855,0.8990568351551764
0.0,134,bench_134_front,-0.8910366521704667,6.135762933371569,-0.535697119145171,-0.7211416593718988,0.8983410801817378
0.0,135,bench_135_front,0.7589532515690043,6.129912154919559,-0.7049878613895391,-0.555612788557101,0.8976154274046284
0.0,136,bench_136_front,2.3485103351441348,5.687409415891041,-0.8253706555666573,-0.3509346287924514,0.8968789398554464
0.0,137,bench_137_front,3.763306559382148,4.8383817229964015,-0.8879052790270109,-0.1211431672329553,0.8961313807089146
0.0,138,bench_138_front,4.9003440169235155,3.6427082708511627,-0.8876022856622214,0.11770347164304988,0.8953725061389958
0.0,139,bench_139_front,5.675685116122742,2.186222074462898,-0.8238784386893391,0.34862359019075606,0.8946027550676754
0.0,140,bench_140_front,6.030977433128269,0.5749324858370083,-0.7007074740994206,0.5549101989593713,0.8938211751619668
0.0,141,bench_141_front,5.938293149438472,-1.0724602655592208,-0.5264473901619083,0.7213537644776711,0.8930274957325737
0.0,142,bench_142_front,5.4028036161692965,-2.6331469846667703,-0.3133420536361695,0.8353903796503147,0.892222129847287
0.0,143,bench_143_front,4.463050570078567,-3.989382757962927,-0.07671398989513181,0.8880976591925848,0.8914047837593081
0.0,144,bench_144_front,3.1887081017541377,-5.037496878917166,0.1660909905113143,0.8749495358458177,0.890574481672275
0.0,145,bench_145_front,1.6758653031243946,-5.696133865875704,0.3969540120677917,0.7962716996386656,0.8897309185041092
0.0,146,bench_146_front,0.04017649396153585,-5.9129582711263815,0.5983281220024825,0.6573431857280247,0.8888737848547936
0.0,147,bench_147_front,-1.5917390438925763,-5.669327318146215,0.7545917379953262,0.46812541441125105,0.8880034316760902
0.0,148,bench_148_front,-3.0919740318011137,-4.982450195254058,0.8532970542371133,0.24262148365359062,0.8871195224432865
0.0,149,bench_149_front,-4.341425960289937,-3.904783545888493,0.8862185523030384,-0.002099813163166919,0.8862210399564058
0.0,150,bench_150_front,-5.239480110623887,-2.520586069312004,0.8501098164323182,-0.24715193266499186,0.885308295349496
0.0,151,bench_151_front,-5.712477504223168,-0.9398355564196176,0.747091845209076,-0.47326758733289687,0.8843802544142442
0.0,152,bench_152_front,-5.720275697194878,0.7101487977899287,0.5846343634016807,-0.6623171043971878,0.8834371996057014
0.0,153,bench_153_front,-5.260253480740877,2.294725633730573,0.3751034338775871,-0.7987896918126884,0.88247807783138
0.0,154,bench_154_front,-4.368348034769832,3.682896386274271,0.1349017506226534,-0.8711195696043402,0.8815031405892481
0.0,155,bench_155_front,-3.1169195651115653,4.758271988351568,-0.11675497207134185,-0.8727361860298759,0.8805113139019589
0.0,156,bench_156_front,-1.6094762563931637,5.429186528791344,-0.3593354976769027,-0.8027472847829671,0.8795028158665176
0.0,157,bench_157_front,0.027383577718955304,5.637008261043198,-0.5726567010285661,-0.6661721629573719,0.878476549449229
0.0,158,bench_158_front,1.6542889257663613,5.361908487756075,-0.7385809257750975,-0.47369436697863276,0.8774326966930784
0.0,159,bench_159_front,3.1308198908566336,4.625452821568432,-0.8426040048091117,-0.2409213467737426,0.8763701297121139
0.0,160,bench_160_front,4.327705585732844,3.4896869251417715,-0.8751954833788252,0.012794375254905833,0.8752889980828383
0.0,161,bench_161_front,5.138463531686613,2.0526170463492406,-0.8327635741223549,0.265913036921007,0.8741881454181313
0.0,162,bench_162_front,5.489372372967972,0.44036189359965855,-0.7181436145883684,0.4965046941434096,0.8730676734826962
0.0,163,bench_163_front,5.346853916417862,-1.2034756218971874,-0.5405409130838454,0.6841580638808702,0.8719270239479553
0.0,164,bench_164_front,4.721477506701179,-2.730368777864888,-0.3149112386315456,0.8118267032079773,0.870764999444734
0.0,165,bench_165_front,3.668060785856493,-4.000330804038094,-0.06080387949823329,0.8674532277078495,0.869581631603843
0.0,166,bench_166_front,2.2816856628377593,-4.895024812664789,0.19925993071929032,0.8452058125270454,0.8683762925827486
0.0,167,bench_167_front,0.6898605045071984,-5.32930390882803,0.44173594686592005,0.7462000668834939,0.8671477305341125
0.0,168,bench_168_front,-0.9586863015920023,-5.260069160557253,0.6441878075024932,0.578617123711956,0.8658958985857169
0.0,169,bench_169_front,-2.5075977092043042,-4.691414375693934,0.7874011303226769,0.35716576356817725,0.8646201031081039
0.0,170,bench_170_front,-3.807702444919867,-3.675433840367888,0.8572825345167387,0.1019136246042566,0.8633190203322412
0.0,171,bench_171_front,-4.731670079663746,-2.3083963688255844,0.8463575614990825,-0.16343498656204636,0.8619931071297551
0.0,172,bench_172_front,-5.187040545864304,-0.7224806499510885,0.7546957687496036,-0.4136860881644394,0.8606403911677348
0.0,173,bench_173_front,-5.1263152553371425,0.9264012394327122,0.590154231317701,-0.6245373232552843,0.859260661779103
0.0,174,bench_174_front,-4.552889753987113,2.47355391171466,0.36786719439315363,-0.7749746030867881,0.8578530807429762
0.0,175,bench_175_front,-3.522081670393503,3.761934199600283,0.10899868479916672,-0.8494521650562031,0.8564167758787885
0.0,176,bench_176_front,-2.1368718425281963,4.658423254696395,-0.1611625513574267,-0.8396234614424054,0.8549508318988652
0.0,177,bench_177_front,-0.5385751970402507,5.068231652499139,-0.41560375808191347,-0.7454245546757524,0.8534543048373202
0.0,178,bench_178_front,1.1068840817073,4.945880634140642,-0.6282783743994704,-0.5753647018552013,0.8519262033057592
0.0,179,bench_179_front,2.6258078077971985,4.301388068082463,-0.7768142165048999,-0.34594965303831227,0.8503655034168838
0.0,180,bench_180_front,3.855093640179875,3.2007690305104894,-0.8449694154454077,-0.08024410626123638,0.8487711291201053
0.0,181,bench_181_front,4.660164424111332,1.7605073302247605,-0.8245543773589652,0.19431827516554362,0.8471419676094101
0.0,182,bench_182_front,4.950533849788569,0.13626124221990632,-0.7165901771100959,0.44869769294659506,0.8454768486400296
0.0,183,bench_183_front,4.6911066810184625,-1.4932142467757556,-0.5315297168263271,0.655310349608329,0.8437745517454682
0.0,184,bench_184_front,3.9077560053177587,-2.945405822002385,-0.2884656648600929,0.7910811597829644,0.8420343467856495
0.0,185,bench_185_front,2.6862229568456373,-4.05462250584779,-0.013344742125728759,0.8401483742367073,0.8402543501077424
0.0,186,bench_186_front,1.1640979081751606,-4.691524420243815,0.2636622981753457,0.795897776243098,0.8384337050165703
0.0,187,bench_187_front,-0.48357003267841553,-4.779271482305452,0.5114046867296408,0.662053852995145,0.8365704141760926
0.0,188,bench_188_front,-2.063700710954269,-4.3042012376349135,0.7012640172168941,0.4526489031938355,0.8346629567710302
0.0,189,bench_189_front,-3.3876197434166833,-3.319451278040567,0.8105566078423756,0.19079926617315773,0.8327102584267556
0.0,190,bench_190_front,-4.293973082453192,-1.9406740305626733,0.8254145421272787,-0.09364894987617518,0.8307101131971943
0.0,191,bench_191_front,-4.669323839597693,-0.3339351657574546,0.7427720125994963,-0.36738162293705023,0.8286612815698386
0.0,192,bench_192_front,-4.4637860468112,1.3032148983080039,0.5711605853165987,-0.5974781734893285,0.8265619045270256
0.0,193,bench_193_front,-3.699397245406386,2.7654750810878994,0.3301380285763539,-0.7554204049337954,0.8244095499826654
0.0,194,bench_194_front,-2.469737285314807,3.8656703017262655,0.04833074866557028,-0.8207809594438654,0.8222026785727268
0.0,195,bench_195_front,-0.9303019255937954,4.459500271523407,-0.2397646301517597,-0.7841001981585791,0.8199391432442612
0.0,196,bench_196_front,0.7196848989573338,4.465896443578522,-0.4978942563317812,-0.6485355495691871,0.8176166886403341
0.0,197,bench_197_front,2.262156367042209,3.87999695906719,-0.6926154409656873,-0.4299867482319731,0.8152329438382625
0.0,198,bench_198_front,3.488868699370569,2.7765176901504276,-0.7977576492739299,-0.15557269421856174,0.8127854145846175
0.0,199,bench_199_front,4.230183379218734,1.3024233680705273,-0.7981799511686367,0.13945826600196945,0.8102714621679844
0.0,200,bench_200_front,4.379967659016748,-0.34076320871231774,-0.6922721237945489,0.4160774644435369,0.8076887703817467
0.0,201,bench_201_front,3.912889461318819,-1.923274456587606,-0.49276629097148383,0.6366011617837614,0.8050339475464546
0.0,202,bench_202_front,2.8910875223225623,-3.2188085291473256,-0.22562878738530734,0.7699241705546453,0.8023039187871531
0.0,203,bench_203_front,1.4585105200897266,-4.037482047385025,0.07296703043188917,0.7961595832683195,0.7994962598787017
0.0,204,bench_204_front,-0.17706914336569468,-4.255176965183922,0.36129730883672934,0.7099627221892106,0.7966070626544666
0.0,205,bench_205_front,-1.7726033778957209,-3.834723338186692,0.5978266579795182,0.5219726405677896,0.7936322514189244
0.0,206,bench_206_front,-3.0852919547740245,-2.8350505227838267,0.7472810413149501,0.2580104635540846,0.7905683740272879
0.0,207,bench_207_front,-3.9101108501191257,-1.4060057820973824,0.7861790968601003,-0.044034013509638446,0.7874113071867397
0.0,208,bench_208_front,-4.11357778303803,0.2314000620974398,0.7069355151065382,-0.33932946254231633,0.7841570676007478
0.0,209,bench_209_front,-3.6581070413066596,1.817288352648243,0.5197960103590604,-0.5826334330816847,0.7808006209844779
0.0,210,bench_210_front,-2.6122425809182404,3.0934856375513426,0.25212342204470023,-0.7353143622225626,0.7773373985820469
0.0,211,bench_211_front,-1.1439783625384685,3.846286945893925,-0.05507771548009373,-0.7717993966622938,0.7737621491329146
0.0,212,bench_212_front,0.5031034083736483,3.944439713740936,-0.35307479226106214,-0.6843576567755436,0.770069614591762
0.0,213,bench_213_front,2.0481624917242875,3.3653852178041723,-0.5929971774782306,-0.48528210015170925,0.7662534627816057
0.0,214,bench_214_front,3.2204331091441816,2.2042295944860824,-0.7339780611203764,-0.20588511886135094,0.7623073372168077
0.0,215,bench_215_front,3.8078990449452945,0.6623527663623319,-0.7505204615887974,0.10781378330177904,0.7582247523876442
0.0,216,bench_216_front,3.6985746074439545,-0.984021295903302,-0.6377310130439523,0.4022595751682174,0.7539984156565452
0.0,217,bench_217_front,2.9061302820374295,-2.431267198164909,-0.4133042684822564,0.625388299782166,0.7496205332367046
0.0,218,bench_218_front,1.5735864902645609,-3.404311030378252,-0.11559230832888315,0.7360619063559641,0.7450830233827473
0.0,219,bench_219_front,-0.04764998180081454,-3.711070214070119,0.2022621711366826,0.7122136763265858,0.7403771380989256
0.0,220,bench_220_front,-1.6415744196152322,-3.284554707818023,0.48140796422904647,0.5560545086818307,0.7354931982340469
0.0,221,bench_221_front,-2.887661937104034,-2.2029922775757216,0.6681746679602613,0.29505445816561615,0.7304207829650048
0.0,222,bench_222_front,-3.5264369031445852,-0.6816556420186198,0.7248173103550808,-0.02192005705714519,0.7251486897814557
0.0,223,tail_rear,-3.417351824834403,0.9647308392225971,0.6379653956949077,-0.3330429730475004,0.7196648303206696
10.0,0,head_front,3.7971477985657387,8.04812321772098,-0.7216977680550578,0.35071279676261863,0.8024008563235148
10.0,1,bench_1_front,6.137645724161784,6.404456257895018,-0.5720321366504361,0.5610250527977261,0.80123022610705
10.0,2,bench_2_front,7.205138543826152,5.146305806084694,-0.45771822599690076,0.6567857224051061,0.8005457260924869
10.0,3,bench_3_front,8.020647381802814,3.711930584788487,-0.3274900693828409,0.7297401994651862,0.799856552301641
10.0,4,bench_4_front,8.555308419475466,2.1509620452111315,-0.18582877599361428,0.7772570066504071,0.799162554412077
10.0,5,bench_5_front,8.789916183376185,0.5177231887010356,-0.03764982000797177,0.7975755412905006,0.7984636829633941
10.0,6,bench_6_front,8.715682634142382,-1.1306031487577295,0.1118658492589922,0.7898777528654983,0.7977598841144401
10.0,7,bench_7_front,8.334650422339307,-2.7360028003101307,0.2574499221943557,0.7543275186733632,0.7970511074365263
10.0,8,bench_8_front,7.659718338745364,-4.241644064751442,0.39393327429664543,0.692076349239245,0.7963373015088502
10.0,9,bench_9_front,6.714280926057593,-5.593923372949806,0.5164308996682033,0.6052336627375674,0.7956184139666712
10.0,10,bench_10_front,5.531511880734493,-6.7443784443260615,0.6205199650455218,0.49680183265552424,0.7948943879220579
10.0,11,bench_11_front,4.1532471723521684,-7.651504281663657,0.7024021939266476,0.37057991738529583,0.7941651699755288
10.0,12,bench_12_front,2.6285831783705653,-8.282284987188143,0.7590485698467295,0.23103582695186034,0.7934307056836756
10.0,13,bench_13_front,1.012163316116768,-8.613473831379281,0.7883177774859472,0.08315244359671752,0.7926911423603071
10.0,14,bench_14_front,-0.637727645945687,-8.632521041174252,0.7890431990158945,-0.06774687431879194,0.7919462159093903
10.0,15,bench_15_front,-2.261253844705641,-8.338138628231416,0.7610873536086225,-0.21618728962284556,0.7911958695654626
10.0,16,bench_16_front,-3.7992020104440956,-7.740451858834482,0.7053585592675372,-0.3567418708691293,0.7904400417256089
10.0,17,bench_17_front,-5.195129374457301,-6.860748309505916,0.6237907005300034,-0.4842288473632278,0.7896786781257504
10.0,18,bench_18_front,-6.397497687088015,-5.730790855721153,0.5192828139419128,-0.5939082867251073,0.7889117148934877
10.0,19,bench_19_front,-7.361599385891363,-4.391753189948576,0.3956037611480327,-0.6816603891827161,0.7881390879884094
10.0,20,bench_20_front,-8.05127425808894,-2.8928057022842038,0.25726435032970857,-0.7441451405422697,0.7873607407937236
10.0,21,bench_21_front,-8.4403584849364,-1.2893366925272742,0.10935537036326719,-0.7789378417726163,0.7865766068048735
10.0,22,bench_22_front,-8.513744022922769,0.35902710071667193,-0.042633935923229505,-0.7846293827650015,0.7857868163761043
10.0,23,bench_23_front,-8.268059410023367,1.9906345866958517,-0.1930173710484196,-0.7608909456591244,0.7849909150509196
10.0,24,bench_24_front,-7.711911884921844,3.54408524508228,-0.3361242756909719,-0.7085004647996371,0.7841890316308194
10.0,25,bench_25_front,-6.865685809962596,4.960561926801974,-0.4665135684016068,-0.6293258608454101,0.7833811005070375
10.0,26,bench_26_front,-5.760888792098354,6.186086555237251,-0.5791840896760782,-0.5262673092927296,0.782567243477592
10.0,27,bench_27_front,-4.439054623234092,7.173631498130829,-0.6697699453132857,-0.4031586566633045,0.781747198324063
10.0,28,bench_28_front,-2.9502701467039136,7.884972265856122,-0.734715534720168,-0.26463282000228483,0.7809208963662735
10.0,29,bench_29_front,-1.3513266521325624,8.29225433843203,-0.7714225840902875,-0.11595212592211782,0.7800882634358727
10.0,30,bench_30_front,0.2963832260721913,8.37916492862571,-0.7783614775126619,0.03718563401082098,0.7792492290997027
10.0,31,bench_31_front,1.9292028149425204,8.141689326754353,-0.7551442792302678,0.18886363106316278,0.7784037214662859
10.0,32,bench_32_front,3.483669488712839,7.588389393425008,-0.7025538471568784,0.3331740831799114,0.7775518489835291
10.0,33,bench_33_front,4.898974417778459,6.740202702919222,-0.622526991307785,0.4644488178530903,0.7766933495993487
10.0,34,bench_34_front,6.119383676713742,5.629751403939041,-0.5180935809531306,0.5774845076815847,0.7758281480051367
10.0,35,bench_35_front,7.0964881800649815,4.300172673465565,-0.3932697041905956,0.6677544417294355,0.7749561630721757
10.0,36,bench_36_front,7.79117946816588,2.8035374264349917,-0.2529121622952063,0.7315949231923822,0.774077317506271
10.0,37,bench_37_front,8.175308708350165,1.198872691444037,-0.10253534269156303,0.7663626095309718,0.7731915324083658
10.0,38,bench_38_front,8.232922997477337,-0.4501257124932601,0.051901549245085034,0.7705527539033179,0.7722987228799665
10.0,39,bench_39_front,7.961029103761557,-2.0775740470390085,0.20422613218977173,0.7438735159743881,0.7713988079050241
10.0,40,bench_40_front,7.369856498733955,-3.618034836860569,0.3482996594002435,0.6872734640581148,0.7704917047812821
10.0,41,bench_41_front,6.482580065894962,-5.009169252205929,0.4782660874527309,0.6029187988155309,0.7695774999131055
10.0,42,bench_42_front,5.334526981555976,-6.194279687661545,0.5887928644050332,0.49412033194581745,0.7686559305804702
10.0,43,bench_43_front,3.9718696922649332,-7.124688555362273,0.6752954146583917,0.365213231131444,0.7677269053850586
10.0,44,bench_44_front,2.4498442543490393,-7.761820254122264,0.7341337444418079,0.22139346401494753,0.7667903368174951
10.0,45,bench_45_front,0.8305969744956951,-8.07888310087608,0.7627752431815535,0.0685144628300424,0.76584613547864
10.0,46,bench_46_front,-0.8193183233511624,-8.062109600762103,0.7599134912675665,-0.08714718152534809,0.7648942054024687
10.0,47,bench_47_front,-2.431630339853327,-7.711466512798711,0.7255380648737353,-0.23914507591720394,0.7639344545942208
10.0,48,bench_48_front,-3.9391820594354847,-7.040811967771007,0.6609521868009343,-0.38113059183718445,0.7629667891010063
10.0,49,bench_49_front,-5.278756073565845,-6.07746383940798,0.5687350840199636,-0.5071204047543846,0.7619912733840499
10.0,50,bench_50_front,-6.393755124143748,-4.861210728546718,0.45264921216189646,-0.6117524613633859,0.7610074791057881
10.0,51,bench_51_front,-7.23667674340704,-3.442763862829915,0.317498813917127,-0.6905202846019775,0.7600156316060732
10.0,52,bench_52_front,-7.771215021817594,-1.8817457575569998,0.16893792657851703,-0.7399759824328063,0.7590154659913362
10.0,53,bench_53_front,-7.973940569472208,-0.2442473991506175,0.013241686839948507,-0.7578912114619503,0.758006880365627
10.0,54,bench_54_front,-7.83544557638948,1.3999320920879217,-0.14295553687261683,-0.7433688315941017,0.756989765656127
10.0,55,bench_55_front,-7.36090533110738,2.980221485901273,-0.2929390950113502,-0.6968990467840964,0.75596401686499
10.0,56,bench_56_front,-6.57002059340617,4.428329700076776,-0.4302045994634628,-0.6203570104227947,0.7549296773741417
10.0,57,bench_57_front,-5.496336396575127,5.68121338890128,-0.5487426319005476,-0.5169394055622187,0.7538864802396711
10.0,58,bench_58_front,-4.185942069270224,6.683891960795338,-0.6433078311081191,-0.3910428772592313,0.7528343094069309
10.0,59,bench_59_front,-2.69558952941681,7.391951082102978,-0.7096582680374682,-0.24808842292228447,0.7517730528437457
10.0,60,bench_60_front,-1.090339162664653,7.773604268767195,-0.7447567760290994,-0.09429598196704035,0.7507025960101553
10.0,61,bench_61_front,0.5592299271407022,7.81125092220103,-0.7469215811712872,0.06358080432842525,0.7496228165540756
10.0,62,bench_62_front,2.180067107258746,7.502419648761317,-0.7159191801605104,0.21854581258647907,0.7485335962538902
10.0,63,bench_63_front,3.699893504466817,6.860057743900538,-0.6529950019206341,0.36367092130467327,0.7474349547190837
10.0,64,bench_64_front,5.0504291867116,5.912138182505377,-0.5608372527077012,0.4924073527927576,0.7463266209302019
10.0,65,bench_65_front,6.170528667544804,4.700573822864606,-0.44347570626842303,0.5988864276965897,0.7452084643436756
10.0,66,bench_66_front,7.009015423285485,3.2795005839841944,-0.3061185217528144,0.6781939475803558,0.7440803584927872
10.0,67,bench_67_front,7.52713630596211,1.7129628588647015,-0.1549307457080637,0.7266083797960597,0.7429423083628444
10.0,68,bench_68_front,7.700482036992497,0.07209743328134402,0.0032344119826241526,0.7417869885436711,0.7417940400094637
10.0,69,bench_69_front,7.520272038148461,-1.5680324223167168,0.16114113111256526,0.7228930431782385,0.7406354136899825
10.0,70,bench_70_front,6.993954379845219,-3.131838492259526,0.3114986433510728,0.6706556454356505,0.7394662937310043
10.0,71,bench_71_front,6.14506327011767,-4.546712952379592,0.4473000237622996,0.5873582432165898,0.7382865413457247
10.0,72,bench_72_front,5.012314563423259,-5.746450393709532,0.5621537039602738,0.4767533316997648,0.737096008782493
10.0,73,bench_73_front,3.6479854755722094,-6.674412024486598,0.6505906615369373,0.3439080794605641,0.7358946772448646
10.0,74,bench_74_front,2.1156362506267268,-7.2863048839626305,0.7083356169741857,0.1949838135556554,0.7346822672576948
10.0,75,bench_75_front,0.48724407150066934,-7.552438595042547,0.7325268107217122,0.036959765434661326,0.7334586237049152
10.0,76,bench_76_front,-1.1601219429530785,-7.459318319405638,0.721872212381316,-0.12268619647079762,0.7322235955039738
10.0,77,bench_77_front,-2.747904524006321,-7.010485490096009,0.6767345338330365,-0.2763291266345398,0.7309770280308573
10.0,78,bench_78_front,-4.199792886876302,-6.226571808158069,0.5991370548237217,-0.4165626287676038,0.7297188733674221
10.0,79,bench_79_front,-5.445454249439733,-5.144516670138853,0.49269067553544155,-0.5365572006833258,0.7284488529503609
10.0,80,bench_80_front,-6.423998647167357,-3.8159964879159336,0.36244061673813743,-0.6304033223756583,0.7271667962192647
10.0,81,bench_81_front,-7.087078502215693,-2.3050961563677257,0.21464139768246354,-0.6934118550431563,0.7258725303477689
10.0,82,bench_82_front,-7.401421995389372,-0.685318771074521,0.0564685475806076,-0.7223621162652086,0.7245658865010235
10.0,83,bench_83_front,-7.350657221917098,0.9639002066094068,-0.10432306529554394,-0.7156833315867912,0.7232467995531174
10.0,84,bench_84_front,-6.936348107637796,2.561033693763395,-0.25977590775949255,-0.673556011916791,0.7219149696754603
10.0,85,bench_85_front,-6.178152383017618,4.02651239500138,-0.4021213157946059,-0.5979296675142438,0.7205702185839207
10.0,86,bench_86_front,-5.113074575618766,5.2867176423969005,-0.5241734994308347,-0.49245158794922916,0.7192123636168142
10.0,87,bench_87_front,-3.7938477149226446,6.277752576400697,-0.6197009553765703,-0.36230750769778686,0.7178412110131431
10.0,88,bench_88_front,-2.2864770888364463,6.948814367087496,-0.6837554588452447,-0.21398278443886376,0.7164566696855298
10.0,89,bench_89_front,-0.6670511955585127,7.26495553943755,-0.7129438632057592,-0.05495104429528876,0.7150584377181316
10.0,90,bench_90_front,0.9820002998463857,7.209073844197554,-0.7056255799390165,0.10669394300094277,0.7136463105329991
10.0,91,bench_91_front,2.5760522873059437,6.7830343227402965,-0.6620236253591173,0.26264482639042885,0.7122201803959837
10.0,92,bench_92_front,4.032617180804914,6.00783864308183,-0.5842414446217863,0.4048083155279169,0.7107797393949137
10.0,93,bench_93_front,5.27566929876351,4.922800449832542,-0.4761820796242505,0.5257302138889903,0.7093247709977705
10.0,94,bench_94_front,6.239718004088299,3.5837256639762307,-0.3433721627680595,0.6189946261774308,0.707855062424895
10.0,95,bench_95_front,6.873361706984416,2.0602390967539757,-0.19269470786527113,0.6795791896151091,0.7063703882505343
10.0,96,bench_96_front,7.142221167389598,0.43229212494316777,-0.032046678582677415,0.704141738032777,0.7048706100044188
10.0,97,bench_97_front,7.031004807193519,-1.2139527321009935,0.13006643631757525,0.6912246751276768,0.7033554075726697
10.0,98,bench_98_front,6.544587680642393,-2.790625050313672,0.284976986373867,0.6413624599326526,0.701824542014309
10.0,99,bench_99_front,5.70803773687117,-4.212840266750489,0.4243186296571402,0.5570841721604363,0.7002778551016674
10.0,100,bench_100_front,4.565558507134947,-5.403322303109968,0.5404850031018538,0.44280767652396535,0.698715018420646
10.0,101,bench_101_front,3.1783533271979576,-6.296727801233843,0.6270564392060454,0.3046284875838889,0.6971357783082234
10.0,102,bench_102_front,1.6215403167010018,-6.843377064331589,0.6791700406817405,0.15001295081482477,0.6955399554100454
10.0,103,bench_103_front,-0.01980130094846567,-7.0122248587987945,0.6938129300454816,-0.012592952320426305,0.6939272039244757
10.0,104,bench_104_front,-1.6551539641529212,-6.79283726691277,0.6700188326312274,-0.17421357310142688,0.6922973386726826
10.0,105,bench_105_front,-3.1935428316686316,-6.1962840419795855,0.6089548169306059,-0.3258396256030376,0.6906500059191454
10.0,106,bench_106_front,-4.548600948790772,-5.254841311637078,0.5138899487095541,-0.4589306574515318,0.6889849256214561
10.0,107,bench_107_front,-5.6435200984027105,-4.020482706230674,0.3900455344005761,-0.5659048275949499,0.6873018207462431
10.0,108,bench_108_front,-6.4155303287649685,-2.562233252003055,0.2443296105700493,-0.6405864802593072,0.6856004647696206
10.0,109,bench_109_front,-6.819687172594803,-0.9624963675937783,0.08496867421841689,-0.6785814965412627,0.6838804888623561
10.0,110,bench_110_front,-6.831718937836588,0.6874645892077538,-0.07894179908691573,-0.6775584285200988,0.6821416507600931
10.0,111,bench_111_front,-6.449746056894825,2.292645210633812,-0.23795032158043247,-0.637417809634817,0.6803835826795639
10.0,112,bench_112_front,-5.694735260622118,3.7597722877170603,-0.38279428711752816,-0.5603344153521466,0.6786060147669253
10.0,113,bench_113_front,-4.609625267663768,5.002769127479793,-0.504943939481152,-0.4506677933387294,0.6768085711421991
10.0,114,bench_114_front,-3.257146763757598,5.9479224061539675,-0.5971185813747206,-0.3147413890878049,0.6749909201077299
10.0,115,bench_115_front,-1.7164332794662611,6.53843108804552,-0.6537384562979075,-0.16050118959120177,0.6731527323742822
10.0,116,bench_116_front,-0.07855817629060552,6.738062581137479,-0.6712872910328235,0.002933271762153594,0.6712936996467472
10.0,117,bench_117_front,1.5587247671886113,6.533641096411864,-0.6485571075059007,0.16579509348716653,0.6694134258594151
10.0,118,bench_118_front,3.0967699456142683,5.936204914183631,-0.5867605877393571,0.318251042715182,0.6675115830557073
10.0,119,bench_119_front,4.441981355034758,4.980736274504092,-0.4894984189952497,0.4509970845687533,0.6655877646774798
10.0,120,bench_120_front,5.511630165024026,3.7244168929786894,-0.3625796773122826,0.55583827924665,0.6636416315118844
10.0,121,bench_121_front,6.239124118374961,2.243454775673512,-0.21370028180648637,0.6262132404850734,0.661672753710615
10.0,122,bench_122_front,6.578365820693067,0.628703122025363,-0.05199942598889037,0.6576281462378306,0.6596807705454053
10.0,123,bench_123_front,6.506971352050243,-1.019749753066152,0.11248738841231873,0.6479738946636153,0.6576652497413543
10.0,124,bench_124_front,6.028066592389407,-2.5987254805471554,0.2694450984233615,0.5976993263573727,0.6556257665714733
10.0,125,bench_125_front,5.170519903912643,-4.008375712866947,0.40892435564281976,0.5098274830144593,0.6535619259678108
10.0,126,bench_126_front,3.9875377458306844,-5.158612316116573,0.5219838851474398,0.38980796862486117,0.6514732755509287
10.0,127,bench_127_front,2.5536665599972754,-5.975023464943922,0.6012821632885655,0.2452088249818331,0.6493593825748177
10.0,128,bench_128_front,0.9603816759052811,-6.403917589235128,0.6415786596506416,0.08526586071663864,0.6472197799224488
10.0,129,bench_129_front,-0.6895720559316525,-6.416179094830055,0.6401126024923078,-0.07969021318551617,0.6450540085504689
10.0,130,bench_130_front,-2.2886885692459566,-6.009586821496081,0.5968272334053639,-0.23888966354408092,0.6428615853218366
10.0,131,bench_131_front,-3.7316892814972857,-5.209422510371773,0.5144215553916176,-0.3818280574650376,0.6406420233789344
10.0,132,bench_132_front,-4.922505361403233,-4.067294264650456,0.39822022839242394,-0.4989675286132965,0.6383948189885121
10.0,133,bench_133_front,-5.7808761894044824,-2.658149930300187,0.2558645402819161,-0.5823927431253656,0.6361194622229102
10.0,134,bench_134_front,-6.248007843622177,-1.0756536603474187,0.09683794113120964,-0.6263740108318944,0.633815421308259
10.0,135,bench_135_front,-6.290925362326386,0.5737842693485498,-0.06814395484708194,-0.6277946432466004,0.631482155465479
10.0,136,bench_136_front,-5.905196220522439,2.178063127966527,-0.22784264194426357,-0.5864116230767578,0.6291191152458009
10.0,137,bench_137_front,-5.115746230887961,3.6269500506668484,-0.37126326204217613,-0.5049244907411906,0.6267257383357159
10.0,138,bench_138_front,-3.9756788396986984,4.8197429872816615,-0.4884200825193023,-0.3888420156350945,0.6243014417181216
10.0,139,bench_139_front,-2.563099270770649,5.672457976370459,-0.5710547491496629,-0.24614719892818485,0.6218456159422335
10.0,140,bench_140_front,-0.9760973078659361,6.124034475430721,-0.6132477303294623,-0.08678222839317865,0.6193576785017869
10.0,141,bench_141_front,0.6738192478193886,6.14107737921749,-0.6118826101067389,0.07802263030368954,0.6168369795906709
10.0,142,bench_142_front,2.2693830798076013,5.720756811836377,-0.5669201398868579,0.23652697257294708,0.6142828776417736
10.0,143,bench_143_front,3.6959106711272494,4.8915938339629195,-0.4814578226188851,0.3773178668624927,0.6116947013131465
10.0,144,bench_144_front,4.8496180068672805,3.711998479541011,-0.36156420516762194,0.4901426369537628,0.609071817619632
10.0,145,bench_145_front,5.645405423802312,2.266583130510952,-0.21588931238858597,0.5666825706227188,0.6064134984078019
10.0,146,bench_146_front,6.02345771398636,0.660473586153866,-0.05507587555574569,0.6012015637466106,0.6037190342531878
10.0,147,bench_147_front,5.954178336060686,-0.9880731740337048,0.10899553898219394,0.5910212919300685,0.6009876829292812
10.0,148,bench_148_front,5.44099651057002,-2.556235358718152,0.26407151286008734,0.5367791423931332,0.5982186988155108
10.0,149,bench_149_front,4.520759562740446,-3.9257816775201624,0.39844564678311506,0.4424429372228663,0.5954113587586418
10.0,150,bench_150_front,3.2616180536992947,-4.992105395961922,0.5018593825798696,0.31507178771594263,0.5925648245533714
10.0,151,bench_151_front,1.758440947867592,-5.672511429748586,0.5663169953939582,0.16433364344824747,0.5896782899522555
10.0,152,bench_152_front,0.1260679368219293,-5.913022246181949,0.5867481332427171,0.001805574958113032,0.5867509113454726
10.0,153,bench_153_front,-1.5092191419650058,-5.6931712843963105,0.5614587600068329,-0.15989151530923196,0.5837818392655708
10.0,154,bench_154_front,-3.0193305285432976,-5.028299309769131,0.492329445073097,-0.3080677280994791,0.5807701848255971
10.0,155,bench_155_front,-4.284469285824984,-3.9690898719471908,0.3847351442545259,-0.4309681545406816,0.5777150521258311
10.0,156,bench_156_front,-5.202831233162191,-2.5982863190383276,0.2471816662804466,-0.5187332657333994,0.5746155037271581
10.0,157,bench_157_front,-5.699183432566706,-1.024713368530521,0.09068070256037983,-0.5642301391873014,0.5714705939802726
10.0,158,bench_158_front,-5.731520331984613,0.624964817969747,-0.07209970200930686,-0.5636869998759623,0.5682793334786986
10.0,159,bench_159_front,-5.295220157234483,2.216239353831006,-0.2278425968960179,-0.5170674538482324,0.5650407071967605
10.0,160,bench_160_front,-4.424249248055408,3.61763067769083,-0.3636721594088167,-0.4281469002929321,0.5617536895824697
10.0,161,bench_161_front,-3.1891722095369373,4.71174741555931,-0.46824044438594736,-0.3042707081402876,0.5584172074631489
10.0,162,bench_162_front,-1.6920637729157106,5.405408835033755,-0.5327132899528497,-0.15580445471006726,0.5550301590002928
10.0,163,bench_163_front,-0.05855521442059236,5.638105016911515,-0.5515713923871621,0.004688543794325506,0.5515913191329466
10.0,164,bench_164_front,1.5723651203857232,5.3878982542148846,-0.5231503013125017,0.16348383375352823,0.5480996274967833
10.0,165,bench_165_front,3.06002199087416,4.6742014730404,-0.4498597566988137,0.30686337813663966,0.544553884880593
10.0,166,bench_166_front,4.274284970030663,3.5570333126056655,-0.3380525383582823,0.4223154553201621,0.5409527359139187
10.0,167,bench_167_front,5.107219973166399,2.1326967600069096,-0.19754218038362698,0.4996629248401739,0.5372950320732127
10.0,168,bench_168_front,5.48319177343293,0.5261020765623052,-0.04079512503926735,0.5320176761989094,0.5335794692593195
10.0,169,bench_169_front,5.3664135940224655,-1.119756740012161,0.11813886174096713,0.5164651351782239,0.5298047060078954
10.0,170,bench_170_front,4.76512290024752,-2.656297594325322,0.2648724964860456,0.4544076697971665,0.5259693620024278
10.0,171,bench_171_front,3.7319055353270794,-3.942746234446048,0.38599500784290985,0.35152082857789374,0.5220718714925532
10.0,172,bench_172_front,2.3599171416317333,-4.859341531595483,0.4703337138477789,0.21731309325787068,0.5181107824424699
10.0,173,bench_173_front,0.7752270578398676,-5.318971993120131,0.5100465582741001,0.06430844419153499,0.5140846891336005
10.0,174,bench_174_front,-0.8742178100555766,-5.276192119153221,0.5014266853629973,-0.09307535693911702,0.5099919047038554
10.0,175,bench_175_front,-2.4320948224018357,-4.732587450961749,0.4453400199581227,-0.23986919393581907,0.5058309634410696
10.0,176,bench_176_front,-3.748497356102463,-3.73781135972766,0.347230660304566,-0.36198547063698344,0.5016000522406505
10.0,177,bench_177_front,-4.694612777859385,-2.386013894258385,0.21668096335511727,-0.4476093501058653,0.497297466495353
10.0,178,bench_178_front,-5.175899662287404,-0.8077663844113699,0.0665472391440266,-0.4884086380452285,0.49292142655284044
10.0,179,bench_179_front,-5.142334357251801,0.8418915376993408,-0.08825532440443648,-0.48043111836169067,0.48847012372917664
10.0,180,bench_180_front,-4.594600514274203,2.3983279678981257,-0.23221570686209345,-0.42458851244074197,0.48394166942938877
10.0,181,bench_181_front,-3.5853793494783215,3.7036900818801968,-0.350792596918143,-0.32665849810415326,0.47933414278166736
10.0,182,bench_182_front,-2.215367921312389,4.623238171685857,-0.4319310743429513,-0.19678397745276138,0.47464553802304416
10.0,183,bench_183_front,-0.6241904872448087,5.059889249307535,-0.46736379000140815,-0.048502230554866875,0.4698737900471549
10.0,184,bench_184_front,1.0230993567168298,4.965405775827259,-0.45355362766522556,0.10261350987602691,0.4650165863465125
10.0,185,bench_185_front,2.5527755355883497,4.346861236519283,-0.39216121539225585,0.24057378107316585,0.46007191068111386
10.0,186,bench_186_front,3.800720889928618,3.267453342187165,-0.2899644055009191,0.35068446759186694,0.45503730865467795
10.0,187,bench_187_front,4.630476834617992,1.8412670476459976,-0.15821666218299305,0.4211734429026263,0.44991063690335126
10.0,188,bench_188_front,4.948939461214673,0.22228779430344153,-0.011491268420100531,0.4445407904499176,0.44468928885654574
10.0,189,bench_189_front,4.717946335007073,-1.4114586163089895,0.13388347147994936,0.41847589880578717,0.43937098426823074
10.0,190,bench_190_front,3.960172338819595,-2.877163529324425,0.26163414251286526,0.34621195609452904,0.4339529272527637
10.0,191,bench_191_front,2.7583962863972706,-4.007751395127957,0.3574022601295997,0.2362583532526668,0.4284324742913496
10.0,192,bench_192_front,1.247819806354787,-4.671566836585281,0.4104404855488267,0.10150988866875746,0.42280687042088155
10.0,193,bench_193_front,-0.39801695964284717,-4.788728968250054,0.4149344110368124,-0.0421850535655731,0.41707330795292646
10.0,194,bench_194_front,-1.9864297986591044,-4.342139292712388,0.3707787397764905,-0.17785472258056342,0.4112288611156221
10.0,195,bench_195_front,-3.3279482271113925,-3.381501710062385,0.28368706158776624,-0.2894229540558935,0.40527027431917695
10.0,196,bench_196_front,-4.2592576643604785,-2.01945905211335,0.16459382023162533,-0.36368291860909713,0.39919467800369257
10.0,197,bench_197_front,-4.663998042614664,-0.41987052325254104,0.028391190830565093,-0.39197175688528435,0.39299862329595253
10.0,198,bench_198_front,-4.4887077933687305,1.2207907479648104,-0.107870597210869,-0.3713282012669162,0.3866790643398644
10.0,199,bench_199_front,-3.7516161324676336,2.6970060280902217,-0.2271097756970036,-0.30495501617923026,0.38023205034559865
10.0,200,bench_200_front,-2.5427535789287417,3.820011435723051,-0.31440925583718216,-0.20190191785410327,0.3736543383787424
10.0,201,bench_201_front,-1.014773448396019,4.442737161250007,-0.3589920293478717,-0.0759695387808206,0.3669422951335452
10.0,202,bench_202_front,0.6347996484694889,4.480433176399129,-0.3557036426865534,0.05604754890739168,0.36009222313042216
10.0,203,bench_203_front,2.1881808244086183,3.9241137852981693,-0.30577890485949827,0.17657531938868506,0.3530999604563702
10.0,204,bench_204_front,3.4359039450015985,2.844450256708184,-0.21675521758361707,0.26964118861353764,0.34596126220523965
10.0,205,bench_205_front,4.205663201899461,1.3850030674912042,-0.10150595336153438,0.32310293986219357,0.33867236131019945
10.0,206,bench_206_front,4.387518458375476,-0.2549458872429809,0.02350735725617419,0.33039389360785254,0.3312291061765653
10.0,207,bench_207_front,3.9516801184818773,-1.8463459171937668,0.14054534393694804,0.2915159971074252,0.32362720879414847
10.0,208,bench_208_front,2.955777368027352,-3.1618945633257236,0.23314651958214064,0.2130997073587305,0.31586197123053933
10.0,209,bench_209_front,1.5398530622839448,-4.009045978168603,0.2885609067445383,0.10748309822971494,0.3079285847502448
10.0,210,bench_210_front,-0.09100836047123834,-4.259657984674283,0.299684437510572,-0.009095391916837125,0.2998224278471322
10.0,211,bench_211_front,-1.6947555173394058,-3.871707020729013,0.2661711926426277,-0.11894535380655022,0.2915391928797297
10.0,212,bench_212_front,-3.0276445142369734,-2.8991368540144995,0.19451500794452703,-0.2056562527063035,0.2830734579448564
10.0,213,bench_213_front,-3.8818092830580175,-1.4874357837129206,0.09704571505935533,-0.25668830418321786,0.27442076509593394
10.0,214,bench_214_front,-4.119347502059583,0.14537840587257267,-0.010044105526860126,-0.2653859424601791,0.2655759449033594
10.0,215,bench_215_front,-3.697305570942679,1.7404905993801223,-0.10934980217118992,-0.23206115202555805,0.2565341254381326
10.0,216,bench_216_front,-2.6787355229955683,3.038574455778872,-0.18515645770241157,-0.16391913679737846,0.24729010743922328
10.0,217,bench_217_front,-1.2269124027851341,3.8226157996567514,-0.22610025690435576,-0.07379785670992352,0.23783912593850928
10.0,218,bench_218_front,0.41766340697572946,3.95630803318139,-0.2271030573416847,0.022103037445257056,0.22817612258570566
10.0,219,bench_219_front,1.9749717295660112,3.4110665491957395,-0.19020319046701178,0.10712594611506479,0.21829617952423752
10.0,220,bench_220_front,3.1725052226752326,2.275990379000284,-0.1240876520343085,0.16717493386636567,0.20819511017459408
10.0,221,bench_221_front,3.794084742498579,0.7475523040804397,-0.04236726187636088,0.19327968907850068,0.19786870164121975
10.0,222,bench_222_front,3.721736200406222,-0.9008562125900718,0.03910814134228444,0.18318565081181945,0.18731371915211642
10.0,223,tail_rear,2.9623021321146745,-2.365698891252407,0.10538665609993417,0.14161705577264025,0.17652687548822954
20.0,0,head_front,-5.633955361101156,7.014255935252463,-0.6344090168429944,-0.49781845223073196,0.8064105728678762
20.0,1,bench_1_front,-3.133966126994563,8.403373057926835,-0.7576827695873292,-0.2727713031665724,0.8052871308798595
20.0,2,bench_2_front,-1.5373329824890842,8.81962399927956,-0.7942054351619848,-0.12910342923920054,0.8046303304512943
20.0,3,bench_3_front,0.10857203878018762,8.9357769113463,-0.8037451266689535,0.018973475503008187,0.8039690425736276
20.0,4,bench_4_front,1.7477745989370301,8.74733765976596,-0.7858745826297032,0.16642477924462168,0.8033032221832745
20.0,5,bench_5_front,3.324221564828194,8.260200807051392,-0.7411021016461881,0.30820037515032817,0.8026330396309387
20.0,6,bench_6_front,4.783715302302138,7.490538447792001,-0.6708638345533755,0.4394068382491737,0.8019580126239741
20.0,7,bench_7_front,6.075779491130823,6.4643431320770155,-0.5774855483913022,0.555479409209539,0.8012783116100057
20.0,8,bench_8_front,7.155449002444521,5.216618352541043,-0.4641115392306772,0.6523427433482769,0.8005938893385487
20.0,9,bench_9_front,7.984880599180797,3.790246323012029,-0.3346042428887963,0.726558920669613,0.799904909701008
20.0,10,bench_10_front,8.534738272255805,2.234558953258437,-0.19341801605289474,0.775453110280025,0.7992108953066158
20.0,11,bench_11_front,8.785288481547477,0.603689848897211,-0.04545006162049727,0.7972177020673528,0.7985122244467253
20.0,12,bench_12_front,8.727189136910306,-1.045288322723726,0.10412825189620745,0.7909839304474372,0.7978084175220491
20.0,13,bench_13_front,8.361915668138872,-2.654344815559977,0.2500484581761433,0.7568645426650453,0.797099847810696
20.0,14,bench_14_front,7.701805553403989,-4.166544318079931,0.3871319616998859,0.6959596995046567,0.796386249946729
20.0,15,bench_15_front,6.769726627802076,-5.528057580917072,0.5104742905852708,0.6103301431068027,0.7956675718749041
20.0,16,bench_16_front,5.598355653179896,-6.690123288202857,0.6156240598909974,0.502934316438227,0.7949439664327674
20.0,17,bench_17_front,4.229121278439576,-7.610820242624045,0.698746488240548,0.37753245475961056,0.7942149641157081
20.0,18,bench_18_front,2.7107743516460836,-8.256662043673924,0.7567696274800152,0.2385610585520296,0.7934807166741393
20.0,19,bench_19_front,1.0977148520656472,-8.603865359966193,0.7875033001727828,0.09098040855208829,0.7927413717747605
20.0,20,bench_20_front,-0.5519025887012071,-8.639305018199783,0.7897281331672443,-0.05989886749535669,0.791996463781908
20.0,21,bench_21_front,-2.178279437452687,-8.361100108896581,0.763252782755026,-0.20860480778417867,0.7912463435706765
20.0,22,bench_22_front,-3.7221064620784383,-7.778787008888325,0.7089310202123478,-0.3497028877523944,0.7904905446124476
20.0,23,bench_23_front,-5.126760686875731,-6.913077002319363,0.6286444513729281,-0.4779944531735353,0.789729411575026
20.0,24,bench_24_front,-6.340388501379774,-5.795212276202429,0.5252437991552865,-0.5887113583078116,0.788962680962609
20.0,25,bench_25_front,-7.317876069101578,-4.465915678670492,0.4024562370994582,-0.6776967720500156,0.7881902927766022
20.0,26,bench_26_front,-8.022585185894899,-2.973977207107791,0.2647572673363442,-0.7415669499340873,0.7874121867497058
20.0,27,bench_27_front,-8.427801519419463,-1.3745084661116271,0.11721184947737937,-0.7778466812585514,0.7866282967214251
20.0,28,bench_28_front,-8.517820253044366,0.27303308657678454,-0.03470627930465357,-0.7850717906699112,0.7858385599656162
20.0,29,bench_29_front,-8.28864799624176,1.9070442274941923,-0.18531665506239586,-0.7628565433041091,0.7850429085759638
20.0,30,bench_30_front,-7.748269166527187,3.466052595461787,-0.3289415994153694,-0.7119214230169184,0.7842414732570417
20.0,31,bench_31_front,-6.91646723609936,4.891049735333697,-0.4601232110680352,-0.6340784251934751,0.7834339912586108
20.0,32,bench_32_front,-5.824193906513402,6.127751784488827,-0.5738325800436611,-0.5321755795630738,0.78262039163496
20.0,33,bench_33_front,-4.512493977387947,7.128720977610797,-0.665665770349157,-0.4100015505961001,0.7818006071280216
20.0,34,bench_34_front,-3.031051742728674,7.855232433398311,-0.7320210170146233,-0.27215162725243924,0.7809745690912566
20.0,35,bench_35_front,-1.4363592107224261,8.27885906810015,-0.7702471859629645,-0.12386050873218275,0.7801423928407305
20.0,36,bench_36_front,0.21037403481851957,8.382664257409767,-0.7787568740304239,0.029191937600511576,0.7793038162812432
20.0,37,bench_37_front,1.845549297846389,8.161981720972085,-0.7571012623215126,0.1810951129486252,0.778458580364237
20.0,38,bench_38_front,3.405632831269788,7.624719064235377,-0.7060023586847857,0.3259344867583828,0.7776069830749537
20.0,39,bench_39_front,4.829616459523579,6.791182271605414,-0.627338000464745,0.4580236598834665,0.776748762367955
20.0,40,bench_40_front,6.0614446357930145,5.693409806670652,-0.5240834252881846,0.572129619182306,0.7758838429864916
20.0,41,bench_41_front,7.052270131641267,4.374035435501939,-0.4002066703101762,0.6636855009452711,0.7750121438569422
20.0,42,bench_42_front,7.762464464056578,2.8847040030399618,-0.2605250699499598,0.728978394464068,0.7741335877404117
20.0,43,bench_43_front,8.163275278834927,1.2841251013182196,-0.11052402854876434,0.7653084726629682,0.7732480968074692
20.0,44,bench_44_front,8.238087155364447,-0.36418010805334966,0.043854751269931366,0.7711095333361614,0.7723555862495333
20.0,45,bench_45_front,7.983221697977594,-1.994377928947843,0.19644392848298023,0.7460255385481231,0.7714559748967166
20.0,46,bench_46_front,7.408218727073901,-3.540950357865591,0.34109754254319385,0.6909403000314158,0.7705491754174478
20.0,47,bench_47_front,6.535596015925262,-4.941323600044189,0.4719378066251158,0.6079581979408648,0.7696352797043734
20.0,48,bench_48_front,5.400076758714114,-6.138446356831156,0.5835993905496291,0.5003326248552694,0.7687138506261366
20.0,49,bench_49_front,4.047308811531953,-7.083170311117243,0.671453234312599,0.3723500834570281,0.7677851460658155
20.0,50,bench_50_front,2.5320963028920938,-7.736352655179308,0.7318060925318395,0.22916605996365855,0.7668489030480427
20.0,51,bench_51_front,0.9162950522495122,-8.070546455254673,0.7620644704897697,0.0766045285148732,0.7659050273838389
20.0,52,bench_52_front,-0.7337053279045224,-8.071285123969387,0.7608555869640197,-0.07907290312063955,0.7649534287930795
20.0,53,bench_53_front,-2.349653948863938,-7.73781248201888,0.7281007287740843,-0.23142209006231335,0.7639940150355643
20.0,54,bench_54_front,-3.86427373274657,-7.083265495920304,0.6650352396357953,-0.374083024852207,0.7630268536821077
20.0,55,bench_55_front,-5.214064883909346,-6.134283392572743,0.5741733014064364,-0.5010466883863229,0.762051680656153
20.0,56,bench_56_front,-6.34202176592263,-4.930041358473003,0.45921910455291304,-0.6069126085460546,0.7610683940346988
20.0,57,bench_57_front,-7.200115229021749,-3.5207284436865662,0.32492677696205,-0.6871240624740608,0.7600768958584406
20.0,58,bench_58_front,-7.751414754560622,-1.965551933313895,0.17691216867948506,-0.7381734950739023,0.7590770871634178
20.0,59,bench_59_front,-7.971784039354209,-0.33033150574944314,0.021423611675606913,-0.7577660764006184,0.75806886077771
20.0,60,bench_60_front,-7.8510648138497565,1.3152466222297268,-0.13491553751805058,-0.7449333527254014,0.7570521133095738
20.0,61,bench_61_front,-7.393668031292568,2.9005853374747446,-0.28538843593572694,-0.7000927533421073,0.7560267340828453
20.0,62,bench_62_front,-6.618551859071605,4.3571918987713625,-0.4234720470406261,-0.6250482191985541,0.7549926164857919
20.0,63,bench_63_front,-5.55857018904547,5.621678911245541,-0.5431243334490995,-0.5229304548729451,0.7539498008608756
20.0,64,bench_64_front,-4.259193173607967,6.638589749014361,-0.6390535981789272,-0.3980777900801403,0.7528980198542974
20.0,65,bench_65_front,-2.776669757983191,7.362902022393524,-0.7069607655032306,-0.2558624329196823,0.7518371555998631
20.0,66,bench_66_front,-1.1756932216958171,7.762125025471758,-0.7437415246968075,-0.1024695071271585,0.7507672445233707
20.0,67,bench_67_front,0.4733606272271783,7.8178888427539315,-0.7476404759113177,0.055368045414615805,0.7496878694989912
20.0,68,bench_68_front,2.097499829276755,7.526922675170113,-0.718347513622842,0.21065943896173095,0.7485990579420939
20.0,69,bench_69_front,3.6243245698509368,6.901373254321508,-0.6570312632627765,0.35646515931202877,0.747500829904576
20.0,70,bench_70_front,4.985266524714797,5.968451004002532,-0.5663066746032618,0.48620893997587844,0.7463929146318794
20.0,71,bench_71_front,6.118729784070561,4.769385905200624,-0.4501378177760544,0.5939789979568283,0.7452751874348066
20.0,72,bench_72_front,6.9729615520663035,3.3577234450784754,-0.3136759416007885,0.6748058448190252,0.7441475153093366
20.0,73,bench_73_front,7.508507696997479,1.7970568345003963,-0.16304252584333728,0.7249005806906125,0.7430099037825555
20.0,74,bench_74_front,7.700172957146573,0.15822863434254889,-0.005062279437136996,0.7418448071912536,0.7418620792504008
20.0,75,bench_75_front,7.538340377991233,-1.4838192011374263,0.1530403228884911,0.7247211449904883,0.7407037723855185
20.0,76,bench_76_front,7.029608927414445,-3.0534383715710067,0.303968984022309,0.6741773098835637,0.7395351164139493
20.0,77,bench_77_front,6.196690290214668,-4.477779295862646,0.4406949389925764,0.5924164903616268,0.7383558270279026
20.0,78,bench_78_front,5.077544659822418,-5.6902202012374845,0.5567855154373833,0.483118262055042,0.7371657651654455
20.0,79,bench_79_front,3.723801988293334,-6.633547334432671,0.6467165851953064,0.35128622037092017,0.7359649109768513
20.0,80,bench_80_front,2.1984940200079093,-7.262772086774509,0.7061446829552194,0.20303111924960265,0.7347529847844605
20.0,81,bench_81_front,0.5732272123455833,-7.547398498696341,0.7321298335023285,0.045298255173376156,0.7335298392198504
20.0,82,bench_82_front,-1.0750982695059603,-7.473055174923707,0.7232959158761348,-0.1144528199848716,0.7322953160614822
20.0,83,bench_83_front,-2.6678986542816046,-7.04239173225497,0.6799182916946082,-0.26859659227449806,0.7310492546760357
20.0,84,bench_84_front,-4.128672211128163,-6.275157429502993,0.6039351205515695,-0.40970477601232125,0.7297914998977072
20.0,85,bench_85_front,-5.386675825107232,-5.207477875902654,0.498877264502107,-0.5309101733043959,0.7285218851587157
20.0,86,bench_86_front,-6.380448250554473,-3.8903145450384793,0.3697203952839429,-0.6262470513635886,0.7272403591870463
20.0,87,bench_87_front,-7.060925747625942,-2.387164912289878,0.2226635300942606,-0.6909555980537869,0.7259467515705984
20.0,88,bench_88_front,-7.393993626406929,-0.7711332022084527,0.06484159231768968,-0.7217337808544039,0.7246406575128711
20.0,89,bench_89_front,-7.3623688235602085,0.8785612686025782,-0.09601159357006864,-0.716921553692087,0.7233220169800861
20.0,90,bench_90_front,-6.966667460786037,2.4804116201648645,-0.2519384977900766,-0.676607457201926,0.7219907601970933
20.0,91,bench_91_front,-6.225616724640403,3.9546357511103247,-0.3951516672229012,-0.6026498331952935,0.7206466967657269
20.0,92,bench_92_front,-5.17535336390438,5.227208818892714,-0.5184257031439639,-0.49861028817382935,0.7192895308240642
20.0,93,bench_93_front,-3.8678397493797814,6.233646860745884,-0.6154701829521586,-0.36959992180151724,0.7179189705662131
20.0,94,bench_94_front,-2.368460147778926,6.922389333513458,-0.681263004413611,-0.22204315702188088,0.7165350268918493
20.0,95,bench_95_front,-0.7528656039622891,7.257603411266857,-0.712324166664237,-0.06337135548374499,0.7151375022397769
20.0,96,bench_96_front,0.8967331225306598,7.221219941060964,-0.706918128346859,0.09834404750107342,0.713725992145669
20.0,97,bench_97_front,2.495719722753961,6.814107526304265,-0.6651696822374459,0.2547962809807813,0.7123003937732324
20.0,98,bench_98_front,3.961396549307992,6.056281232495839,-0.58908577171216,0.3978702510659008,0.7108605933071225
20.0,99,bench_99_front,5.217296250066335,4.9861356626359195,-0.4824793966948774,0.5200682925480045,0.7094063695434724
20.0,100,bench_100_front,6.197279875802462,3.658684435143013,-0.35079814789644626,0.6149114051755877,0.7079374102154744
20.0,101,bench_101_front,6.849139994426564,2.142906353137536,-0.2008622472836737,0.6772967531331829,0.7064534904638801
20.0,102,bench_102_front,7.1375509607295475,0.518311208085158,-0.040525985806201065,0.7037885602964452,0.7049543908152551
20.0,103,bench_103_front,7.046189214435111,-1.129162010266637,0.12172676112644827,0.69282780736195,0.7034399583676654
20.0,104,bench_104_front,6.578870906523706,-2.7115962098518773,0.27722482923852143,0.6448440595353725,0.7019098710407102
20.0,105,bench_105_front,5.759629893172833,-4.143846372908862,0.41757499347083654,0.562263903616623,0.7003638857639451
20.0,106,bench_106_front,4.631710366901364,-5.348135798622675,0.5351197360489411,0.44941158692588096,0.698801764717525
20.0,107,bench_107_front,3.255503872987202,-6.258393290352065,0.6233679292362776,0.3123022435375115,0.6972232544306651
20.0,108,bench_108_front,1.7054950514479674,-6.824043587300626,0.6773677166594284,0.15833993454716594,0.69562817542478
20.0,109,bench_109_front,0.06635112600323324,-7.013014286751026,0.6940042495257287,-0.004069659451776564,0.6940161817190024
20.0,110,bench_110_front,-1.57157161624971,-6.813766868395764,0.6722014133309306,-0.16596725151752997,0.6923870800790435
20.0,111,bench_111_front,-3.117198456367103,-6.236249731606305,0.613014916148012,-0.31833188288103426,0.690740526593408
20.0,112,bench_112_front,-4.483806209853788,-5.311656565840059,0.5196073413617824,-0.45258621196684634,0.6890762428494825
20.0,113,bench_113_front,-5.593970418960566,-4.090987757875572,0.3971039287774009,-0.5610873347728262,0.6873940118250381
20.0,114,bench_114_front,-6.384085781213361,-2.6424613762557114,0.2523322332971182,-0.63757664468307,0.6856934692747431
20.0,115,bench_115_front,-6.8081956420266785,-1.0478975837173998,0.09346184347092452,-0.677558678733492,0.6839743265006801
20.0,116,bench_116_front,-6.8409020490619845,0.6017776847929014,-0.07044501644468838,-0.6785895976974979,0.6822362805107514
20.0,117,bench_117_front,-6.4791374571439615,2.2116307809591462,-0.22994244140179299,-0.640451536873097,0.6804790205736904
20.0,118,bench_118_front,-5.74268645120526,3.688161670519502,-0.37574385981261643,-0.5652020984425056,0.67870233554239
20.0,119,bench_119_front,-4.673384483605169,4.94478596492561,-0.49926853435489227,-0.4570912128515003,0.6769057883213423
20.0,120,bench_120_front,-3.3330133145709513,5.907020936800912,-0.5931582837381508,-0.3223483955990779,0.6750890590970114
20.0,121,bench_121_front,-1.799939122573778,6.517095313881679,-0.6517359137885561,-0.16884396289316247,0.6732517992009169
20.0,122,bench_122_front,-0.1647452297320677,6.737626108089189,-0.6713699416908618,-0.005649611469000337,0.6713937121508824
20.0,123,bench_123_front,1.4750229492321572,6.554195915194395,-0.6507282537205807,0.1574873778903223,0.6695144019250113
20.0,124,bench_124_front,3.0206195255683874,5.976575832203043,-0.5908970861422083,0.31072250249122096,0.6676135408795714
20.0,125,bench_125_front,4.378037072219385,5.038532754143508,-0.4953561423757602,0.4447093807179236,0.6656907248023767
20.0,126,bench_126_front,5.4638516024498465,3.7961509322660603,-0.3698059633615567,0.5511821288744873,0.6637455760518339
20.0,127,bench_127_front,6.210504886032308,2.3247528882314232,-0.22185425901216171,0.623482524517083,0.6617777350591589
20.0,128,bench_128_front,6.570742883305319,0.7145563083126647,-0.060578294994250194,0.6569999293419044,0.6597868117654958
20.0,129,bench_129_front,6.520889950200767,-0.93469140467067,0.10401900067972684,0.649495598591473,0.657772365710285
20.0,130,bench_130_front,6.062724316904295,-2.519806263612857,0.261620350635163,0.6012835024258567,0.6557339842923888
20.0,131,bench_131_front,5.223791693980158,-3.9406143096402455,0.4022421282876835,0.5152546827968306,0.6536712613489045
20.0,132,bench_132_front,4.05609080303405,-5.106364113743669,0.5168750465107894,0.3967386636271377,0.651583748202929
20.0,133,bench_133_front,2.6331616096144383,-5.941689008144644,0.5980805655059002,0.2532039658633134,0.6494710241148309
20.0,134,bench_134_front,1.045722170453726,-6.391717283266319,0.6404989336559336,0.09381169483409502,0.6473326178264412
20.0,135,bench_135_front,-0.6039258453726343,-6.425980710012449,0.6412330309045389,-0.07114789169151062,0.6451680574975548
20.0,136,bench_136_front,-2.208342503741137,-6.040823045644114,0.6000823767449825,-0.2309120631136647,0.6429768578816163
20.0,137,bench_137_front,-3.661958681461374,-5.260108091827411,0.519604142770537,-0.3749440612477444,0.6407585459822264
20.0,138,bench_138_front,-4.86805763346253,-4.1341320418507275,0.40499250821932015,-0.49363896907301397,0.6385126181221825
20.0,139,bench_139_front,-5.745409866870516,-2.736721904100799,0.2637779734289881,-0.5789824526478432,0.6362385556852209
20.0,140,bench_140_front,-6.233977173460978,-1.1607120820265646,0.10536290429474478,-0.6251186360161796,0.6339358411512575
20.0,141,bench_141_front,-6.299359052696308,0.48799234051457013,-0.059584730913321504,-0.6287870648433543,0.6316039210393912
20.0,142,bench_142_front,-5.935599181567861,2.0973924667921713,-0.21983491409934147,-0.5895917507499927,0.6292422601903868
20.0,143,bench_143_front,-5.166105882299134,3.5569745792869263,-0.36436128960903247,-0.5100805185545264,0.6268502889641289
20.0,144,bench_144_front,-4.042576001598301,4.765355860158091,-0.48310715276162186,-0.3956224075923144,0.6244274260781475
20.0,145,bench_145_front,-2.6419209446473246,5.637517546578671,-0.5677080454501222,-0.2540827937417274,0.6219730628768413
20.0,146,bench_146_front,-1.061341017153378,6.111073003805832,-0.6121097313990148,-0.0953169044726896,0.6194865902920175
20.0,147,bench_147_front,0.5881717357513027,6.151098520455154,-0.613041138094285,0.06949345672458565,0.6169674039391936
20.0,148,bench_148_front,2.1894562254006327,5.753132652608604,-0.570299507397363,0.22861339484489798,0.6144148536942968
20.0,149,bench_149_front,3.627486975372363,4.944075198568832,-0.48682119999827816,0.37059273910770274,0.6118282921270586
20.0,150,bench_150_front,4.797707540973505,3.780849685006849,-0.36852791755222425,0.4850983202884273,0.6092070307884115
20.0,151,bench_151_front,5.613862403655994,2.346837312545332,-0.22394790094515318,0.5636937847705117,0.606550365037104
20.0,152,bench_152_front,6.014686967659465,0.7462602969521893,-0.06363712171562728,0.600495084037191,0.603857623296322
20.0,153,bench_153_front,5.968921719395783,-0.9031046724540662,0.10056674143602215,0.5926560593183936,0.6011280014521592
20.0,154,bench_154_front,5.478240866692109,-2.4784581757153106,0.2564080180697245,0.5406390739903688,0.5983608276413218
20.0,155,bench_155_front,4.577783319978952,-3.8610911024620633,0.39212898818062236,0.448242076605457,0.5955552892982574
20.0,156,bench_156_front,3.3341570692157685,-4.945478785876644,0.497374211611756,0.32237362669689096,0.5927106052418181
20.0,157,bench_157_front,1.840997628926552,-5.647594522702829,0.5640129061390736,0.17258070206091042,0.5898259548504798
20.0,158,bench_158_front,0.2122948855802241,-5.91183150976317,0.5868090966708672,0.01036149210582451,0.5869005677747622
20.0,159,bench_159_front,-1.426032047063725,-5.715896255396216,0.5638855836097509,-0.1516948787498162,0.5839334616562326
20.0,160,bench_160_front,-2.94573760244349,-5.0732510807168705,0.496936586680503,-0.30087638838943703,0.5809238954217156
20.0,161,bench_161_front,-4.226345356032334,-4.0327971164565115,0.39116126123304834,-0.42535580138333345,0.5778708247176759
20.0,162,bench_162_front,-5.164893426089023,-2.6757272006016866,0.2549161168978252,-0.5151526231109226,0.5747733916530322
20.0,163,bench_163_front,-5.684573931325379,-1.1097047460106773,0.09910098119958571,-0.5629747625150288,0.5716306392274417
20.0,164,bench_164_front,-5.741528519548856,0.539307897205677,-0.06367867277286292,-0.5648635746691995,0.5684415813029335
20.0,165,bench_165_front,-5.32913434811978,2.1369367586947,-0.22011275855754547,-0.5205837181603128,0.5652053026055474
20.0,166,bench_166_front,-4.479365104327887,3.5512842937384543,-0.3572758879461653,-0.43371499349140097,0.5619205955354963
20.0,167,bench_167_front,-3.260983103165341,4.663954587975448,-0.46371518243425724,-0.3114274714740463,0.5585864663673427
20.0,168,bench_168_front,-1.7745888023773493,5.380284363420935,-0.5304432177486991,-0.16394838550924878,0.5552018375029779
20.0,169,bench_169_front,-0.14482047438496157,5.637888327870544,-0.5517528356410846,-0.003750324201884192,0.5517655811751916
20.0,170,bench_170_front,1.4897474848010455,5.412719555575443,-0.5257702675478214,0.15547558728836283,0.5482764197737935
20.0,171,bench_171_front,2.9882300771944506,4.72202020273229,-0.4546931832398758,0.29998093232600265,0.544733375738984
20.0,172,bench_172_front,4.219633731091275,3.623781215206325,-0.3446781085532655,0.41716195081363827,0.5411350032316308
20.0,173,bench_173_front,5.074615910144858,2.212570123263412,-0.2053755808449227,0.4966947297107616,0.5374800310056513
20.0,174,bench_174_front,5.475643953272834,0.6120467729323197,-0.04913813581212169,0.5315006454467008,0.5337672643590557
20.0,175,bench_175_front,5.384718728768952,-1.035449679116098,0.11003723675093849,0.5184466201373319,0.5299953692284538
20.0,176,bench_176_front,4.8077413635631245,-2.581286158043274,0.2577488234099784,0.4587078256085274,0.52616283149205
20.0,177,bench_177_front,3.795044070062094,-3.8839553496181667,0.38050320199919313,0.3577450845555919,0.5222683527223589
20.0,178,bench_178_front,2.437828864587832,-4.822292126763927,0.4669829946924243,0.2248832580607155,0.518310328941945
20.0,179,bench_179_front,0.8607013197084689,-5.30723429915135,0.5091493336568222,0.07251531871013689,0.5142873860117695
20.0,180,bench_180_front,-0.7892204970619943,-5.29100121830435,0.5030659509396657,-0.0850086336658075,0.5101978231946482
20.0,181,bench_181_front,-2.3556875142515286,-4.772662631858304,0.449356648986024,-0.23271253807724718,0.5060400412677865
20.0,182,bench_182_front,-3.688087637070458,-3.7994183068353213,0.3532342017190902,-0.35642867583869,0.5018125170063465
20.0,183,bench_183_front,-4.6561691190097,-2.463258857873093,0.22408274372278586,-0.44419196369918595,0.49751339343707185
20.0,184,bench_184_front,-5.163316547986752,-0.8931356244818467,0.07461633628642571,-0.4874632064222576,0.4931409283929671
20.0,185,bench_185_front,-5.157001350999479,0.7568531156155271,-0.08032418484597201,-0.48204682553643885,0.4886932746426206
20.0,186,bench_186_front,-4.635190201843222,2.3221649315935244,-0.22521958655441102,-0.4285969613385654,0.4841685836941422
20.0,187,bench_187_front,-3.647903276338276,3.6441973757470736,-0.34544114516283686,-0.33264531346412624,0.47956489585983975
20.0,188,bench_188_front,-2.2935260793562797,4.586614571363439,-0.42876950420508597,-0.20412725142060245,0.47488021911720546
20.0,189,bench_189_front,-0.7099503138176957,5.050066698075176,-0.4667128659969519,-0.05643483807288817,0.4701125293325013
20.0,190,bench_190_front,0.9387097678041132,4.9835650913279075,-0.45547233484026844,0.09492801944099105,0.4652594724235443
20.0,191,bench_191_front,2.4787213629943006,4.391231899295882,-0.39643511036526025,0.23395053934119242,0.46031907584669013
20.0,192,bench_192_front,3.7450236641653336,3.333412671683153,-0.29612342934690045,0.3458309574600328,0.45528906921415513
20.0,193,bench_193_front,4.599290975329861,1.9217740097764373,-0.16558169085033733,0.41860834898788174,0.4501669092539087
20.0,194,bench_194_front,4.945837510215004,0.3085758501149967,-0.019245322195430757,0.44453400306266405,0.44495040432088895
20.0,195,bench_195_front,4.743439306161529,-1.3289588095944636,0.1266054676094218,0.42101261760252234,0.43963685993002
20.0,196,bench_196_front,4.011561303589841,-2.80776192860342,0.2556484679818716,0.3509901476438076,0.4342237014771302
20.0,197,bench_197_front,2.829980183653511,-3.959438178638497,0.3533821148557487,0.24271766911465958,0.42870827610436324
20.0,198,bench_198_front,1.331456755153189,-4.650046335187896,0.408834571224493,0.10889270901859768,0.42308784986775977
20.0,199,bench_199_front,-0.31201213472133793,-4.796676955514078,0.41591045552020117,-0.034749231394585745,0.41735957649673705
20.0,200,bench_200_front,-1.9082174577268958,-4.378801565794383,0.3741983136097205,-0.17124491249964047,0.4115205923952874
20.0,201,bench_201_front,-3.2669511256386157,-3.442665232204018,0.28911701385036703,-0.2844229799018851,0.4055676012627506
20.0,202,bench_202_front,-4.222985331408506,-2.097857550999492,0.17135477814233363,-0.360882251040657,0.399497758577417
20.0,203,bench_203_front,-4.657067577100239,-0.5059756596113234,0.03563807613171519,-0.39168997489933466,0.3933079059808121
20.0,204,bench_204_front,-4.512173495038036,1.137646807086831,-0.10104536342763426,-0.37357000135578644,0.38699445911173586
20.0,205,bench_205_front,-3.8027224451264083,2.6273354590571794,-0.22156181956137747,-0.30940505346072633,0.38055371105059965
20.0,206,bench_206_front,-2.6151448096505407,3.7728273493732236,-0.3108297288306197,-0.20796094535206405,0.3739824529528635
20.0,207,bench_207_front,-1.099203971380165,4.424314160051122,-0.3578153595605177,-0.08282873762484323,0.36727704980565784
20.0,208,bench_208_front,0.5493526086047823,4.49339420927205,-0.35704603032791404,0.04930177030437186,0.3604338112997541
20.0,209,bench_209_front,2.113111093584107,3.9669503172425418,-0.30941844112960015,0.17083947102585556,0.35344857698322396
20.0,210,bench_210_front,3.3814461692932,2.9115777992146,-0.22215805773745317,0.2656714852909293,0.34631711005141813
20.0,211,bench_211_front,4.179445490314086,1.4673798697629203,-0.107897046607433,0.32140846454971317,0.3390356526249279
20.0,212,bench_212_front,4.393403567264189,-0.16868534038513402,0.017037648104438995,0.3311623909122891,0.33160037787625407
20.0,213,bench_213_front,3.989076792911394,-1.7683808658601845,0.1349116840386194,0.29458268572931634,0.3240063598475089
20.0,214,bench_214_front,3.019550998606979,-3.1034892547174993,0.2291354534782437,0.217969057587363,0.31624921518669985
20.0,215,bench_215_front,1.620903001521496,-3.9788702741488287,0.28671337696734556,0.11339940626016778,0.3083244814674595
20.0,216,bench_216_front,-0.004554546604277119,-4.262404031850871,0.3002118972901112,-0.003035473216543139,0.30022724288807745
20.0,217,bench_217_front,-1.615874856049686,-3.9072243323633793,0.2689218704955191,-0.11365509997784358,0.2919528286928941
20.0,218,bench_218_front,-2.968474656569133,-2.9622502814731106,0.1989969422974705,-0.2019170458147404,0.28349651926310276
20.0,219,bench_219_front,-3.85171379114105,-1.5685512917688234,0.10250334483688169,-0.25502455010376385,0.2748535189121213
20.0,220,bench_220_front,-4.123327460301402,0.05894396950929048,-0.004507567371191979,-0.26598046399266845,0.26601865609269026
20.0,221,bench_221_front,-3.7350071746312516,1.6626015039942923,-0.10462432436959487,-0.23472557920184195,0.2569870556690247
20.0,222,bench_222_front,-2.7442740762988964,2.9820573742177694,-0.18197563824377297,-0.16812694855519608,0.2477535140915464
20.0,223,tail_rear,-1.3096187028357198,3.797071954675402,-0.22491614202300445,-0.07877650393697619,0.23831283749526533
30.0,0,head_front,-8.89103253829415,-1.9082458268936608,0.1611377836966367,-0.7940766482309858,0.8102611360545567
30.0,1,bench_1_front,-9.0160096675848,0.9490301945635704,-0.09375789681477162,-0.8037323134977219,0.8091824114348567
30.0,2,bench_2_front,-8.678970159413545,2.564237221300683,-0.23783048544220145,-0.7727823313231161,0.8085517122675975
30.0,3,bench_3_front,-8.054255151576257,4.091400094848651,-0.3740204414171629,-0.7161273269294184,0.8079168515218403
30.0,4,bench_4_front,-7.162183233118599,5.479457630103565,-0.4977526768824525,-0.6355624267202945,0.8072777251988543
30.0,5,bench_5_front,-6.032125849547577,6.681730691707599,-0.6048356694025772,-0.5336971922653484,0.8066342913697507
30.0,6,bench_6_front,-4.701594056925127,7.657533616225744,-0.691607525936525,-0.4138759173152574,0.80598650414606
30.0,7,bench_7_front,-3.2150605454867365,8.37358538388065,-0.7550641969722938,-0.28007396666186285,0.8053343208575711
30.0,8,bench_8_front,-1.6225124458681806,8.805210802214095,-0.7929692931557758,-0.13676950597743187,0.8046776979967082
30.0,9,bench_9_front,0.02219606828166698,8.937255040442453,-0.8039385335560449,0.01120327153270224,0.8040165912649312
30.0,10,bench_10_front,1.6631515596765984,8.764683761274437,-0.787496499176952,0.158815525846478,0.8033511731900617
30.0,11,bench_11_front,3.244245939942223,8.292849759683397,-0.7441021202010483,0.3010134630401925,0.8026811759466798
30.0,12,bench_12_front,4.711148216294714,7.5373936217606,-0.6751441550154883,0.43289130493611416,0.8020065535523194
30.0,13,bench_13_front,6.0131324796396335,6.523817021921626,-0.5829030798589099,0.549862735106397,0.8013270418297953
30.0,14,bench_14_front,7.104911588052031,5.286672948918883,-0.4704826163914543,0.6478232911234727,0.8006428097776161
30.0,15,bench_15_front,7.948231966999775,3.8684642339046373,-0.3417109197759441,0.7232978257697091,0.799953809577347
30.0,16,bench_16_front,8.513279187375852,2.318234469930057,-0.20101493213241098,0.7735695646589609,0.7992602043808087
30.0,17,bench_17_front,8.779800390353659,0.6899007856862955,-0.05327236929542487,0.7967826250047345,0.798561517254484
30.0,18,bench_18_front,8.73789486251229,-0.9595696846805615,0.09635428345314416,0.7920185842457762,0.7978581238105259
30.0,19,bench_19_front,8.388466617564292,-2.5721450189068107,0.24259825593741952,0.7593377492659921,0.7971497545908299
30.0,20,bench_20_front,7.743288405255946,-4.0907830521913375,0.38027036046427837,0.6997894913814658,0.7964363623639762
30.0,21,bench_21_front,6.82469717016412,-5.461432848210848,0.5044480280511465,0.6153853662087456,0.7957178909315551
30.0,22,bench_22_front,5.664876381324187,-6.635030654331216,0.6106513281403784,0.509039167524728,0.7949942884284616
30.0,23,bench_23_front,4.304829617435196,-7.569254476774855,0.6950101468783213,0.38447224379187084,0.7942657052335708
30.0,24,bench_24_front,2.7929640981838855,-8.230141921073953,0.7544090584802841,0.24608903245080205,0.7935318767445203
30.0,25,bench_25_front,1.1834389320265692,-8.593373514198337,0.7866089131366973,0.09882691455339176,0.792792747990444
30.0,26,bench_26_front,-0.4657434453714697,-8.645252443444495,0.7903383455900963,-0.052016840270177944,0.7920482637957006
30.0,27,bench_27_front,-2.094817633686505,-8.3833021270402,0.7653510934368809,-0.20097463445152647,0.7912983633990114
30.0,28,bench_28_front,-3.644395732796985,-7.816463547542102,0.712446840558349,-0.3426043161424345,0.7905429893819808
30.0,29,bench_29_front,-5.05765975338048,-6.9648765276501505,0.633453919682028,-0.4716904330423318,0.789782079427096
30.0,30,bench_30_front,-6.282448762235196,-5.8592635317126565,0.5311752408334918,-0.5834370219147376,0.7890157761510578
30.0,31,bench_31_front,-7.273261406418184,-4.53987917711515,0.4092942164339705,-0.6736514247934414,0.788243615725831
30.0,32,bench_32_front,-7.992982112160384,-3.0551221978364675,0.27225143272262226,-0.7389055755525235,0.7874657403354932
30.0,33,bench_33_front,-8.41434098920468,-1.4598283090027797,0.12508541460418293,-0.7766738955923508,0.7866820838441017
30.0,34,bench_34_front,-8.521036663578725,0.18671885889025636,-0.02674649233077777,-0.7854373164251324,0.7858925835539573
30.0,35,bench_35_front,-8.30845553919431,1.82296249882191,-0.177568983881841,-0.7647529880384182,0.7850973676879311
30.0,36,bench_36_front,-7.783958012442598,3.387376178445223,-0.32169961612224807,-0.7152830524692151,0.7842961737525433
30.0,37,bench_37_front,-6.966716538080087,4.820774950416541,-0.4536632140656356,-0.6387836889761571,0.7834889361684378
30.0,38,bench_38_front,-5.887124176218378,6.068564022674397,-0.5684033371528273,-0.5380508490414087,0.7826755840325232
30.0,39,bench_39_front,-4.585730905533342,7.082899150630321,-0.6614786772842043,-0.4168271135896829,0.7818560501301802
30.0,40,bench_40_front,-3.1118120070297377,7.824557546785551,-0.7292415335600136,-0.27966955844507313,0.7810302658603075
30.0,41,bench_41_front,-1.5215533403085622,8.264540766699493,-0.7689876452524482,-0.13178457353890066,0.780198162247089
30.0,42,bench_42_front,0.12402558255678135,8.385288201619815,-0.7790721868641428,0.02116632707198196,0.7793596639209627
30.0,43,bench_43_front,1.7613891212896466,8.18148089789709,-0.7589857735939806,0.1732793282823313,0.7785146948696788
30.0,44,bench_44_front,3.3269392797476667,7.6603704126009635,-0.7093890248800614,0.3186338441677775,0.7776633688617588
30.0,45,bench_45_front,4.7594755441553,6.841627670086382,-0.6321004902953866,0.4515258978106428,0.7768054236585731
30.0,46,bench_46_front,6.002632527512715,5.756696399866213,-0.5300397500538186,0.5666938827828684,0.7759407795834924
30.0,47,bench_47_front,7.00712579264899,4.447697446018585,-0.40712672609091377,0.659530395716039,0.7750693607483532
30.0,48,bench_48_front,7.7328057515570965,2.965840529334381,-0.2681386785112338,0.7262737035060555,0.774191089665951
30.0,49,bench_49_front,8.150308612686134,1.369537829732581,-0.11853115210278693,0.7641677583517549,0.7733058883282604
30.0,50,bench_50_front,8.242366726493042,-0.27788952927354665,0.03577289481578187,0.7715850235064992,0.7724138453594845
30.0,51,bench_51_front,8.004612666388354,-1.9106732925324508,0.1886116584943512,0.7481044760809252,0.7715145266631765
30.0,52,bench_52_front,7.4458967174628015,-3.4632038199697908,0.3338313569053686,0.6945454294122941,0.7706080251144466
30.0,53,bench_53_front,6.588074006009477,-4.872689200396884,0.4655342974501263,0.6129494817627854,0.7696942570239497
30.0,54,bench_54_front,5.465259216326426,-6.081728404956219,0.578322372095929,0.5065132089300092,0.7687733065652301
30.0,55,bench_55_front,4.122560697021347,-7.0407122818251855,0.6675227991990973,0.37947215963599523,0.7678449110265722
30.0,56,bench_56_front,2.6143614976520904,-7.709922470844317,0.7293887690985462,0.23694123586785257,0.7669088118816199
30.0,57,bench_57_front,1.0021991426658738,-8.061267860579937,0.7612660272285456,0.08471608066531414,0.7659652593529453
30.0,58,bench_58_front,-0.6476986956805232,-8.079577940682709,0.7617159060661669,-0.07095967784628854,0.7650139851233118
30.0,59,bench_59_front,-2.2671172959046717,-7.7633704459093895,0.7305911060522082,-0.22364431339762386,0.7640550655271409
30.0,60,bench_60_front,-3.7886499130256643,-7.125062785740832,0.6690579730958394,-0.3669670710264536,0.7630880700029631
30.0,61,bench_61_front,-5.148538791573837,-6.190604144641116,0.5795661537720935,-0.49489357714924315,0.7621132325985108
30.0,62,bench_62_front,-6.2893738335537765,-4.998544735209765,0.4657609225796409,-0.6019851160141853,0.7611302890470529
30.0,63,bench_63_front,-7.162593164515173,-3.598551353558364,0.33234611137368014,-0.6836355589394915,0.7601391419942256
30.0,64,bench_64_front,-7.730642776866943,-2.049417619097429,0.18489701771471057,-0.7362785856505638,0.759139685991576
30.0,65,bench_65_front,-7.968686642519808,-0.4166748355290404,0.029635067011647066,-0.7575523815079327,0.7581318143470337
30.0,66,bench_66_front,-7.865815070650665,1.2301104414410247,-0.12682898230424042,-0.7464168908869591,0.757115424326888
30.0,67,bench_67_front,-7.425673212264242,2.8203237671570176,-0.277774961709941,-0.7032167389048385,0.7560904120731297
30.0,68,bench_68_front,-6.666468235464342,4.285286212515963,-0.41666329768187416,-0.629684257438653,0.7550566652253339
30.0,69,bench_69_front,-5.62035322710707,5.561270763923859,-0.5374197834574389,-0.5288831885717155,0.7540142245377239
30.0,70,bench_70_front,-4.3321791122200155,6.592340307258043,-0.6347070336751465,-0.40509257469915544,0.7529628229023624
30.0,71,bench_71_front,-2.8576930854034184,7.332867006756973,-0.7041682641655731,-0.26363648584894167,0.7519023480005469
30.0,72,bench_72_front,-1.261204268592511,7.749666502670972,-0.7426328192916125,-0.11066258958440103,0.7508326797779479
30.0,73,bench_73_front,0.38713495870546377,7.823599589325651,-0.7482717600112944,0.047116760338438965,0.7497537035154879
30.0,74,bench_74_front,2.014390661883987,7.55059125986244,-0.7206979387214678,0.20271705784367974,0.7486652953210602
30.0,75,bench_75_front,3.5480505292704914,6.941984304767218,-0.6610028238049944,0.3491881978559206,0.747567475616778
30.0,76,bench_76_front,4.919257737493101,6.024227878265635,-0.5717275842213224,0.4799271424012872,0.7464599738586221
30.0,77,bench_77_front,6.065994255845206,4.837844317136527,-0.4567692762037452,0.5889800654212493,0.7453426655889976
30.0,78,bench_78_front,6.9359174218713635,3.43579343294277,-0.3212222389820673,0.6713217287595474,0.7442154192983103
30.0,79,bench_79_front,7.488877454466395,1.8812077372795504,-0.17116390080660987,0.7230961147889062,0.7430781063671208
30.0,80,bench_80_front,7.698895011937031,0.24462589707611965,-0.013389174639716861,0.7418097662411055,0.7419305892657456
30.0,81,bench_81_front,7.555518167830877,-1.3991310529002026,0.14489035028778469,0.7264648823642268,0.7407728659413673
30.0,82,bench_82_front,7.0644963221333255,-2.9743751707719532,0.29637411783579465,0.6776263254921107,0.7396046611013788
30.0,83,bench_83_front,6.247708611975066,-4.408031638880554,0.434009545601094,0.597418138473319,0.7384258377452633
30.0,84,bench_84_front,5.142354303393594,-5.633061826483029,0.5513261885723397,0.48944550927945835,0.7372363750925014
30.0,85,bench_85_front,3.7993929070245227,-6.591691071086538,0.6427448889197842,0.35864745104193274,0.7360359952960055
30.0,86,bench_86_front,2.281333330060092,-7.238223384874871,0.7038542458746047,0.21108368883703577,0.7348245526169896
30.0,87,bench_87_front,0.6594228869625671,-7.541359384675041,0.7316365680484648,0.053662538878633335,0.7336018918900337
30.0,88,bench_88_front,-0.9896452424826524,-7.485861250000581,0.7246308124230376,-0.10617378736041565,0.7323678634643428
30.0,89,bench_89_front,-2.5872830669598854,-7.07347553440419,0.683025240336988,-0.2607994408019755,0.7311223066355064
30.0,90,bench_90_front,-4.056769655955146,-6.323075299840967,0.6086721002040811,-0.40276724902943084,0.7298651810146738
30.0,91,bench_91_front,-5.32698105715208,-5.2699623411655745,0.5050221832168912,-0.5251714205886524,0.7285962026693925
30.0,92,bench_92_front,-6.335896882074363,-3.9643671203947584,0.3769803460958692,-0.6219913359492631,0.727315202191258
30.0,93,bench_93_front,-7.033734360279662,-2.4691979861978033,0.2306880059152502,-0.6883975379431571,0.7260221252271551
30.0,94,bench_94_front,-7.385542084183921,-0.8571374764613863,0.0732394738404927,-0.7210064139980552,0.7247166822660889
30.0,95,bench_95_front,-7.373121626300323,0.7928119870790759,-0.08765408490996951,-0.7180685429527517,0.723398694344752
30.0,96,bench_96_front,-6.9961413995475805,2.399173074964636,-0.24403644692518744,-0.6795795699097151,0.7220679879807326
30.0,97,bench_97_front,-6.272388837555398,3.881972887514632,-0.38810141635902723,-0.6073062808043375,0.7207243773345534
30.0,98,bench_98_front,-5.237127753600808,5.166779971004344,-0.5125846917550125,-0.504724618458813,0.7193677826397118
30.0,99,bench_99_front,-3.941550197026378,6.188525584209599,-0.6111382946559253,-0.3768699776781327,0.7179979075666368
30.0,100,bench_100_front,-2.4504044507939784,6.894905800401786,-0.6786663514066049,-0.23010520368483509,0.7166145555976329
30.0,101,bench_101_front,-0.8388916184755159,7.249207261429816,-0.7116027313216007,-0.07181687390110435,0.7152175267716034
30.0,102,bench_102_front,0.8110206005769806,7.2323941415973145,-0.7081169221963167,0.08994623170123822,0.7138066265439382
30.0,103,bench_103_front,2.4147339215804995,6.844331288440205,-0.6682350342652181,0.24687989487587902,0.7123817400196066
30.0,104,bench_104_front,3.889342620617508,6.1040439237946815,-0.5938664075348014,0.3908476512213907,0.7109424705723866
30.0,105,bench_105_front,5.1579570377480985,5.048994030352875,-0.48873333256706636,0.5143093197524431,0.7094887925445555
30.0,106,bench_106_front,6.1537937721880525,3.7333904268805416,-0.35820354005223115,0.6107235261832034,0.7080204810170369
30.0,107,bench_107_front,6.823838486322842,2.2255621645195562,-0.20903364786098058,0.6749072378794108,0.70653722172302
30.0,108,bench_108_front,7.131824004423601,0.6045654389402637,-0.049033510876751465,0.7033316552095183,0.7050387949671005
30.0,109,bench_109_front,7.06039781791977,-1.0438895566293096,0.11333569236210397,0.6943359335793771,0.7035249589195416
30.0,110,bench_110_front,6.6123093287820245,-2.6318804411428456,0.26940038550517087,0.6482446255494041,0.701995485928522
30.0,111,bench_111_front,5.8105522660654145,-4.073992446986873,0.410740987776979,0.5673820132304008,0.7004502180579225
30.0,112,bench_112_front,4.697411566613532,-5.291951951619867,0.5296516625533824,0.4559766439292131,0.6988888205247744
30.0,113,bench_113_front,3.3324533078842506,-6.218977567976732,0.6195701409453767,0.3199617613716355,0.6973110412800828
30.0,114,bench_114_front,1.789497902184765,-6.80361048750743,0.6754555940992661,0.16667774288411305,0.6957167020942756
30.0,115,bench_115_front,0.15280358995222934,-7.012742486624318,0.6940909466964129,0.004489490081106306,0.6941054659107009
30.0,116,bench_116_front,-1.4874585051843732,-6.83372937281248,0.6742903680361447,-0.15766098503480738,0.6924770657779687
30.0,117,bench_117_front,-3.040124060847248,-6.275389641050077,0.6169979439133471,-0.3107433400413269,0.6908313008060198
30.0,118,bench_118_front,-4.4181072506380605,-5.367837054666481,0.5252684310676645,-0.4461449929356503,0.6891678165714338
30.0,119,bench_119_front,-5.543389332063087,-4.161087982525915,0.40412986451301125,-0.5561623850625186,0.6874863969197748
30.0,120,bench_120_front,-6.3515355097389925,-2.722551019002868,0.2603298428087739,-0.634453903148487,0.6857866886118384
30.0,121,bench_121_front,-6.7955941573961605,-1.133424482189738,0.10197675228731953,-0.6764246425530943,0.684068384783386
30.0,122,bench_122_front,-6.849033013124171,0.5157108926453563,-0.06190074489290713,-0.6795175900799393,0.682331193370452
30.0,123,bench_123_front,-6.5075937223613725,2.129997804740294,-0.22186346421532727,-0.6433961973298785,0.6805748037447271
30.0,124,bench_124_front,-5.789875130454759,3.615724569277264,-0.3686028171028252,-0.5700000461099227,0.6787990051123034
30.0,125,bench_125_front,-4.73660294360256,4.885811901491526,-0.4934878171038676,-0.46346879844012595,0.6770033624417787
30.0,126,bench_126_front,-3.40858152140045,5.865030261373173,-0.5890849389576209,-0.329935078134487,0.6751875451238079
30.0,127,bench_127_front,-1.8834186202459586,6.494627025397738,-0.6496182837130584,-0.17719485264285906,0.6733512681635226
30.0,128,bench_128_front,-0.2511842239797227,6.73608099760296,-0.6713425171224706,-0.014268602960864105,0.6714941312675707
30.0,129,bench_129_front,1.3908079576628847,6.573732876999406,-0.6528010030656096,0.1491179009871471,0.6696157838628646
30.0,130,bench_130_front,2.943718443457302,6.016083227021054,-0.594953056703097,0.3031095451352318,0.6677159096745005
30.0,131,bench_131_front,4.3131532842563844,5.0956711455648405,-0.5011559912196961,0.438320029124435,0.6657940938961848
30.0,132,bench_132_front,5.414995568812557,3.8674790078922987,-0.37700084522960253,0.5464129713671593,0.6638499624027426
30.0,133,bench_133_front,6.180735120713521,2.4059293869660805,-0.23000630859966878,0.6206338892182137,0.6618831667611529
30.0,134,bench_134_front,6.561970829496494,0.8005802363344815,-0.0691843964667257,0.6562565443043274,0.6598932736865278
30.0,135,bench_135_front,6.53373525576439,-0.8491735644816624,0.09549571226751433,0.6509120789885818,0.657879902136186
30.0,136,bench_136_front,6.096451314377213,-2.440178134306767,0.2537165160484002,0.6047788592989586,0.6558426176840658
30.0,137,bench_137_front,5.276336624522779,-3.8719311742880387,0.39546081004611117,0.5206153695983459,0.6537810148240377
30.0,138,bench_138_front,4.124171324687704,-5.053036394178617,0.5116530708141788,0.40362983677361014,0.6516946447589317
30.0,139,bench_139_front,2.712460197809113,-5.907191076586405,0.5947595002209682,0.2611882716063179,0.6495830788496508
30.0,140,bench_140_front,1.1311607780289596,-6.37833824489287,0.6393004393175088,0.10237718747016741,0.6474458589147525
30.0,141,bench_141_front,-0.5178753704470413,-6.434663917649596,0.6422430104859403,-0.0625573518920026,0.6452825015400492
30.0,142,bench_142_front,-2.1273152021792274,-6.071078203163476,0.6032427558997352,-0.22285912172100836,0.6430925366382094
30.0,143,bench_143_front,-3.5913151210534004,-5.310016537127609,0.5247141124225709,-0.36796261220647697,0.6408754822562809
30.0,144,bench_144_front,-4.812525048365157,-4.200449672305277,0.4117193059396934,-0.48819725316519713,0.638630836149889
30.0,145,bench_145_front,-5.708755485200134,-2.815072744323596,0.2716768465753459,-0.575450516838362,0.6363580802462259
30.0,146,bench_146_front,-6.218736913993936,-1.245864503299926,0.11390484111165385,-0.6237415997050213,0.6340566978048967
30.0,147,bench_147_front,-6.306644425825012,0.40179596045800803,-0.050977528447496666,-0.6296659562523516,0.6317261470525054
30.0,148,bench_148_front,-5.964993637377241,2.0160325381798074,-0.21175129541208584,-0.5926742761852777,0.6293658782937309
30.0,149,bench_149_front,-5.215664437225118,3.4860731046338924,-0.35736040356937304,-0.5151617073616542,0.6269753127285315
30.0,150,bench_150_front,-4.108940297345191,4.709861009806624,-0.4776793755940646,-0.4023555222187178,0.6245538824855967
30.0,151,bench_151_front,-2.7205170710354714,5.601364265661646,-0.5642377196777204,-0.2620027506982573,0.6221009931518893
30.0,152,bench_152_front,-1.1466744974906165,6.09687943456187,-0.6108479106218301,-0.10386938278001653,0.619616025123751
30.0,153,bench_153_front,0.5021156867554373,6.159949901971561,-0.6140846214988775,0.06091372857239576,0.617098375212584
30.0,154,bench_154_front,2.108829832851193,5.784482170038245,-0.5735807321759163,0.22062100419740327,0.6145473812624466
30.0,155,bench_155_front,3.558110477787463,4.99575166016195,-0.4921107875195993,0.3637649524558532,0.6119623908610474
30.0,156,bench_156_front,4.744652999072929,3.8491862148994915,-0.3754470488711682,0.47993551365775333,0.6093427473729386
30.0,157,bench_157_front,5.581074690214767,2.426900672687687,-0.2319951947761889,0.5605784942969679,0.6066877439568872
30.0,158,bench_158_front,6.004661601432733,0.8321946600862372,-0.07222221655067582,0.5996631712863174,0.6039966618787359
30.0,159,bench_159_front,5.982491514960534,-0.8176582211653179,0.09208138669152023,0.5941760230711856,0.6012687653352062
30.0,160,bench_160_front,5.514482485554653,-2.39989709009791,0.24865882565566913,0.544403391899748,0.5985033539491713
30.0,161,bench_161_front,4.63405301512403,-3.795368612107359,0.3857034099819673,0.4539723736715439,0.5956996193793423
30.0,162,bench_162_front,3.406258565040793,-4.897643627184697,0.4927656117096467,0.3296379810543206,0.5928567673874955
30.0,163,bench_163_front,1.923464409571122,-5.62139023338906,0.5615794126440277,0.18082556672160527,0.5899740013642981
30.0,164,bench_164_front,0.2987916649284648,-5.909373239169104,0.5867445828261397,0.018950644936143218,0.5870505365122466
30.0,165,bench_165_front,-1.34223318027675,-5.737472890165856,0.5662008455167497,-0.14343094271188683,0.5840854670261046
30.0,166,bench_166_front,-2.8712327888926437,-5.117266557222353,0.5014547431578006,-0.29358931093338636,0.581077914680808
30.0,167,bench_167_front,-4.167083675518746,-4.095852669474017,0.39752846696974287,-0.4196263835718998,0.5780269750114998
30.0,168,bench_168_front,-5.125672581541051,-2.7528656336226707,0.26262643909764577,-0.5114428196438773,0.5749316518321017
30.0,169,bench_169_front,-5.668643118799226,-1.194763224049845,0.10753414246757982,-0.5615882957121883,0.5717910507144703
30.0,170,bench_170_front,-5.750282450708907,0.4532141514419345,-0.055208317786258745,-0.5659176338981854,0.5686041916040623
30.0,171,bench_171_front,-5.361958129470436,2.056872412074006,-0.2123011837127485,-0.5239957298747369,0.5653700713097506
30.0,172,bench_172_front,-4.533645029433577,3.483897484677281,-0.3507713615925385,-0.4392062139679357,0.5620877569397251
30.0,173,bench_173_front,-3.3322845590585866,4.614922601095102,-0.45906350679317737,-0.3185419157155348,0.5587559890837615
30.0,174,bench_174_front,-1.8569805262980104,5.353820789780797,-0.5280395165331052,-0.17208805734333577,0.5553737754888313
30.0,175,bench_175_front,-0.23135008738306595,5.636344951784889,-0.5518045160991794,-0.012223270399869169,0.5519398810801026
30.0,176,bench_176_front,1.4064791120971043,5.436345152442887,-0.5282756271476424,0.14739680649721518,0.5484532403075146
30.0,177,bench_177_front,2.9154512621244772,4.768887796853453,-0.4594373259121852,0.2929968612028751,0.5449126692563464
30.0,178,bench_178_front,4.163760231561082,3.6898987768029397,-0.35124758502883996,0.4118848791393668,0.5413169308752894
30.0,179,bench_179_front,5.040652315884642,2.2921979119020786,-0.21319117244672103,0.4935918681819894,0.5376647732040792
30.0,180,bench_180_front,5.466718504519111,0.6981552945819756,-0.057503660422139447,0.5308493485247494,0.5339547750428828
30.0,181,bench_181_front,5.401753630242158,-0.9505606796647471,0.10187458764269604,0.5203061226366263,0.5301857154436824
30.0,182,bench_182_front,4.849316113069414,-2.505335345087943,0.25053112456659715,0.46290929378419915,0.5263562089007688
30.0,183,bench_183_front,3.8574643872109085,-3.8239500246761846,0.3748924412005248,0.36390249599144175,0.5224647060405997
30.0,184,bench_184_front,2.515426082445344,-4.783858352617893,0.4634983975795565,0.23242576108886856,0.5185098832004618
30.0,185,bench_185_front,0.9462918386689094,-5.294075274209494,0.5081158462037996,0.08073614580660503,0.5144900760977891
30.0,186,bench_186_front,-0.7036708411596021,-5.3044858845841425,0.5045795685874058,-0.07688682254974277,0.5104038837211647
30.0,187,bench_187_front,-2.2783460686387444,-4.811639221636527,0.45327014919428815,-0.22546535490308175,0.5062493994190855
30.0,188,bench_188_front,-3.626450622887046,-3.860257234108608,0.3591675098421291,-0.350753579031118,0.5020252716042636
30.0,189,bench_189_front,-4.616310984931964,-2.540155377766753,0.2314547846861502,-0.44063983731466616,0.49772962899832235
30.0,190,bench_190_front,-5.1492743579857745,-0.978603140504604,0.08269818355975839,-0.4863803113926112,0.4933607167929535
30.0,191,bench_191_front,-5.170305920907935,0.6712593916958922,-0.07233747198622609,-0.4835357857921208,0.4889167270558063
30.0,192,bench_192_front,-4.6746487805832215,2.245052312615375,-0.21813162212468779,-0.43250186169809,0.48439577304417236
30.0,193,bench_193_front,-3.709650776649594,3.5834380115075812,-0.3399694511305231,-0.3385630119545755,0.47979593658736125
30.0,194,bench_194_front,-2.3713362425677196,4.548540768540892,-0.42547146730049185,-0.2114438421890395,0.47511521538096096
30.0,195,bench_195_front,-0.7958388749229566,5.038750641988061,-0.4659239483842903,-0.06438540789699872,0.4703515774695241
30.0,196,bench_196_front,0.8537116952769529,5.000343900762801,-0.45726618800919355,0.08718117574377768,0.4655028722795667
30.0,197,bench_197_front,2.4036442545003105,4.43448285904065,-0.40061029418387406,0.22722962281185746,0.46056694333105275
30.0,198,bench_198_front,3.6879836311211287,3.398644928336764,-0.3022200940666465,0.34085319840038225,0.4555413132937813
30.0,199,bench_199_front,4.56659297793639,2.002021400198507,-0.17292816277893233,0.41590566648001437,0.4504238813520902
30.0,200,bench_200_front,4.941212693265668,0.39511318573024146,-0.02702735160437141,0.4443908961152488,0.4452120239670759
30.0,201,bench_201_front,4.767566828611321,-1.245722436787695,0.11925640355259406,0.4234297662192252,0.4399032356197973
30.0,202,bench_202_front,4.061895211316162,-2.7372118444140123,0.24955651970432752,0.3556788119534907,0.4344949640669993
30.0,203,bench_203_front,2.900942347042922,-3.9096857126885234,0.3492322401791378,0.2491276589794023,0.4289845545577327
30.0,204,bench_204_front,1.4149966764489132,-4.6269497704075455,0.4070903503895371,0.11627213507410747,0.423369534538053
30.0,205,bench_205_front,-0.22557318932808834,-4.803098001723323,0.41675544461694686,-0.02726881103521306,0.41764660740049503
30.0,206,bench_206_front,-1.8290761182369173,-4.414164794284262,0.3775098464964608,-0.16454889370495995,0.4118130918527331
30.0,207,bench_207_front,-3.204627072728476,-3.5029206696906314,0.29447530016486656,-0.27930500167165906,0.4058657245518445
30.0,208,bench_208_front,-4.185143238530928,-2.1758591572382864,0.1780894913265824,-0.35794623352643906,0.3998016671009826
30.0,209,bench_209_front,-4.648515760308058,-0.5922565576514924,0.042907268800046805,-0.3912721674436518,0.3936177622160013
30.0,210,bench_210_front,-4.534169515220301,1.0537717211443034,-0.09415204366911835,-0.37569237970381575,0.3873104329792674
30.0,211,bench_211_front,-3.8526964494880658,2.5564622702652504,-0.21590815855816,-0.31376771721339214,0.3808759815179723
30.0,212,bench_212_front,-2.6868915521481935,3.724110964231283,-0.30712106637106923,-0.21397602424020556,0.37431148574221945
30.0,213,bench_213_front,-1.1835756022856296,4.404217930873406,-0.35650287880552645,-0.08969297944811694,0.3676127489069282
30.0,214,bench_214_front,0.4633615675052914,4.504759557619833,-0.35826398521508246,0.042502914385059556,0.3607763584735238
30.0,215,bench_215_front,2.0369619684042317,4.008478724583478,-0.31296159937733015,0.16500964999599083,0.3537981730826431
30.0,216,bench_216_front,3.325502422806656,2.9778649914480093,-0.2275057397788886,0.2615801749177128,0.3466742700898361
30.0,217,bench_217_front,4.1515250071252465,1.5495138000998798,-0.11428120691858017,0.31958186022451346,0.3394005887433429
30.0,218,bench_218_front,4.3976022529251395,-0.08203288311341803,0.010526171462562784,0.3318060556057017,0.3319729790544304
30.0,219,bench_219_front,4.025038626303645,-1.689424452879537,0.1291936928487061,0.2975496933315583,0.3243868528063216
30.0,220,bench_220_front,3.082353875251393,-3.0436189008530845,0.22500983000927738,0.22277812002442765,0.3166378283819263
30.0,221,bench_221_front,1.7015982551066815,-3.9469592799563995,0.2847377924742033,0.11930348011345093,0.3087214453682527
30.0,222,bench_222_front,0.08222343553076314,-4.263395183693993,0.3006172011281262,0.0030615430751108398,0.3006327903940437
30.0,223,tail_rear,-1.5360207083454147,-3.941228969991931,0.2715755149268615,-0.10828457271564088,0.29236759224647124
40.0,0,head_front,-2.4111996871684225,-8.867277029367253,0.7830288190923724,-0.22226044811405105,0.8139618162574054
40.0,1,bench_1_front,-5.009124063289995,-7.671273212027603,0.6756861852741964,-0.4519913551508418,0.8129255846026069
40.0,2,bench_2_front,-6.293942691333113,-6.6360226271827605,0.583126100937636,-0.5655321277071065,0.8123192950211493
40.0,3,bench_3_front,-7.37183678956307,-5.386769627242067,0.4715593722447863,-0.6606840418581775,0.811709088724498
40.0,4,bench_4_front,-8.20727893871202,-3.96391087463993,0.34456170578800993,-0.7342697807085724,0.8110948649556093
40.0,5,bench_5_front,-8.77249182322335,-2.4137430382555753,0.20624081991617013,-0.7837965418876669,0.8104765850256004
40.0,6,bench_6_front,-9.048435216428361,-0.7869798985131481,0.06110642750741344,-0.8075457958798518,0.8098544362574931
40.0,7,bench_7_front,-9.02550444831505,0.8628637988397587,-0.08607431966795065,-0.8046374380445837,0.8092281478107715
40.0,8,bench_8_front,-8.703936860670995,2.4812282329924056,-0.2304314320287662,-0.7750687469661861,0.8085976795604609
40.0,9,bench_9_front,-8.093890071940102,4.014311753666074,-0.3671535433308972,-0.7197238844774686,0.8079629906547512
40.0,10,bench_10_front,-7.215191711283237,5.410869470187997,-0.49164978701951495,-0.6403534856668116,0.8073240363583695
40.0,11,bench_11_front,-6.096753922473489,6.623959109701061,-0.5997038876470812,-0.5395267615938498,0.8066807790786699
40.0,12,bench_12_front,-4.77569396339946,7.6125377759985575,-0.6876234723330976,-0.4205517698924318,0.8060333931439089
40.0,13,bench_13_front,-3.2961459290393247,8.342909886567965,-0.7523666448809965,-0.2873736509092707,0.8053813901291802
40.0,14,bench_14_front,-1.7078467744250978,8.789921504389524,-0.7916546872885222,-0.14444756355594834,0.8047249483662958
40.0,15,bench_15_front,-0.06449176771680566,8.93789893447711,-0.8040568058382764,0.0034069658989863026,0.8040640238385801
40.0,16,bench_16_front,1.578057010531676,8.781268004976361,-0.7890487626629834,0.1511665187713794,0.8033985724766026
40.0,17,bench_17_front,3.163673892531079,8.324832257470646,-0.7470408715887515,0.29377441294034673,0.8027287646039146
40.0,18,bench_18_front,4.637860020708967,7.583709641241601,-0.679373447391838,0.4263131141400459,0.8020543325167281
40.0,19,bench_19_front,5.949679970814038,6.582889625353648,-0.5882820518893516,0.5441750521892039,0.8013752304634008
40.0,20,bench_20_front,7.05350462058436,5.356484809429533,-0.47682891345167305,0.6432269555534307,0.8006914068816015
40.0,21,bench_21_front,7.910681123570245,3.9466072152783322,-0.348807384012375,0.7199566459880271,0.8000026020231971
40.0,22,bench_22_front,8.490920100729129,2.401996341606235,-0.20861639917543529,0.7716050703883903,0.7993091934001494
40.0,23,bench_23_front,8.773442250690694,0.776367873518054,-0.06111460820916981,0.7962690525671856,0.7986109186661573
40.0,24,bench_24_front,8.747792668225907,-0.8734316271863887,0.08854689117039807,0.7929793086787515,0.7979077239434226
40.0,25,bench_25_front,8.414302193632368,-2.489377387602657,0.23510091711647227,0.7617445079002365,0.7971995587964031
40.0,26,bench_26_front,7.784181725907026,-4.01431401251135,0.3733501064252353,0.7035625344154457,0.7964863726397456
40.0,27,bench_27_front,6.879220349318154,-5.394001155142156,0.49835333359880085,0.620395711723033,0.795768109585554
40.0,28,bench_28_front,5.731116558122613,-6.579053236271905,0.6056031789906765,0.5151125038498306,0.7950447169977644
40.0,29,bench_29_front,4.3804303973988015,-7.526764433352445,0.6911935303129063,0.39139489192645777,0.7943163461572109
40.0,30,bench_30_front,2.8752356501426486,-8.202687842832963,0.7519656924263531,0.2536155135713388,0.7935825296150986
40.0,31,bench_31_front,1.26941709258005,-8.581978760535131,0.7856324831564606,0.10668779753344866,0.792843417537867
40.0,32,bench_32_front,-0.3791652520609571,-8.650359726561643,0.7908702547230628,-0.04410569982816992,0.7920991557646396
40.0,33,bench_33_front,-2.010785685304288,-8.404756934236218,0.7673778135306456,-0.19330103875228238,0.7913494804963137
40.0,34,bench_34_front,-3.5659815893442293,-7.853513895104336,0.7159000990995563,-0.33544962304197795,0.790594334339527
40.0,35,bench_35_front,-4.987738888359246,-7.016200692668215,0.6382126832558892,-0.46531866612474315,0.7898334572001823
40.0,36,bench_36_front,-6.223618287626442,-5.922996791974534,0.537069506148643,-0.5780859612646265,0.7890671917181671
40.0,37,bench_37_front,-7.227714983466322,-4.613692058551057,0.4161108470510423,-0.6695233462169833,0.7882954700891807
40.0,38,bench_38_front,-7.962433911786759,-3.136297916592795,0.27974050097702996,-0.7361586734199312,0.7875178349334525
40.0,39,bench_39_front,-8.399957086160507,-1.545360000188244,0.13297043639034944,-0.7754159613801495,0.7867344215915186
40.0,40,bench_40_front,-8.523386035407258,0.10001863776918897,-0.018759008336875937,-0.7857212646837837,0.7859451674067774
40.0,41,bench_41_front,-8.327482773407699,1.7383439647239252,-0.16977870525919736,-0.7665742161587932,0.7851502006870772
40.0,42,bench_42_front,-7.818979273226278,3.308030544479601,-0.31440115729663576,-0.7185789255844041,0.7843492589424054
40.0,43,bench_43_front,-7.0164401930446845,4.749711666964846,-0.447134767774333,-0.6434353115690845,0.7835422775617227
40.0,44,bench_44_front,-5.949693342236781,6.0084967753022,-0.5628961014732441,-0.543886897358163,0.7827291857160211
40.0,45,bench_45_front,-4.658788107930137,7.036140027265013,-0.6572069768623328,-0.423629680699086,0.781909916042594
40.0,46,bench_46_front,-3.1925762740024717,7.792927297791777,-0.7263744137664514,-0.28718120457023066,0.7810843957172392
40.0,47,bench_47_front,-1.6069385058930132,8.24928431427659,-0.7676409299789413,-0.1397192224340465,0.7802525607112792
40.0,48,bench_48_front,0.03730318848943785,8.387027713289953,-0.7793041878213929,0.013113914910872482,0.7794145186742741
40.0,49,bench_49_front,1.6766857694762145,8.200184855917854,-0.7607936642352455,0.16542059725205613,0.7785698257290212
40.0,50,bench_50_front,3.2475541992077313,7.695347814950675,-0.7127085025956038,0.3112760857889698,0.7777185938732402
40.0,51,bench_51_front,4.688528222136536,6.891543066363831,-0.6368078033274946,0.444959240778979,0.7768609298538539
40.0,52,bench_52_front,5.942921810202849,5.8196234642764955,-0.5359556374289747,0.5611793245442445,0.7759965718918048
40.0,53,bench_53_front,6.961032000138587,4.521177153236829,-0.41402280445754663,0.6552896848857142,0.7751254438660302
40.0,54,bench_54_front,7.70217370917201,3.04699868267988,-0.2757460037071,0.7234799823690838,0.7742474691267682
40.0,55,bench_55_front,8.1363911000726,1.4551598001471622,-0.12654932402077318,0.762938348900204,0.7733625641525997
40.0,56,bench_56_front,8.245753616048296,-0.19121664111595196,0.02766268878678113,0.7719751760570799,0.772470644619764
40.0,57,bench_57_front,8.025205315549163,-1.8264068303802834,0.18073418735434368,0.7501054647306852,0.7715718078685043
40.0,58,bench_58_front,7.482903366762716,-3.384745490239666,0.32650508295513203,0.6980830337619578,0.7706656156997251
40.0,59,bench_59_front,6.640038081689956,-4.80321777370192,0.4590580580074291,0.6178870085174281,0.7697523341414226
40.0,60,bench_60_front,5.53009464806703,-6.024094798299346,0.5729628719631602,0.5126555675798612,0.7688317004513422
40.0,61,bench_61_front,4.197655044149303,-6.997286205510117,0.6635036790405641,0.38657320482669777,0.7679036233736288
40.0,62,bench_62_front,2.696666592521213,-7.682510421512344,0.7268804133909144,0.24471371337118714,0.7669680155542747
40.0,63,bench_63_front,1.0883520384281322,-8.051032267544288,0.7603776898741564,0.09284258647320996,0.766024788842629
40.0,64,bench_64_front,-0.5612528193137556,-8.086981963996916,0.7624909632299626,-0.06281339913976873,0.7650738474937226
40.0,65,bench_65_front,-2.1839684177502496,-7.78814560776513,0.7330041837414981,-0.21581705484553632,0.7641152626042365
40.0,66,bench_66_front,-3.7122728677806256,-7.166212792267424,0.6730153577842761,-0.35978622712610203,0.7631486100643389
40.0,67,bench_67_front,-5.082138606971641,-6.246445935342838,0.5849083359275956,-0.48866310047711614,0.7621741186930301
40.0,68,bench_68_front,-6.235766124360727,-5.066762473602945,0.47226860321940595,-0.5969714427900856,0.761191524580828
40.0,69,bench_69_front,-7.124071099297842,-3.676290517112802,0.339748742637238,-0.6800558380342598,0.7602007307073991
40.0,70,bench_70_front,-7.708874148788131,-2.1334004899805774,0.19288367234662204,-0.7342908189735432,0.7592016319046976
40.0,71,bench_71_front,-7.964635499240902,-0.5033438117782094,0.03786798273745873,-0.7572478786472217,0.7581941267461267
40.0,72,bench_72_front,-7.8796948337659485,1.144471653390455,-0.11870198151681355,-0.7478158360719438,0.7571781065878742
40.0,73,bench_73_front,-7.456927503228409,2.7393920412691757,-0.27010451952297926,-0.7062659666792316,0.7561534679918416
40.0,74,bench_74_front,-6.7137858172827825,4.2125697912161435,-0.409783304520045,-0.6342586279820297,0.7551200989465283
40.0,75,bench_75_front,-5.681716098108656,5.4999447559809855,-0.5316326196446826,-0.5347900980514003,0.7540780405528954
40.0,76,bench_76_front,-4.404942757012003,6.545104476454737,-0.6302695498510558,-0.4120798166035201,0.7530268791493723
40.0,77,bench_77_front,-2.9386952338602366,7.301822012562338,-0.7012811167875027,-0.27140165787905424,0.7519667975796712
40.0,78,bench_78_front,-1.346900119818929,7.736214373953464,-0.7414296338590878,-0.1188672492586692,0.7508976793883062
40.0,79,bench_79_front,0.30052397216113663,7.828374961345454,-0.7488127679778989,0.03883466509951318,0.749819106651807
40.0,80,bench_80_front,1.930710527213572,7.573423238047602,-0.7229664848316941,0.1947253283477721,0.7487312546501875
40.0,81,bench_81_front,3.471034218101277,6.981899148588194,-0.6649048220253305,0.3418449323319622,0.7476338543121093
40.0,82,bench_82_front,4.852384087209932,6.079471334918506,-0.5770947833431208,0.47356503318491383,0.7465267775621127
40.0,83,bench_83_front,6.012292257740276,4.905971037211411,-0.46336509559711647,0.5838909992939529,0.7454098945373718
40.0,84,bench_84_front,6.897851560318631,3.513752756086174,-0.3287527717432031,0.667741656050446,0.7442830806580455
40.0,85,bench_85_front,7.468221953288454,1.9654711449360007,-0.17928973309284527,0.7211946178141853,0.7431463416828831
40.0,86,bench_86_front,7.696636666937621,0.33135923170223625,-0.02174090506427202,0.7416808263523835,0.7419994037273671
40.0,87,bench_87_front,7.571805613343353,-1.3139141347172114,0.1366958682944686,0.7281216275532841,0.740841997270418
40.0,88,bench_88_front,7.098622622053823,-2.894608949416766,0.28871660006447486,0.6809997950793678,0.7396742499580007
40.0,89,bench_89_front,6.2981359831795505,-4.337427547436931,0.42724762066451555,0.6023584016633304,0.7384958858503491
40.0,90,bench_90_front,5.206774543295586,-5.574933360423752,0.5457786539697306,0.4957286835559939,0.7373067657557264
40.0,91,bench_91_front,3.87482693969742,-6.548792660662724,0.6386770235349294,0.36598469138951034,0.7361067413921107
40.0,92,bench_92_front,2.364253558013005,-7.212617900092549,0.7014644248968394,0.21913304869595046,0.7348956609115578
40.0,93,bench_93_front,0.7459203689252231,-7.534303898117256,0.7310452391140279,0.06204562667579373,0.7336734978318885
40.0,94,bench_94_front,-0.9036706709690722,-7.497738946447647,0.7258736987171033,-0.09785542605732125,0.7324399708495625
40.0,95,bench_95_front,-2.505947302161679,-7.103767447788178,0.6860506029992414,-0.2529438515168235,0.7311949274275551
40.0,96,bench_96_front,-3.983995815973089,-6.370371457133338,0.6133417580151342,-0.395754772119811,0.7299383205317412
40.0,97,bench_97_front,-5.266308604426584,-5.332018089782485,0.5111168216746419,-0.519345133102265,0.7286698653545356
40.0,98,bench_98_front,-6.290297285792257,-4.038211136680421,0.3842099723772109,-0.6176390835691322,0.7273894008206434
40.0,99,bench_99_front,-7.00546964305217,-2.5512638909267342,0.2387042014777776,-0.6857381445135822,0.7260967557041375
40.0,100,bench_100_front,-7.376047152329636,-0.9434196385536892,0.08165154713533503,-0.7201778338342588,0.7247917545721662
40.0,101,bench_101_front,-7.382914632005449,0.7065688751154491,-0.07925960883152756,-0.7191196184987005,0.7234743335473922
40.0,102,bench_102_front,-7.024787483196787,2.3172358421099224,-0.23607661184144915,-0.6824661759783683,0.7221442016751748
40.0,103,bench_103_front,-6.318511470869253,3.808435887250943,-0.38097536721590985,-0.6118922319407588,0.7208011750370145
40.0,104,bench_104_front,-5.298457244172321,5.105356814575937,-0.5066538424842864,-0.510786731912104,0.7194450650338354
40.0,105,bench_105_front,-4.015036758168495,6.142340022139999,-0.6067071801405983,-0.38410836203675586,0.7180757872402577
40.0,106,bench_106_front,-2.5323604341432593,6.866334725041392,-0.675965818287035,-0.2381577874466639,0.7166930439274202
40.0,107,bench_107_front,-0.9251690842324097,7.2397514672361485,-0.7107777015389167,-0.08027661813975133,0.7152966352674258
40.0,108,bench_108_front,0.7248248339129381,7.242589516889741,-0.7092176425471733,0.08151122474966224,0.7138863664900459
40.0,109,bench_109_front,2.3330649732453126,6.8737043848365165,-0.6712130163777366,0.23890450574832203,0.7124621226575836
40.0,110,bench_110_front,3.816436093853708,6.151125642592318,-0.5985752845472808,0.38374755498848395,0.7110235982233626
40.0,111,bench_111_front,5.097621299172477,5.11139053300171,-0.49493472070015193,0.5084584809570434,0.7095705776113336
40.0,112,bench_112_front,6.109227041213859,3.8078763127442024,-0.3655789559596009,0.606433670911813,0.7081029376129496
40.0,113,bench_113_front,6.797432399946966,2.3082474695571373,-0.21719932084026286,0.6724110831482824,0.7066202726458658
40.0,114,bench_114_front,7.1250261007719615,0.6910934814265496,-0.05755913786420961,0.7027693312886901,0.7051225335724449
40.0,115,bench_115_front,7.07362329190158,-0.9581077820952737,0.10490258931878857,0.6957453818240227,0.703609401284009
40.0,116,bench_116_front,6.644905311660909,-2.5514420159032465,0.26151226220962565,0.6515586570587375,0.7020807267502659
40.0,117,bench_117_front,5.8608214211229805,-4.003236019867392,0.4038261087366902,0.5724293924251596,0.7005361770884174
40.0,118,bench_118_front,4.762682170148031,-5.2347381881935044,0.5240884071904958,0.46249120483116235,0.698975516808458
40.0,119,bench_119_front,3.4092128066550558,-6.17846173632476,0.6156675421718333,0.327594624126392,0.6973985662735608
40.0,120,bench_120_front,1.8735835416045274,-6.782057126168829,0.6734347340759224,0.17501467935436535,0.6958049145050785
40.0,121,bench_121_front,0.23959592317261272,-7.011397537180207,0.6940713449503815,0.013072996917015323,0.6941944505177376
40.0,122,bench_122_front,-1.4027601275902104,-6.852725693509597,0.6762815316157328,-0.14930578302328829,0.6925669114596211
40.0,123,bench_123_front,-2.962246335074388,-6.3137280314031745,0.6208969394517115,-0.3030843515358662,0.690921944626467
40.0,124,bench_124_front,-4.351436816488117,-5.423425089995412,0.5308641650565498,-0.43961526722272304,0.6892592726372957
40.0,125,bench_125_front,-5.491719269857968,-4.230843214659012,0.4111133263653647,-0.551135442657167,0.6875786815107826
40.0,126,bench_126_front,-6.317847176702571,-2.8025506304236805,0.2683090850641423,-0.6312221048099278,0.6858798077860527
40.0,127,bench_127_front,-6.781860788228862,-1.2191441646257577,0.11050025282858014,-0.6751799110915891,0.6841624209329437
40.0,128,bench_128_front,-6.856107459144095,0.4291842490953826,-0.05332142475099756,-0.6803397716999262,0.6824260980459232
40.0,129,bench_129_front,-6.5351301111114255,2.047666615072272,-0.21372474350558818,-0.6462462880789573,0.6806706478483997
40.0,130,bench_130_front,-5.836336817157645,3.5423846390917797,-0.36138100142559654,-0.5747200450595562,0.6788956903564974
40.0,131,bench_131_front,-4.799328130413764,4.825786272848455,-0.487609857208893,-0.46978967391372173,0.677100960391608
40.0,132,bench_132_front,-3.4839261015580005,5.821895313599516,-0.5849030244247987,-0.3374903394400068,0.6752860706371838
40.0,133,bench_133_front,-1.9669645623789374,6.47098877621963,-0.6473872857108116,-0.18554121266348017,0.6734506955202042
40.0,134,bench_134_front,-0.3379657588807877,6.73341360282023,-0.6712035825614611,-0.022910665645725914,0.6715944816953683
40.0,135,bench_135_front,1.3059883999776523,6.592260869759189,-0.6547710365129122,0.1406979690180598,0.6697171259136206
40.0,136,bench_136_front,2.8659878172268662,6.054754140335058,-0.5989211653424398,0.2954228415994352,0.6678182519472129
40.0,137,bench_137_front,4.24725751946085,5.1521993001395066,-0.5068884861465094,0.4318373368332942,0.6658974567237602
40.0,138,bench_138_front,5.365003782821046,3.9384646936214756,-0.3841534443131887,0.54153626973926,0.6639543660680294
40.0,139,bench_139_front,6.149780137548849,2.487043528025559,-0.2381428665047176,0.6176705542900882,0.6619886241500745
40.0,140,bench_140_front,6.552031612889197,0.8868316673767835,-0.07780387329201104,0.6553978227847287,0.659999809704671
40.0,141,bench_141_front,6.5455011570225,-0.7631546973254817,0.08692971737095642,0.6522199257432346,0.6579875434221417
40.0,142,bench_142_front,6.1292559364268415,-2.359789967627996,0.2457436345647875,0.6081794795900825,0.6559513803046498
40.0,143,bench_143_front,5.3281763661522845,-3.8022776648426126,0.3885885355874342,0.5259014009396553,0.6538909186556109
40.0,144,bench_144_front,4.191810117195566,-4.998589203145852,0.5063239736717412,0.41047133684224457,0.6518057108401256
40.0,145,bench_145_front,2.7916159868595933,-5.87149279018857,0.5913216804793574,0.26915179841692005,0.6496953289011654
40.0,146,bench_146_front,1.2167558050796987,-6.363758990294593,0.6379833519705558,0.11095173678202297,0.6475592986642484
40.0,147,bench_147_front,-0.43137883319863074,-6.442220604591877,0.6431401751479906,-0.05392790038625268,0.6453971671222749
40.0,148,bench_148_front,-2.045569682841084,-6.100352871096948,0.6063035064428707,-0.2147397931931634,0.6432084582043077
40.0,149,bench_149_front,-3.5197210960150973,-5.359158948664252,0.529744029605099,-0.36089177634162706,0.6409926763491631
40.0,150,bench_150_front,-4.755879970907786,-4.266260759367507,0.41839108477591846,-0.4826485317724961,0.6387493287997381
40.0,151,bench_151_front,-5.670891989898413,-2.893217701419814,0.2795498702943574,-0.5718006592637395,0.6364779052850453
40.0,152,bench_152_front,-6.202271244777138,-1.3311273586481414,0.12245201182454246,-0.6222435826779543,0.6341778704620448
40.0,153,bench_153_front,-6.312770710581769,0.31516989899384895,-0.0423338377578988,-0.6304289256813718,0.6318487035320091
40.0,154,bench_154_front,-5.993373776826216,1.933961908232755,-0.20360283098756313,-0.5956537078742209,0.6294898350970076
40.0,155,bench_155_front,-5.264432430413033,3.414207946655001,-0.35026996835461255,-0.5201598234981551,0.6271007038050374
40.0,156,bench_156_front,-4.174783908207596,4.653231487278424,-0.4721423860577949,-0.4090325169547496,0.6246807445717255
40.0,157,bench_157_front,-2.7989062665972257,5.563975363236528,-0.5606469029126047,-0.26989704540693393,0.6222293506938483
40.0,158,bench_158_front,-1.2321494454332922,6.0814319159631784,-0.6094627350579275,-0.1124284684437729,0.619745904335722
40.0,159,bench_159_front,0.4155956867666795,6.1676242060274955,-0.6150104286002629,0.05229538079424809,0.617229806587056
40.0,160,bench_160_front,2.0274389106698925,5.814816757278088,-0.5767585138674255,0.21255965544561164,0.6146803969883198
40.0,161,bench_161_front,3.487722843607013,5.046650356974368,-0.497318247468921,0.3568436070405615,0.6120970504350415
40.0,162,bench_162_front,4.690418808103912,3.917032420484725,-0.3823126116810507,0.47465967129948955,0.609479069869118
40.0,163,bench_163_front,5.547014321555174,2.506806588421428,-0.2400211241776738,0.5573395393799065,0.6068257593475418
40.0,164,bench_164_front,5.9933631369739375,0.9183207959285413,-0.08081966175840402,0.5987060842573585,0.6041364026885999
40.0,165,bench_165_front,5.994882562215214,-0.7316820955430366,0.083550191270341,0.5955784357196954,0.6014102655888324
40.0,166,bench_166_front,5.549729758828125,-2.320501924929273,0.24083318665385542,0.5480667787500899,0.5986466551843005
40.0,167,bench_167_front,4.689586236229516,-3.728573083462549,0.37917644451161864,0.4596260874596821,0.595844708247013
40.0,168,bench_168_front,3.477939979575566,-4.84857202945661,0.4880378037817682,0.3368568379152661,0.5930037328469387
40.0,169,bench_169_front,2.0058623749666347,-5.593877586373221,0.5590185011997565,0.18905905669956677,0.5901228783937733
40.0,170,bench_170_front,0.3855811290758707,-5.905633122388265,0.5865539942724336,0.027564349134579013,0.5872013126178781
40.0,171,bench_171_front,-1.2577935970605194,-5.757894394762446,0.5684010889484791,-0.1351089830310584,0.5842381665155946
40.0,172,bench_172_front,-2.7957935007594963,-5.160343064152388,0.5058781355220889,-0.2862142992599007,0.5812325809004009
40.0,173,bench_173_front,-4.10665422571869,-4.158268191047283,0.40382902044278196,-0.4137856179742091,0.578183721142402
40.0,174,bench_174_front,-5.085146377389271,-2.8297143739343955,0.2703034307849941,-0.5076073704065245,0.5750905904161228
40.0,175,bench_175_front,-5.651371593214634,-1.2799150871134815,0.11597067806861391,-0.5600715732494337,0.571952240430781
40.0,176,bench_176_front,-5.757771179389724,0.36664997190102944,-0.04669721214627057,-0.5668474811398656,0.5687676999415878
40.0,177,bench_177_front,-5.39370244818161,1.975981874439335,-0.20441424162502492,-0.5273003335512467,0.5655358732586202
40.0,178,bench_178_front,-4.587122835988967,3.4154054560234086,-0.34416340743028667,-0.4446157223581155,0.5622558061790508
40.0,179,bench_179_front,-3.403122129225952,4.564603064488438,-0.45428902038928076,-0.325607484465064,0.5589264244835086
40.0,180,bench_180_front,-1.9392937055047832,5.325985752190637,-0.5255038583590679,-0.18021590062077913,0.5555466460944803
40.0,181,bench_181_front,-0.31819576139760797,5.633459820874223,-0.5517262924664136,-0.02072356128232074,0.5521153573221421
40.0,182,bench_182_front,1.3225348542614845,5.458767568848662,-0.5306643388234098,0.13925385564243245,0.5486312758220863
40.0,183,bench_183_front,2.8416797050007956,4.8147910619557415,-0.4640881848041033,0.2859176089101837,0.5450933152770122
40.0,184,bench_184_front,4.106651403604378,3.755379597295524,-0.35775618555406197,0.40648868753471457,0.5415002690635409
40.0,185,bench_185_front,5.005315573076511,2.3715760317476278,-0.2209837562107227,0.49035672686962944,0.5378508530208876
40.0,186,bench_186_front,5.456401169904893,0.784428480598669,-0.06588661251192521,0.5300646601710367,0.5341437911934699
40.0,187,bench_187_front,5.417499707547487,-0.8651097223145614,0.0936555956320458,0.522043137707553,0.5303776090869037
40.0,188,bench_188_front,4.889824117486302,-2.4284570092589206,0.24322248580861672,0.4670103782419897,0.526550919654167
40.0,189,bench_189_front,3.919145379905308,-3.7627300482181463,0.36916412436460344,0.3699917294645029,0.5226624442123409
40.0,190,bench_190_front,2.592673438999281,-4.7440411365243165,0.45988091332802183,0.23993820793927437,0.5187107074974701
40.0,191,bench_191_front,1.0319719232697788,-5.279483816546535,0.5069462531896565,0.088969057118886,0.5146940807388938
40.0,192,bench_192_front,-0.6176087783284222,-5.316624562278648,0.5059666496105086,-0.06871195236919678,0.5106109898116863
40.0,193,bench_193_front,-2.200098047280601,-4.8494862293150724,0.45707928329143427,-0.21812895265342164,0.506459979860097
40.0,194,bench_194_front,-3.5635918357948326,-3.9203009936657933,0.3650280310261146,-0.34496202713380686,0.502239249361365
40.0,195,bench_195_front,-4.575039661524277,-2.616666967534438,0.2387932520181531,-0.4369543526278288,0.4979471091288814
40.0,196,bench_196_front,-5.133762456594029,-1.0641384137278664,0.09079009422315634,-0.4851599193400416,0.4935817951901035
40.0,197,bench_197_front,-5.182225700023969,0.5851542775986525,-0.06429898583761239,-0.484897098677706,0.4891416521681653
40.0,198,bench_198_front,-4.712945126179741,2.167017632819749,-0.21095415078372182,-0.4363019662728883,0.48462465837642826
40.0,199,bench_199_front,-3.7705753902999843,3.521436374086208,-0.3343800883568887,-0.3444089192126678,0.4800286940619265
40.0,200,bench_200_front,-2.448764489814324,4.509016356510593,-0.42203895155092414,-0.21872954979823933,0.4753519670529867
40.0,201,bench_201_front,-0.8818230545867346,5.025930092180485,-0.46499763877978983,-0.07234925063090779,0.4705924118997605
40.0,202,bench_202_front,0.7681450626780437,5.015718688070323,-0.45893375329326985,0.07937721562790347,0.4657477131158956
40.0,203,bench_203_front,2.327577226482516,4.476577519976723,-0.4046841319101041,0.22041332774534794,0.4608158869522759
40.0,204,bench_204_front,3.629633512752707,3.463089508568981,-0.3082523596277692,0.33575180545204536,0.45579468193518413
40.0,205,bench_205_front,4.532386447212529,2.081959238352918,-0.18025376527361087,0.41306494053660003,0.4506817779717957
40.0,206,bench_206_front,4.935052120278676,0.48184947527402433,-0.03483470692039703,0.4441105082371484,0.445474578772895
40.0,207,bench_207_front,4.790302031917166,-1.1617858733820585,0.1118378433549787,0.4257257729511171,0.4401705771188243
40.0,208,bench_208_front,4.11114243513643,-2.665530461256732,0.2433585399838661,0.360276507702833,0.43476722620918473
40.0,209,bench_209_front,2.971256469585043,-3.858493031630493,0.34495184034236964,0.255487734817586,0.42926187205225763
40.0,210,bench_210_front,1.498405295910833,-4.602269794861715,0.40520621217865427,0.12364862862120743,0.4236520479687049
40.0,211,bench_211_front,-0.13871768084911495,-4.807974474504922,0.4174680263137474,-0.01974482205676984,0.4179346970429103
40.0,212,bench_212_front,-1.7490177601571961,-4.448205825189246,0.3807116743359429,-0.15776729345057777,0.41210665835241944
40.0,213,bench_213_front,-3.1409807831991343,-3.5622404548225233,0.29975988919159524,-0.27406963903591663,0.4061651858658434
40.0,214,bench_214_front,-4.14572870569467,-2.253430967016308,0.1847953979479752,-0.3548749388088469,0.4001069373271768
40.0,215,bench_215_front,-4.638328986025107,-0.6786772742290121,0.05019584659369949,-0.3907175599092403,0.393928717710056
40.0,216,bench_216_front,-4.554669342182049,0.9691994665033845,-0.0871934975717586,-0.37769349587106127,0.3876275052703299
40.0,217,bench_217_front,-3.9014989944212894,2.48441287212689,-0.2101515933355608,-0.318040052051087,0.3811996417759768
40.0,218,bench_218_front,-2.7579512273178772,3.673870830640923,-0.30328459529300056,-0.21994272949995325,0.3746416287626467
40.0,219,bench_219_front,-1.2678399341669282,4.382442574862342,-0.35505433421597515,-0.09655725718227902,0.3679495674139517
40.0,220,bench_220_front,0.3768691398841456,4.514506369997844,-0.35935550080378753,0.03565547098041781,0.36112004730944575
40.0,221,bench_221_front,1.9597486748528132,4.048671106263311,-0.31640485779054484,0.15908938010618862,0.3541489303894991
40.0,222,bench_222_front,3.2680699462636262,3.043288235719986,-0.23279339818297257,0.257368702828562,0.34703229739209096
40.0,223,tail_rear,4.12189159570151,1.631380500362585,-0.1206537447928739,0.31762190747518015,0.33976609931056373
50.0,0,head_front,6.769543843553298,-6.353454789174682,0.5659491218465114,0.5899512437679632,0.8175211792621669
50.0,1,bench_1_front,4.4977140378991285,-8.090796908453266,0.7179757577919799,0.38887348403660027,0.8165242037831651
50.0,2,bench_2_front,2.9835518593391748,-8.746405332841446,0.7750977786583203,0.2549187525867678,0.8159412582419497
50.0,3,bench_3_front,1.3769322933194679,-9.122280742314901,0.8075140024394092,0.1128012307256406,0.8153545129506142
50.0,4,bench_4_front,-0.27094911735839977,-9.205937984067884,0.8140970130626904,-0.03296047812852765,0.8147639779691144
50.0,5,bench_5_front,-1.9073094512241744,-8.994200146045738,0.7945410460594855,-0.17769831804578445,0.8141696175304027
50.0,6,bench_6_front,-3.479465506776858,-8.493382301371291,0.7493804729388688,-0.31674487698311315,0.8135713922681465
50.0,7,bench_7_front,-4.9365469388457495,-7.719163377011024,0.6799820861725339,-0.44558250664181037,0.8129694998834521
50.0,8,bench_8_front,-6.231141086443504,-6.696164137109625,0.5885083647065499,-0.5599934224192951,0.812363667628269
50.0,9,bench_9_front,-7.320874798336278,-5.457222649106919,0.4778560468840841,-0.6561993194299882,0.8117536254086357
50.0,10,bench_10_front,-8.169844180713701,-4.042385952061796,0.3515705029147417,-0.7309894546879767,0.8111395696085538
50.0,11,bench_11_front,-8.7498318129994,-2.497685472193598,0.21373393992361853,-0.7818329982275275,0.8105214581938704
50.0,12,bench_12_front,-9.041321230367238,-0.8736417760880364,0.06883873836699898,-0.8069684173864493,0.8098992521043287
50.0,13,bench_13_front,-9.034200417980296,0.7763440037362118,-0.07835750978214429,-0.8054707391291395,0.8092731374094293
50.0,14,bench_14_front,-8.728182157718413,2.3977216777999164,-0.22298657693537738,-0.7772903158408766,0.8086428436543334
50.0,15,bench_15_front,-8.132904149765753,3.9366035518843634,-0.36022981240432184,-0.7232647814043933,0.8080083302570573
50.0,16,bench_16_front,-7.267696065883816,5.341564845357645,-0.4854799317128268,-0.6451006408755685,0.8073695566182565
50.0,17,bench_17_front,-6.161017041421371,6.56538904449323,-0.5944986061252806,-0.5453246882654303,0.8067264767668719
50.0,18,bench_18_front,-4.84957408532447,7.566692598120356,-0.683560663056877,-0.4272098532572449,0.8060790524500895
50.0,19,bench_19_front,-3.3771744202227394,8.311356024877268,-0.7495883886517516,-0.29466977502832237,0.8054272336572507
50.0,20,bench_20_front,-1.7932898637775154,8.773756058877277,-0.7902598213613578,-0.15213726094284824,0.8047709807300941
50.0,21,bench_21_front,-0.15145051008337962,8.937700071549695,-0.8040981208313462,-0.00441582768156934,0.8041102458361139
50.0,22,bench_22_front,1.4925483978154814,8.797070753436591,-0.7905302287099344,0.14347753048738746,0.8034449852099025
50.0,23,bench_23_front,3.0825374532518,8.356126574568858,-0.7499169741157337,0.2864829471676035,0.802775153504849
50.0,24,bench_24_front,4.563901921591847,7.629444252501077,-0.6835505083511798,0.41967158245302516,0.8021007010256147
50.0,25,bench_25_front,5.885457274356015,6.641516643806392,-0.5936206141404369,0.5384153764828274,0.8014215814199255
50.0,26,bench_26_front,7.001258683133236,5.42599824486442,-0.4831490062020318,0.6385514695393486,0.800737748232761
50.0,27,bench_27_front,7.872249038289511,4.0246121074204595,-0.355892736472247,0.7165326248609525,0.8000491499675696
50.0,28,bench_28_front,8.467667847016545,2.4857865294545105,-0.2162232548316712,0.7695566546769712,0.7993559536824711
50.0,29,bench_29_front,8.766210852877645,0.8630213108790046,-0.0689775295273973,0.7956736294666455,0.7986578893420685
50.0,30,bench_30_front,8.756865086291867,-0.7869532602858793,0.08070300453668404,0.7938631655991679,0.7979546983609909
50.0,31,bench_31_front,8.439388256711029,-2.406123226446177,0.22755349826898633,0.7640823157494319,0.7972467496424605
50.0,32,bench_32_front,7.824422982300874,-3.937236194399866,0.36636774809877415,0.7072769894071518,0.796533782454838
50.0,33,bench_33_front,6.9332152814082315,-5.325849084048428,0.49218657561832346,0.6253599509815676,0.7958157409291174
50.0,34,bench_34_front,5.796965318412402,-6.522273601949302,0.6004753489406546,0.5211540598347805,0.7950925724515824
50.0,35,bench_35_front,4.455798125923477,-7.483410823672953,0.6872920155484278,0.39830165216453717,0.7943642242407574
50.0,36,bench_36_front,2.9574321105302603,-8.174343046847309,0.7494360561992428,0.2611420827315614,0.7936306380835182
50.0,37,bench_37_front,1.3555004029407596,-8.569691973923126,0.7845713910783255,0.11456471489687636,0.7928917590680215
50.0,38,bench_38_front,-0.29231415667777855,-8.654609445724228,0.7913218634190516,-0.03616268167522838,0.7921477331097678
50.0,39,bench_39_front,-1.9263221777263537,-8.425420076972669,0.7693315524023295,-0.1855807803372591,0.791398296404765
50.0,40,bench_40_front,-3.4869921737672565,-7.889867746890122,0.7192904132547705,-0.3282350896475101,0.7906433915970762
50.0,41,bench_41_front,-4.917127445492509,-7.066943556476369,0.6429212302569565,-0.45887621852645666,0.789882961105162
50.0,42,bench_42_front,-6.1639975633759345,-5.986290310068266,0.5429276498411633,-0.5726561923145177,0.7891169416241237
50.0,43,bench_43_front,-7.181306234197012,-4.6872253334846,0.4229066490146458,-0.6653108641901609,0.7883454698228789
50.0,44,bench_44_front,-7.930982749717214,-3.217367534562296,0.2872255894284699,-0.7333245901297742,0.7875680883019153
50.0,45,bench_45_front,-8.384663993091356,-1.6309659438953386,0.14086877244447865,-0.7740713911820093,0.7867849323013663
50.0,46,bench_46_front,-8.524855747816314,0.0130723084615992,-0.01074145192299789,-0.7859227324157285,0.7859961323805728
50.0,47,bench_47_front,-8.345692806929835,1.653312997337656,-0.16194284640437867,-0.7683201116380308,0.7852014260360385
50.0,48,bench_48_front,-7.85327800487076,3.2281188275518304,-0.30704303990717746,-0.7218096053658736,0.7844007488228697
50.0,49,bench_49_front,-7.065564672018777,4.677949774773704,-0.44053507041576195,-0.6480340738556509,0.7835938419514101
50.0,50,bench_50_front,-6.011803325419034,5.9476321865058495,-0.5573085685384145,-0.5496844443045489,0.7827808306778707
50.0,51,bench_51_front,-4.731543400161537,6.988511523047131,-0.6528491355228209,-0.430409477261838,0.7819618353025314
50.0,52,bench_52_front,-3.273216031116694,7.7603826709150985,-0.7234180319166427,-0.2946875115389159,0.7811365939188532
50.0,53,bench_53_front,-1.6923820831414553,8.233104497317399,-0.7662055180512721,-0.14766534847295149,0.7803050371693473
50.0,54,bench_54_front,-0.049660857815574694,8.387871242425458,-0.7794508492908893,0.005032508592417417,0.7794670952663886
50.0,55,bench_55_front,1.5915742166058835,8.218054696178893,-0.7625232253392739,0.15751706962605252,0.7786226919409605
50.0,56,bench_56_front,3.167615273387713,7.729581050297281,-0.7159600328127678,0.30385920502240216,0.7777719364068787
50.0,57,bench_57_front,4.616882889752747,6.940841434033767,-0.6414600179467758,0.4383206707335726,0.7769143871860058
50.0,58,bench_58_front,5.882402963422118,5.8820827345564455,-0.541831617549603,0.5555831302705929,0.776050331111127
50.0,59,bench_59_front,6.914043864243911,4.594369724439172,-0.4208956915684009,0.6509606817883895,0.775179329197604
50.0,60,bench_60_front,7.670607526237539,3.128048565856392,-0.28334684172582086,0.7205953290766584,0.7743016602094399
50.0,61,bench_61_front,8.121534789237444,1.5408599518928385,-0.13457910141065219,0.7616182943948262,0.7734170678834175
50.0,62,bench_62_front,8.24823443426451,-0.10427046778602202,0.01952259648980952,0.7722787490561177,0.7725254675526146
50.0,63,bench_63_front,8.044960632967955,-1.7416996240941647,0.17280984228033858,0.7520270240009312,0.7716267792246797
50.0,64,bench_64_front,7.519176487732309,-3.3056856018928036,0.3191167295363312,0.7015520243921586,0.7707209157656875
50.0,65,bench_65_front,6.691397032310156,-4.733015932439766,0.45250725790155055,0.622769205987184,0.7698079646116218
50.0,66,bench_66_front,5.594492085034859,-5.965614101081016,0.5675194683614271,0.5187580285694209,0.7688876635598135
50.0,67,bench_67_front,4.272493506287669,-6.952938242385305,0.6593939003875006,0.39365230141599716,0.7679599275211905
50.0,68,bench_68_front,2.778903828923776,-7.65414264328575,0.7242783476289396,0.2524830889917484,0.767024663926084
50.0,69,bench_69_front,1.1746216256376898,-8.039845996761338,0.759396686568818,0.10098501692549142,0.7660817849388807
50.0,70,bench_70_front,-0.4745056652875744,-8.093476072212821,0.763178193039761,-0.054633244006464035,0.7651311950784027
50.0,71,bench_71_front,-2.100333430654244,-7.81209056618746,0.7353377648546682,-0.2079385575498069,0.764172802537066
50.0,72,bench_72_front,-3.635243898928782,-7.206650218767904,0.6769048861860378,-0.3525396495214434,0.7632066754341414
50.0,73,bench_73_front,-5.014955431754121,-6.301719744258981,0.5901971485540403,-0.48235442120580874,0.7622325510092773
50.0,74,bench_74_front,-6.181275428516914,-5.134581299778155,0.4787397289159151,-0.5918701997882401,0.7612503277108359
50.0,75,bench_75_front,-7.084601863623161,-3.753817656260789,0.3471332989914492,-0.6763827331065971,0.7602599087900381
50.0,76,bench_76_front,-7.686133259528012,-2.217368453804768,0.20087164603051327,-0.7322077132997243,0.7592611893114379
50.0,77,bench_77_front,-7.9596280799048476,-0.5901888404445575,0.046120938556912724,-0.7568501111426336,0.7582540680471074
50.0,78,bench_78_front,-7.892675255310391,1.0584484477693858,-0.11053612040051738,-0.7491275312118988,0.7572385964363095
50.0,79,bench_79_front,-7.487377905091584,2.657901039269814,-0.26237823095610424,-0.7092374841334629,0.7562143512124183
50.0,80,bench_80_front,-6.76043468469685,4.139132464031562,-0.4028323206331227,-0.6387685608143998,0.7551815363418035
50.0,81,bench_81_front,-5.742578272675733,5.437767593739042,-0.525761893525694,-0.5406490536277044,0.7541398861433173
50.0,82,bench_82_front,-4.477399344729092,6.496925492926323,-0.6257404486868559,-0.4190374230777493,0.7530892849207644
50.0,83,bench_83_front,-3.019593299967264,7.269788346998505,-0.698297551212106,-0.27915780884142405,0.7520296219338497
50.0,84,bench_84_front,-1.4327011314704678,7.72177129452589,-0.7401296781707452,-0.12708324308520597,0.7509607787242849
50.0,85,bench_85_front,0.21359824516761758,7.832201285197167,-0.74926126795709,0.030520766548390255,0.7498826340510678
50.0,86,bench_86_front,1.8465152287746518,7.595393142172799,-0.725150657109839,0.18668310551010933,0.7487950703561889
50.0,87,bench_87_front,3.3933402528519387,7.021073166390642,-0.6687342965078572,0.33443519781378706,0.7476981081042038
50.0,88,bench_88_front,4.784686758806845,6.134134651586776,-0.582404565741945,0.4671228496337306,0.7465914778826506
50.0,89,bench_89_front,5.957669346330425,4.973692498862419,-0.4699220414712698,0.5787109163767508,0.7454750497462302
50.0,90,bench_90_front,6.858803423439466,3.5914983712789117,-0.3362651113655126,0.6640638224232271,0.7443486987783401
50.0,91,bench_91_front,7.446559413546509,2.049731486624633,-0.18741917092862076,0.7191929955184748,0.7432122916330223
50.0,92,bench_92_front,7.693391615862423,0.41829385352425047,-0.030117495946811446,0.7414542651792368,0.7420656917784222
50.0,93,bench_93_front,7.587170422000896,-1.2282854526819287,0.1284562883986981,0.7296881416169727,0.7409087676938374
50.0,94,bench_94_front,7.131931890158144,-2.814245997607811,0.28099505425251187,0.6842947363201408,0.7397415134152086
50.0,95,bench_95_front,6.347890433684505,-4.266065043257395,0.4204054413544937,0.607235971159575,0.7385636464046811
50.0,96,bench_96_front,5.270693760755105,-5.5159223674315845,0.54013924564045,0.5019676558639635,0.7373750282011162
50.0,97,bench_97_front,3.9499475959374406,-6.50492977453067,0.6345100967609639,0.37329815319192433,0.7361756407733885
50.0,98,bench_98_front,2.447071693943411,-7.1860017003783,0.6989725341811919,0.2271806773777331,0.7349650765264177
50.0,99,bench_99_front,0.832533832529174,-7.526237306062044,0.7303534384847764,0.07044932051128912,0.7337433147000649
50.0,100,bench_100_front,-0.8173735080872779,-7.508650876283391,0.7270228151603121,-0.0894941431211453,0.7325103244436991
50.0,101,bench_101_front,-2.424083795106067,-7.133185108544194,0.688993514817618,-0.24502614834588052,0.7312659412511652
50.0,102,bench_102_front,-3.9105116362520027,-6.416929377970053,0.6179444608023273,-0.3886631864479876,0.7300098829030893
50.0,103,bench_103_front,-5.204773422737698,-5.393513350374971,0.5171638609567417,-0.5134261598505266,0.7287419849978061
50.0,104,bench_104_front,-6.243734229068219,-4.111690714447398,0.39141282244719217,-0.6131860066670974,0.72746207897623
50.0,105,bench_105_front,-6.976186565063867,-2.633173210382242,0.24671570195393078,-0.6829745479797561,0.7261700012936179
50.0,106,bench_106_front,-7.365522593552647,-1.0297653220527365,0.09008173686366483,-0.7192464020718783,0.7248655780278965
50.0,107,bench_107_front,-7.391715544455494,0.6200298017245295,-0.07082503654974485,-0.720074024873832,0.7235487454900829
50.0,108,bench_108_front,-7.052528846519866,2.2347899339335084,-0.22805618114187648,-0.6852670786183847,0.7222192124245876
50.0,109,bench_109_front,-6.36386250963496,3.7342005583371307,-0.37377147777629594,-0.6164076443564884,0.7208768976879417
50.0,110,bench_110_front,-5.359196362163591,5.043070658626833,-0.5006311712842738,-0.5167974750703759,0.7195215076011138
50.0,111,bench_111_front,-4.088142147937625,6.095177172153995,-0.6021742577228627,-0.391317693282162,0.7181527509797292
50.0,112,bench_112_front,-2.614167552578486,6.836721466616393,-0.6731590697454781,-0.24620524192464432,0.7167706427664083
50.0,113,bench_113_front,-1.0115331089210062,7.229244094988915,-0.7098477440675743,-0.08875551168419826,0.7153749790229935
50.0,114,bench_114_front,0.6383151449005728,7.251776138266372,-0.710220172701735,0.07303411499702135,0.7139654583142524
50.0,115,bench_115_front,2.250855376328001,6.9021651498561365,-0.6741044139007704,0.23086610910164485,0.7125418732763947
50.0,116,bench_116_front,3.74278673900814,6.19744376836227,-0.6032134458386638,0.3765666714458188,0.7111040143919438
50.0,117,bench_117_front,5.036398113886557,5.173198207453115,-0.5010856288078944,0.5025123816647163,0.7096516759116042
50.0,118,bench_118_front,6.063660893171855,3.881987041956765,-0.3729265303264512,0.6020393759423783,0.7081847267531359
50.0,119,bench_119_front,6.7699615113735785,2.3908045000019253,-0.22536172742286437,0.6698067009897878,0.7067028547259735
50.0,120,bench_120_front,7.117159171779454,0.7777425680844388,-0.06610759456554202,0.7021004576627833,0.705205832866924
50.0,121,bench_121_front,7.08583274161147,-0.8719645438494315,0.09642245442394735,0.6970561426645476,0.7036935098063051
50.0,122,bench_122_front,6.676597619190484,-2.4704047678204097,0.2535556491533359,0.6547869997280935,0.7021655661099367
50.0,123,bench_123_front,5.910345066672859,-3.931689225977031,0.39682403311743697,0.577409332378745,0.700621759851674
50.0,124,bench_124_front,4.827408170676235,-5.176580775177196,0.5184244329747729,0.4689601105552903,0.6990618556302761
50.0,125,bench_125_front,3.485663583704735,-6.136896951651813,0.6116561825731981,0.33520571160865353,0.6974855946720916
50.0,126,bench_126_front,1.9576001798823965,-6.759411834825385,0.6713028742003908,0.18335550135204864,0.695892799780086
50.0,127,bench_127_front,0.32658643632564405,-7.008971196434047,0.6939443336380202,0.021687258458521052,0.6942831377527201
50.0,128,bench_128_front,-1.3176127189996738,-6.870714436395565,0.6781748154531423,-0.14089611163734994,0.6926563322380214
50.0,129,bench_129_front,-2.883686912448879,-6.351192884579741,0.624713179124741,-0.29534942791779895,0.6910121856693353
50.0,130,bench_130_front,-4.283901585054629,-5.4783176741700705,0.5363972801825865,-0.432991763790956,0.6893503533748853
50.0,131,bench_131_front,-5.439043859921475,-4.300122332709593,0.41805764099317955,-0.5460024539598853,0.6876706122287027
50.0,132,bench_132_front,-6.283064919683417,-2.8823277809078376,0.2762756322053378,-0.6278775241494593,0.685972601699597
50.0,133,bench_133_front,-6.76701059350271,-1.3048948663035225,0.11903794837577704,-0.673822150353474,0.6842560364808585
50.0,134,bench_134_front,-6.862100821732727,0.3423669234199632,-0.04470140225562634,-0.6810552452670621,0.6825206681628018
50.0,135,bench_135_front,-6.561685474493853,1.964785815879534,-0.20552146685075506,-0.6490018811470334,0.6807661236202005
50.0,136,bench_136_front,-5.881971992471583,3.4682786976819373,-0.3540732972745772,-0.579363820355778,0.6789921473626431
50.0,137,bench_137_front,-4.8614330984074074,4.764815562377845,-0.4816298755106875,-0.4760570107208002,0.6771983567913203
50.0,138,bench_138_front,-3.5588975615760705,5.777689000606582,-0.5806086927780171,-0.34501835702740946,0.6753844244689766
50.0,139,bench_139_front,-2.050397132285239,6.44622000921536,-0.6450404198439307,-0.19388781089979507,0.6735500177774097
50.0,140,bench_140_front,-0.42491668781126124,6.729618210801703,-0.6709519582613068,-0.03158111585572758,0.6716947946600266
50.0,141,bench_141_front,1.2207189769720872,6.609734597215096,-0.6566380941795771,0.13222389511192773,0.6698184419425589
50.0,142,bench_142_front,2.787557489116523,6.092511388638173,-0.6028025256316549,0.28765784933870797,0.6679205964739168
50.0,143,bench_143_front,4.180455590695284,5.208011481665497,-0.5125559135533871,0.42525705618101195,0.6660008471092868
50.0,144,bench_144_front,5.313954425069667,4.008977064539614,-0.3912667786711874,0.5365486235412362,0.664058820825176
50.0,145,bench_145_front,6.117678124387015,2.5679632240148047,-0.24626911076193442,0.6145894604972085,0.6620941623890999
50.0,146,bench_146_front,6.540930125417179,0.9731702323405331,-0.08644220681819133,0.6544221143017868,0.660106475355923
50.0,147,bench_147_front,6.5561590771348,-0.6767620472670456,0.07831728303515297,0.6534185938330482,0.6580953240897297
50.0,148,bench_148_front,6.161076491480173,-2.2787633256834607,0.2376984935633764,0.6114855247734686,0.6560603027540859
50.0,149,bench_149_front,5.379216154876863,-3.731762422198649,0.38162205040969477,0.5311138589346543,0.6540010095644804
50.0,150,bench_150_front,4.258881398173178,-4.943109625643298,0.5008851270701598,0.4172647408511068,0.6519169996844931
50.0,151,bench_151_front,2.870480334851676,-5.834648919613144,0.5877651602569592,0.2770962306117098,0.649807821306505
50.0,152,bench_152_front,1.3023657390002326,-6.3479922189972156,0.6365461356502307,0.11953809086863973,0.6476730177950607
50.0,153,bench_153_front,-0.34456106840253875,-6.448628611655874,0.6439237667109062,-0.04525596146636861,0.6455121372858973
50.0,154,bench_154_front,-1.9632267869000697,-6.128591987446173,0.6092645961106762,-0.20655099267621177,0.6433246930201217
50.0,155,bench_155_front,-3.4472888893047875,-5.407444809801152,0.5346954289733372,-0.3537274334967023,0.6411102081336291
50.0,156,bench_156_front,-4.698194722082969,-4.3314641241955005,0.42501075484499895,-0.4769889056693506,0.6388681850472446
50.0,157,bench_157_front,-5.631863368037324,-2.971040235450992,0.2874008348067932,-0.5680298522104416,0.6365981093671719
50.0,158,bench_158_front,-6.184593099725816,-1.4163747087892207,0.13100964782536348,-0.6206224876422117,0.6342994560856354
50.0,159,bench_159_front,-6.317717057044724,0.22824939471964378,-0.033648584668916307,-0.6310752635672277,0.631971688872743
50.0,160,bench_160_front,-6.020687791793857,1.8512960188143222,-0.19538346705585666,-0.5985310369549863,0.6296142480893981
50.0,161,bench_161_front,-5.3123119342543905,3.3415035287038704,-0.3430841163348518,-0.5250775812958889,0.6272265756971773
50.0,162,bench_162_front,-4.239993668580221,4.595549798805094,-0.46649228225294054,-0.41565622304619865,0.6248080866622874
50.0,163,bench_163_front,-2.8769580739823537,5.52540055420907,-0.5569325465424282,-0.2777694704066047,0.6223582088220574
50.0,164,bench_164_front,-1.3176015702396155,6.064748445978066,-0.607952186861877,-0.12099906480806996,0.6198763063664929
50.0,165,bench_165_front,0.3287706451300698,6.174095824228052,-0.6158179559092023,0.0436327226561236,0.6173617815402687
50.0,166,bench_166_front,1.9454309441844653,5.844069017779444,-0.5798337168503449,0.20442380498798038,0.6148139810074668
50.0,167,bench_167_front,3.416445214713627,5.096669079719625,-0.5024466117661062,0.3498224172813966,0.6122322445835728
50.0,168,bench_168_front,4.635083494094313,3.9842711246826514,-0.38912817806702205,0.46926629174304785,0.6096159377280349
50.0,169,bench_169_front,5.5117269051959035,2.5864179099414906,-0.24803000774010836,0.5539736581001586,0.606964330589887
50.0,170,bench_170_front,5.980797434739765,1.0045011341335148,-0.08943467174888849,0.5976217734131464,0.6042767119195522
50.0,171,bench_171_front,6.006063649499146,-0.6453072485471617,0.07496727305009937,0.5968627516577169,0.6015523554479606
50.0,172,bench_172_front,5.583917681008201,-2.2403885005207322,0.23292555071918528,0.5516300993880391,0.598790513225363
50.0,173,bench_173_front,4.744295849797052,-3.6607897583890794,0.3725433852293218,0.46520539327635974,0.5959904628528341
50.0,174,bench_174_front,3.5490880894018715,-4.7983266183496935,0.4831872394409446,0.3440329279720726,0.5931513836177051
50.0,175,bench_175_front,2.0880634739892123,-5.565086513203785,0.5563272540963817,0.1972855158327383,0.59027246963399
50.0,176,bench_176_front,0.47253486917169296,-5.900604470354425,0.5862358451338867,0.036206876127253464,0.5873528785991746
50.0,177,bench_177_front,-1.1728335703760218,-5.7771188741714825,0.5704866543388665,-0.1267229653962149,0.5843917630644392
50.0,178,bench_178_front,-2.719507917044651,-5.20241567035937,0.5102087788323901,-0.2787459128007345,0.581388236809753
50.0,179,bench_179_front,-4.045128091900973,-4.219951777399201,0.4100658934230553,-0.407829310124639,0.5783414070819999
50.0,180,bench_180_front,-5.043358662662246,-2.9061627178336074,0.2779516879075932,-0.5036426424016539,0.5752504255157056
50.0,181,bench_181_front,-5.632772219086115,-1.365031905311162,0.12441646042962318,-0.5584220672061855,0.572114202558078
50.0,182,bench_182_front,-5.763970663398783,0.2797417677607055,-0.038140428715986455,-0.5676519348444701,0.5689318161566549
50.0,183,bench_183_front,-5.4242993088711575,1.8944021535274895,-0.19644858734422904,-0.5304969531034811,0.5657022756906854
50.0,184,bench_184_front,-4.639697628635895,3.3459153980763983,-0.3374495289111716,-0.4499435345573645,0.5624245450301275
50.0,185,bench_185_front,-3.4733832855455438,4.513059263183096,-0.44938943411254595,-0.3326247409932087,0.559097560192131
50.0,186,bench_186_front,-2.0214030913981063,5.296807318836593,-0.5228341853557052,-0.18833317967172333,0.5557202281200726
50.0,187,bench_187_front,-0.4052341559978284,5.629223532514532,-0.5515162405066157,-0.029251979079345892,0.5522914464507029
50.0,188,bench_188_front,1.2379990932852885,5.479950330731185,-0.5329347725528658,0.13104574872784033,0.5488100400462942
50.0,189,bench_189_front,2.766971502360106,4.859679211523305,-0.4686449826425451,0.27874074288835105,0.5452747211286997
50.0,190,bench_190_front,4.048343908574663,3.820161018280883,-0.3642025840637267,0.4009718553284724,0.5416843647404394
50.0,191,bench_191_front,4.968619142885195,2.4506405340736124,-0.22875275232538045,0.48698743818085044,0.538037718605661
50.0,192,bench_192_front,5.444684211626952,0.8708132652314398,-0.07428619275701642,0.5291444263351066,0.5343334748598871
50.0,193,bench_193_front,5.431934889179091,-0.7791410415608516,0.08537996780165719,0.5236554120673726,0.5305701928013501
50.0,194,bench_194_front,4.929224377954573,-2.350699774135246,0.23582257495370054,0.47100922569651915,0.5267465970929743
50.0,195,bench_195_front,3.9800261654401052,-3.700336410568515,0.3633180106843431,0.3760103998750959,0.5228611648438407
50.0,196,bench_196_front,2.6695135797400797,-4.7028544860380315,0.4561293893466242,0.24741878956736568,0.5189123984418803
50.0,197,bench_197_front,1.1176645377480627,-5.263459114513468,0.5056389283359994,0.09721138875549468,0.5148988055458567
50.0,198,bench_198_front,-0.5310993845533075,-5.327394397121003,0.507225159796729,-0.060486787586521276,0.5108189642166334
50.0,199,bench_199_front,-2.121008789201385,-4.88615698405485,0.4607810022175517,-0.21070480920823412,0.5066711444596876
50.0,200,bench_200_front,-3.499566337752814,-3.979477810234545,0.37081374837599856,-0.3390531377561417,0.502453844852384
50.0,201,bench_201_front,-4.532385946984475,-2.6927074494058507,0.24609640762674506,-0.43313408138950144,0.49816520784566676
50.0,202,bench_202_front,-5.116779854549235,-1.149667531855943,0.09888971519283403,-0.4838002769980962,0.4938034870212587
50.0,203,bench_203_front,-5.1927402911591605,0.4985808422184356,-0.05620921116791361,-0.48612802054911297,0.48936686420631087
50.0,204,bench_204_front,-4.750050516106471,2.088086338633362,-0.2036869227509039,-0.43999377721902083,0.48485346909266724
50.0,205,bench_205_front,-3.830648494800306,3.458200809008677,-0.32867086717052807,-0.350180867403323,0.48026157333475117
50.0,206,bench_206_front,-2.525770256644858,4.4680453704587055,-0.4184696039447938,-0.22598250429441627,0.47558900499579304
50.0,207,bench_207_front,-0.9678702056289018,5.011594789331709,-0.46393098679408656,-0.0803260015843093,0.4708335449373349
50.0,208,bench_208_front,0.6820275611463938,5.029670996818373,-0.4604726628150262,0.07151659675764829,0.4659932368734088
50.0,209,bench_209_front,2.250521046539335,4.517498138700227,-0.40865450699149475,0.21350240964016892,0.4610659226256264
50.0,210,bench_210_front,3.5699547283527853,3.5267442935684516,-0.3142172737177921,0.3305273706021291,0.4560491616260237
50.0,211,bench_211_front,4.496664076786882,2.1615658291298536,-0.1875562102161607,0.4100857171833104,0.4509408247524266
50.0,212,bench_212_front,4.927341934570665,0.5687650952197273,-0.04266525163468291,0.44369167786430486,0.44573829620427824
50.0,213,bench_213_front,4.811622181546275,-1.0771748498449274,0.10435207819771586,0.42789886631025276,0.4404393216026264
50.0,214,bench_214_front,4.159269526464795,-2.5927392185571057,0.23705699965700572,0.3647804358057152,0.435041133035704
50.0,215,bench_215_front,3.0408789002782215,-3.805872473601328,0.3405430348871894,0.2617937940521947,0.42954109141550173
50.0,216,bench_216_front,1.5816324713714842,-4.576004925973216,0.4031832452111425,0.1310168452604758,0.423936484583476
50.0,217,bench_217_front,-0.051506859585969025,-4.811287240921859,0.41804703021145534,-0.012182096703576418,0.4182244887004021
50.0,218,bench_218_front,-1.6680896529348719,-4.480887473112483,0.383801242255492,-0.15090390511341983,0.4124019666967398
50.0,219,bench_219_front,-3.076048058015858,-3.6205695965251175,0.30496702479910043,-0.2687189283231637,0.4064661715985289
50.0,220,bench_220_front,-4.1047561408243585,-2.3305094812447282,0.19146834802785795,-0.3516689547998907,0.40041376358282754
50.0,221,bench_221_front,-4.626498900704216,-0.7651716778326273,0.057500111360291636,-0.39002607242157195,0.39424180394149383
50.0,222,bench_222_front,-4.573644528128688,0.8839788728772467,-0.08017229094115533,-0.3795722618764738,0.3879467724066997
50.0,223,tail_rear,-3.9490956042028924,2.4112091795116717,-0.20429335633347478,-0.3222200427638358,0.38152526967518713
60.0,0,head_front,8.907782749761804,2.9317478459920108,-0.24821053536334042,0.7825252431529949,0.8209471517929823
60.0,1,bench_1_front,9.350391092549602,0.10619646870440236,-0.0004248725996167657,0.8199874817237305,0.8199875917965778
60.0,2,bench_2_front,9.208012881833293,-1.5376475754474042,0.14373734252129286,0.8067213839561539,0.819426515904395
60.0,3,bench_3_front,8.778443259225112,-3.130745012729255,0.28344680042807857,0.7682400282128018,0.8188619112043993
60.0,4,bench_4_front,8.074661322541788,-4.623120437210483,0.414306121198758,0.7056593106454631,0.8182937276818086
60.0,5,bench_5_front,7.118329097966362,-5.967709399171264,0.5321655803480344,0.6208614608186653,0.8177219322221017
60.0,6,bench_6_front,5.939174242349015,-7.121877438175411,0.6332569942945736,0.5164435770197213,0.8171464918042067
60.0,7,bench_7_front,4.574137275135626,-8.048786333996448,0.7143177109467912,0.3956418538101748,0.8165673693325096
60.0,8,bench_8_front,3.0662304334600035,-8.718640215393496,0.7726983502691506,0.2622365603194191,0.8159845305376979
60.0,9,bench_9_front,1.463230865741581,-9.10967463493369,0.8064544802470242,0.12043659209099267,0.8153979405327131
60.0,10,bench_10_front,-0.18378165298840263,-9.208919623571537,0.8144161837406244,-0.02525155355618729,0.814807560897445
60.0,11,bench_11_front,-1.822075124001119,-9.012700854849488,0.7962336168015639,-0.17016293034753988,0.8142133598691202
60.0,12,bench_12_front,-3.3989191960594805,-8.526830571730429,0.7523970600947235,-0.30962641472311975,0.8136152977504026
60.0,13,bench_13_front,-4.86329612468221,-7.766504896014826,0.6842294083364147,-0.43911365193822804,0.8130133347928109
60.0,14,bench_14_front,-6.167578313132645,-6.755884812428009,0.5938531859212433,-0.5543866987922522,0.812407667508488
60.0,15,bench_15_front,-7.269088015803243,-5.527396693610755,0.48412842954678537,-0.6516407712173444,0.8117980235305899
60.0,16,bench_16_front,-8.131541623724859,-4.120744812535008,0.3585684400381327,-0.7276322893303545,0.8111843653988363
60.0,17,bench_17_front,-8.726298229974532,-2.5816615078379606,0.22123033857231672,-0.7797916801180218,0.810566423611359
60.0,18,bench_18_front,-9.033353240428573,-0.9604874239032963,0.07658817471090289,-0.8063151759368831,0.809944387875905
60.0,19,bench_19_front,-9.042087802220994,0.6894941247871998,-0.07061009165518439,-0.8062320976141765,0.8093182194087246
60.0,20,bench_20_front,-8.751691806642796,2.3137395905725686,-0.21549814770528686,-0.7794465953975427,0.8086881022626895
60.0,21,bench_21_front,-8.171281293056682,3.8582906616469455,-0.3532510102317926,-0.7267493465911814,0.8080537661569873
60.0,22,bench_22_front,-7.31968447346956,5.271546951353984,-0.4792460743192676,-0.6498018607699609,0.8074151707829947
60.0,23,bench_23_front,-6.224897231623979,6.506026816870124,-0.5892210206760362,-0.5510899123098361,0.8067722743477076
60.0,24,bench_24_front,-4.9232174987976896,7.520000021874114,-0.6794212623071999,-0.4338482612603318,0.8061250309187292
60.0,25,bench_25_front,-3.4581100891763685,8.278930142053891,-0.7467308861667041,-0.30196088856547226,0.8054733978093633
60.0,26,bench_26_front,-1.8787983981336094,8.756715378275622,-0.7887859656625787,-0.1598362871702717,0.804817332270264
60.0,27,bench_27_front,-0.23863438012678592,8.936651342076892,-0.804063289153374,-0.012262329075908029,0.8041567867515067
60.0,28,bench_28_front,1.4066514614891892,8.812079857267518,-0.7919413095321344,0.13575071396398602,0.8034919377848192
60.0,29,bench_29_front,3.0008798068508553,8.386708155980466,-0.7527307898772662,0.27914154106228456,0.8028222978815923
60.0,30,bench_30_front,4.489295740876329,7.674575469150396,-0.6876759622290749,0.41296924806798696,0.8021482586638972
60.0,31,bench_31_front,5.8204870579597765,6.699667554453505,-0.5989203263642864,0.5325860368616337,0.8014695527543669
60.0,32,bench_32_front,6.948189709914526,5.495180061581394,-0.4894433576352794,0.6338006654561374,0.800785916375868
60.0,33,bench_33_front,7.832945827062181,4.102442085395134,-0.36296710037859736,0.7130296398782836,0.8000977335939664
60.0,34,bench_34_front,8.443525389468862,2.5695673015912734,-0.22383316091080802,0.7674285966388142,0.7994047378283066
60.0,35,bench_35_front,8.75810142260931,0.9498323506225294,-0.07685839632687523,0.7950002900843554,0.7987068763446
60.0,36,bench_36_front,8.765102836358414,-0.7001551373433065,0.07282685867008602,0.7946740204388835,0.7980041040647922
60.0,37,bench_37_front,8.463712838100188,-2.3223977606135295,0.21995970806973827,0.7663545019081497,0.7972963663337571
60.0,38,bench_38_front,7.864003356594274,-3.8595515500973625,0.3593273705061757,0.7109355003888633,0.7965836082345945
60.0,39,bench_39_front,6.986673961886083,-5.256975606933426,0.4859521323447198,0.6302799870280262,0.7958657782430584
60.0,40,bench_40_front,5.862422229688151,-6.464683155181013,0.5952725128431963,0.5271648183056481,0.7951428237781438
60.0,41,bench_41_front,4.530941831731431,-7.439180405805208,0.6833112089875892,0.4051919232705905,0.7944146920921094
60.0,42,bench_42_front,3.0395737235969875,-8.145093301810752,0.7468251995659625,0.2686673909503243,0.793681325008214
60.0,43,bench_43_front,1.4416927872482326,-8.556505616838374,0.7834300354565924,0.12245593111549305,0.7929426684955729
60.0,44,bench_44_front,-0.20518155366738344,-8.657995027293286,0.791697145447508,-0.02819002045063219,0.7921988685694645
60.0,45,bench_45_front,-1.8414126590405642,-8.445287796375172,0.7712158616744331,-0.17781636873176992,0.7914496612464946
60.0,46,bench_46_front,-3.4074053124624295,-7.925527350522794,0.7226206858687992,-0.3209640231212122,0.7906949853032128
60.0,47,bench_47_front,-4.845795433980586,-7.117117918484027,0.6475810416013997,-0.4523668459792404,0.7899347876772864
60.0,48,bench_48_front,-6.1035576096541115,-6.049164394027519,0.5487507876039512,-0.5671510304154255,0.7891690048381498
60.0,49,bench_49_front,-7.134015638839024,-4.7604966211951645,0.42968212530496325,-0.6610174007394617,0.788397572857086
60.0,50,bench_50_front,-7.898617171560559,-3.2983410711403027,0.29470550977217025,-0.7304071511249919,0.787620431365643
60.0,51,bench_51_front,-8.36845448831988,-1.7166464788729283,0.148777436743272,-0.7726438743872066,0.7868375196392021
60.0,52,bench_52_front,-8.525438828130005,-0.07412676650182369,-0.002698394979224905,-0.7860441393372871,0.7860487709563322
60.0,53,bench_53_front,-8.363078360886854,1.567870183777799,-0.1540662279937789,-0.7699921698773429,0.7852543182184036
60.0,54,bench_54_front,-7.886843276645776,3.1476488545282284,-0.29963057265964077,-0.7249752644148167,0.7844537042335116
60.0,55,bench_55_front,-7.114073406712875,4.605501192668212,-0.433869395574369,-0.6525795405570867,0.7836470565055206
60.0,56,bench_56_front,-6.07344704020706,5.8859674593320905,-0.5516461645874494,-0.5554424900505659,0.7828344976159497
60.0,57,bench_57_front,-4.803995043386354,6.94000658429117,-0.6484095782605482,-0.4371651682301546,0.7820155788050014
60.0,58,bench_58_front,-3.353728984229344,7.726917115172192,-0.7203765114858962,-0.3021861133154594,0.781190607586454
60.0,59,bench_59_front,-1.777875749678063,8.215995862065869,-0.7646845797382316,-0.1556218921234063,0.7803593273598419
60.0,60,bench_60_front,-0.13684218644938745,8.387811783233822,-0.7795155937888085,-0.0030760176951990293,0.7795216628450936
60.0,61,bench_61_front,1.506073015936259,8.235079682386408,-0.7641775055128719,0.14957088108449276,0.7786775381377499
60.0,62,bench_62_front,3.0871185223174034,7.76306455961001,-0.7191459015605602,0.2963850853795835,0.7778270672629065
60.0,63,bench_63_front,4.544548884034904,6.989508212474337,-0.6460588886900422,0.43161323950403513,0.776969803898826
60.0,64,bench_64_front,5.821081771412868,5.944058523846256,-0.5476688291052793,0.5499085730200326,0.7761060398260511
60.0,65,bench_65_front,6.8661767402807605,4.66723851197855,-0.427745742815567,0.6465472899727434,0.7752353311530247
60.0,66,bench_66_front,7.638116499447915,3.2089477791209937,-0.29094306748966636,0.7176227322545091,0.77435796268181
60.0,67,bench_67_front,8.10573940077837,1.626600092977105,-0.1426222126456626,0.7602107784500518,0.7734736732504722
60.0,68,bench_68_front,8.249800828218065,-0.017100693767977192,0.011352227492027911,0.7724989699582527,0.7725823785562238
60.0,69,bench_69_front,8.063862632078518,-1.6565901786029735,0.1648395803593217,0.7538727391994907,0.7716839989018697
60.0,70,bench_70_front,7.5546897120070895,-3.226065370109858,0.3116685608556674,0.7049554050786119,0.770778447399376
60.0,71,bench_71_front,6.742119797852459,-4.662114962774347,0.4458843361036102,0.6275988078690381,0.7698656407589541
60.0,72,bench_72_front,5.658402889954808,-5.906321337038413,0.5619941801436479,0.5248237562803995,0.7689456636665553
60.0,73,bench_73_front,4.347015467852398,-6.907696382847,0.6551963676559958,0.4007115661938253,0.7680182546470619
60.0,74,bench_74_front,2.8610087610355204,-7.624834204548657,0.7215861022399797,0.2602504929526599,0.7670833214377619
60.0,75,bench_75_front,1.260949881720328,-8.027709906150957,0.7583266888827367,0.10914358559382112,0.766140776455692
60.0,76,bench_76_front,-0.3875098364017377,-8.09904978953975,0.7637814390734544,-0.04641886572892826,0.7651906937284831
60.0,77,bench_77_front,-2.016276462721982,-7.835180210290333,0.7375961124096582,-0.2000094060491752,0.7642328097837628
60.0,78,bench_78_front,-3.557622527829277,-7.246336250284513,0.6807307226516982,-0.3452274507096207,0.763266866492557
60.0,79,bench_79_front,-4.947040646960948,-6.356374721323804,0.5954365477596002,-0.47596856644778496,0.7622930923563653
60.0,80,bench_80_front,-6.125935885448882,-5.201947978240393,0.4851781394111797,-0.5866828030547792,0.7613110654408662
60.0,81,bench_81_front,-7.0442036524126035,-3.831081923965894,0.35450352239451377,-0.672618054741028,0.7603208500059182
60.0,82,bench_82_front,-7.6624248865271865,-2.3012771266364798,0.20886509035141917,-0.7300315316983983,0.7593225027887794
60.0,83,bench_83_front,-7.953658766501843,-0.6771851396170702,0.05439893358846791,-0.7563622022494731,0.7583159136977382
60.0,84,bench_84_front,-7.904742003096272,0.9720878943820546,-0.10232747841084326,-0.7503556605694855,0.757300818820758
60.0,85,bench_85_front,-7.517003405853347,2.575886475903806,-0.2545923028187852,-0.7121359389252611,0.7562769573136122
60.0,86,bench_86_front,-6.8063764752591585,4.065021341904423,-0.39580767766945724,-0.6432187431225502,0.7552443771430822
60.0,87,bench_87_front,-5.80288031681379,5.3747898215585295,-0.5198071136939545,-0.5464640060639596,0.7542031194381995
60.0,88,bench_88_front,-4.5494686927850765,6.447848043257846,-0.6211195973922499,-0.42596920562555773,0.753152918341275
60.0,89,bench_89_front,-3.1003048462458462,7.236790780098083,-0.6952190478191163,-0.2869065069565737,0.7520936565245987
60.0,90,bench_90_front,-1.5185276840146669,7.70634308804079,-0.738735276898397,-0.1353110273628119,0.7510252215872186
60.0,91,bench_91_front,0.12644352112500465,7.835067249706772,-0.7496195563107301,0.022175740903835985,0.74994749328745
60.0,92,bench_92_front,1.761903639076776,7.616467403492189,-0.7272531385478418,0.17859147570297593,0.7488604961683137
60.0,93,bench_93_front,3.3150461368991855,7.0594589342221985,-0.672494209665534,0.3269594471940472,0.7477639615166727
60.0,94,bench_94_front,4.716230414081165,6.188155779955169,-0.5876597891610069,0.46060154720335456,0.7466577616839479
60.0,95,bench_95_front,5.902161524928195,5.040951975403322,-0.47644209623470746,0.57344177190479,0.7455417740340425
60.0,96,bench_96_front,6.818789096835912,3.6689816601459335,-0.3437595436957638,0.6602911176637661,0.744415867608681
60.0,97,bench_97_front,7.423893330792693,2.1339449740560017,-0.19555080750709175,0.7170949116854756,0.7432800486235828
60.0,98,bench_98_front,7.689153397831579,0.5054024108742402,-0.03851690300541179,0.7411337142878653,0.7421339058898034
60.0,99,bench_99_front,7.601599126643358,-1.142277480700952,0.12017410209018586,0.7311675323047527,0.7409775807065988
60.0,100,bench_100_front,7.164409150876606,-2.733302500976595,0.273214031340035,0.6875129820518427,0.7398107916291105
60.0,101,bench_101_front,6.396955664346909,-4.193954091802161,0.4134883470602639,0.6120512153101411,0.7386334025193079
60.0,102,bench_102_front,5.33410173284976,-5.456027886849829,0.5344127556449452,0.5081619133671654,0.7374452682016494
60.0,103,bench_103_front,4.024765748265581,-6.460087309759589,0.6302480195531807,0.3805863393590534,0.7362462413197306
60.0,104,bench_104_front,2.5297992047715234,-7.158363318766012,0.6963820965586066,0.23522401741950802,0.7350363003133474
60.0,105,bench_105_front,0.9192772809101203,-7.5171509374551215,0.7295644127264762,0.07886993162840575,0.7338151663954606
60.0,106,bench_106_front,-0.7307256968699628,-7.518593316396174,0.7280802420267959,-0.08109592992464407,0.7325826838522327
60.0,107,bench_107_front,-2.341669815227307,-7.161729030240492,0.6918545704337111,-0.2370521456403476,0.7313388177737509
60.0,108,bench_108_front,-3.836298788924591,-6.462752055477951,0.6224788735511855,-0.3814989859607977,0.7300831625963371
60.0,109,bench_109_front,-5.1423645822806066,-5.454448502293252,0.5231598979009933,-0.50742112074507,0.7288158015232385
60.0,110,bench_110_front,-6.1961873318317675,-4.184823858815199,0.39858558736336036,-0.6086368416419331,0.7275364427007506
60.0,111,bench_111_front,-6.945863855284778,-2.714963332641529,0.25471921686328747,-0.6801101357033259,0.7262449146987832
60.0,112,bench_112_front,-7.353954353695702,-1.1162285257486844,0.09852683285459907,-0.7182144477193957,0.7249410525727141
60.0,113,bench_113_front,-7.39952248140452,0.5331372358731721,-0.06235384277130941,-0.7209333042838886,0.7236247860141574
60.0,114,bench_114_front,-7.07937735326274,2.1517757813669767,-0.21997950915108735,-0.6879827569262285,0.7222958246273942
60.0,115,bench_115_front,-6.4084649861138265,3.659214399937623,-0.3664934160777601,-0.6208521424562246,0.7209540948082828
60.0,116,bench_116_front,-5.419363605112365,4.979891413013129,-0.49451999379741113,-0.5227551778505694,0.7195991941594793
60.0,117,bench_117_front,-4.160891155034909,6.047011613426933,-0.5975433918258246,-0.39849450594364144,0.7182311441186451
60.0,118,bench_118_front,-2.695848436380994,6.806049330654061,-0.6702492975060692,-0.25424259710971825,0.7168496488054339
60.0,119,bench_119_front,-1.0980217418022313,7.217672283470996,-0.7088145347574459,-0.0972476831083124,0.7154545104710357
60.0,120,bench_120_front,0.5514316502936869,7.259952027086837,-0.7111245958776381,0.06452099035922249,0.7140456211329
60.0,121,bench_121_front,2.16804501165156,6.929725316110745,-0.676907950118743,0.22277052842744544,0.7126226780490514
60.0,122,bench_122_front,3.6683528554765075,6.243014301052273,-0.607779002827278,0.36930926304995604,0.7111853823386853
60.0,123,bench_123_front,4.974234327274351,5.234458616171725,-0.5071827195803179,0.4964752036746988,0.7097337098551266
60.0,124,bench_124_front,6.017051843007342,3.955777121110393,-0.38024223332651497,0.5975438122924204,0.7082674379174121
60.0,125,bench_125_front,6.741404381605993,2.4732710175140595,-0.23351549447052675,0.6670960906224701,0.7067861630518791
60.0,126,bench_126_front,7.108210307305244,0.8645593966172929,-0.07467071778475222,0.7013259145338469,0.7052898372238372
60.0,127,bench_127_front,7.0970258845315435,-0.7853989954553366,0.08790364870415598,0.6982668728972126,0.703778144901613
60.0,128,bench_128_front,6.70738884991875,-2.388737983651616,0.2455379816864356,0.6579266417487896,0.7022509283535967
60.0,129,bench_129_front,5.959133471383395,-3.859321943283707,0.3897411877571686,0.5823171998976184,0.7007078668967343
60.0,130,bench_130_front,4.891608786494084,-5.117450636727341,0.5126650883232304,0.47537725716727885,0.6991487891839268
60.0,131,bench_131_front,3.5618246894498267,-6.094262806349252,0.607539670701155,0.3427886230943541,0.6975732876182911
60.0,132,bench_132_front,2.041586542548756,-6.735655169389669,0.6690617694961886,0.19169316104775308,0.6959812636801732
60.0,133,bench_133_front,0.4137944051366035,-7.005454230849851,0.6937099812068104,0.03032273846892483,0.6943723831592152
60.0,134,bench_134_front,-1.2319938039933145,-6.88769130252101,0.6799685542181442,-0.13244019423530734,0.6927464469592025
60.0,135,bench_135_front,-2.8044409370374486,-6.387776753181479,0.6284435158919562,-0.2875452389708121,0.6911031161277056
60.0,136,bench_136_front,-4.215478128264678,-5.532522266780503,0.5418625769078987,-0.42628085125834125,0.6894421051856382
60.0,137,bench_137_front,-5.3853399907528985,-4.3689409142764974,0.42495650657829565,-0.5407681469264037,0.6877632014097916
60.0,138,bench_138_front,-6.247170072739295,-2.961902446926714,0.2842221608298178,-0.6244232379695418,0.6860660440680167
60.0,139,bench_139_front,-6.7510282593297655,-1.3907126899703424,0.12758174865449073,-0.6723527994671793,0.6843503412296151
60.0,140,bench_140_front,-6.86700755233694,0.25520935026223185,-0.03604878835154151,-0.6816633263603704,0.682615855109079
60.0,141,bench_141_front,-6.587260726569041,1.881323204913073,-0.19726019922942523,-0.6516607139356735,0.6808621536604779
60.0,142,bench_142_front,-5.926794576206257,3.393367019146163,-0.3466862388131539,-0.5839268548831278,0.67908903689878
60.0,143,bench_143_front,-4.922941904915458,4.702863458777626,-0.47555299941262275,-0.4822649288445696,0.6772961810344126
60.0,144,bench_144_front,-3.6335254562281816,5.732383267678873,-0.5762056090713705,-0.35251191312815683,0.6754831995117142
60.0,145,bench_145_front,-2.133766228379095,6.4202964197556,-0.6425791467620308,-0.20222769212088956,0.6736497601231376
60.0,146,bench_146_front,-0.5120883312841277,6.724683295741144,-0.6705873522221902,-0.040272553338467264,0.6717955608016233
60.0,147,bench_147_front,1.1349668275044285,6.626151272069087,-0.6584002892894716,0.12370180445070193,0.6699202022336836
60.0,148,bench_148_front,2.708400188426444,6.1293576243724255,-0.6065935087801542,0.2798205571137817,0.6680233746491856
60.0,149,bench_149_front,4.1127199121787985,5.2631182300288355,-0.5181527528826816,0.4185846817852939,0.6661046547992268
60.0,150,bench_150_front,5.26182257049541,4.0790340576546305,-0.3983338352800777,0.531454224341669,0.6641637124230299
60.0,151,bench_151_front,6.084411215240773,2.6487069108143815,-0.25437668562621557,0.6113930873732792,0.6622001249456306
60.0,152,bench_152_front,6.5286514682274746,1.0596344587246533,-0.09509130087547897,0.653329586390847,0.6602135290614894
60.0,153,bench_153_front,6.565704623636356,-0.5899493303335231,0.06966477317403078,0.6545064197733425,0.6582034899223096
60.0,154,bench_154_front,6.191918145387307,-2.1970579452914802,0.22958739358761787,0.6146935512345395,0.6561695918157784
60.0,155,bench_155_front,5.42947614905371,-3.6603407232790457,0.37456749491730446,0.5362471241704607,0.654111448019154
60.0,156,bench_156_front,4.325431188692383,-4.886546626108589,0.4953406989639385,0.424003391862562,0.6520285916745067
60.0,157,bench_157_front,2.9491104295386372,-5.7966216809723035,0.5840924829464513,0.2850135859286659,0.6499205896095827
60.0,158,bench_158_front,1.3880435110739775,-6.331017836881057,0.634989315628782,0.12812717922214784,0.6477870059040497
60.0,159,bench_159_front,-0.2573760066116465,-6.4538810653170575,0.6445918778358198,-0.03655146287691371,0.6456273680772454
60.0,160,bench_160_front,-1.8802304304472406,-6.155803981821638,0.6121221617047536,-0.19830038491301333,0.6434412043899193
60.0,161,bench_161_front,-3.373959483090023,-5.454901268943409,0.5395616555618542,-0.3464773848869692,0.6412280081147126
60.0,162,bench_162_front,-4.6394268369548985,-4.396092040439249,0.4315697225079539,-0.4712242965930429,0.6389872949325365
60.0,163,bench_163_front,-5.5916366092933885,-3.048582819710666,0.2952199445326095,-0.5641415704560119,0.6367185619772777
60.0,164,bench_164_front,-6.165680600263603,-1.5016605002328582,0.13956633938409063,-0.618879302555887,0.6344212750382322
60.0,165,bench_165_front,-6.321476555968831,0.14097235757943524,-0.024932611657249894,-0.6316029815262045,0.6320948990435236
60.0,166,bench_166_front,-6.046944578178774,1.7679741748303346,-0.18710325311927753,-0.6013014473577444,0.6297388807452933
60.0,167,bench_167_front,-5.359345999092606,3.2678752621653837,-0.3358113912808226,-0.529907618367526,0.6273526715635356
60.0,168,bench_168_front,-4.304623581764875,4.536753805404347,-0.46073525419825356,-0.42221750682475784,0.6249356747141611
60.0,169,bench_169_front,-2.9547377798355323,5.485595575629953,-0.5530983592738388,-0.285609268545545,0.6224873085537839
60.0,170,bench_170_front,-1.4031123059018988,6.046802345874664,-0.6063169680520767,-0.1295700027401308,0.6200069768623095
60.0,171,bench_171_front,0.24155186394146802,6.1793606383918895,-0.6165049305389803,0.03493639637125011,0.6174940333074337
60.0,172,bench_172_front,1.8627175136242091,5.872258923608394,-0.5828012189359076,0.19622340579819972,0.6149478724056412
60.0,173,bench_173_front,3.344213478867746,5.1458396744799115,-0.5074881044598489,0.3427099785155135,0.6123677861729454
60.0,174,bench_174_front,4.578598411429622,4.050944185507056,-0.39588374905951634,0.46376171141046213,0.6097531203198381
60.0,175,bench_175_front,5.4751734887130015,2.6657952295412843,-0.2560103255799392,0.5504843568440356,0.6071032152225336
60.0,176,bench_176_front,5.966945723288009,1.0907874944460987,-0.09805550484766454,0.5964104651315661,0.6044173433558814
60.0,177,bench_177_front,6.01603063859572,-0.5584774334849629,0.0663443650043412,0.5980259855187698,0.6016948180959557
60.0,178,bench_178_front,5.617052740658835,-2.1595127999912824,0.2249461836908643,0.5550875369810573,0.5989348539438832
60.0,179,bench_179_front,4.7981957392351555,-3.5919831380043425,0.3658117769808812,0.4707023242658771,0.5961366741337165
60.0,180,bench_180_front,3.6197400526470807,-4.746867095842441,0.478219150149234,0.35115629209982646,0.5932995002953856
60.0,181,bench_181_front,2.1701334471948557,-5.5349815232494874,0.553508263852953,0.2054929898218064,0.5904225326149192
60.0,182,bench_182_front,0.5597262799417555,-5.894271128040739,0.5857892438211078,0.04486657185738824,0.5875049339765066
60.0,183,bench_183_front,-1.0872920418837848,-5.79514800011388,0.5724529216134472,-0.11828566857563343,0.5845458466657308
60.0,184,bench_184_front,-2.642339174619054,-5.243491093851766,0.514438963904999,-0.2711946198023719,0.5815444689732694
60.0,185,bench_185_front,-3.982473109174408,-4.280918788116546,0.41622944599033185,-0.4017648904826988,0.5784997657164551
60.0,186,bench_186_front,-5.000282537209213,-2.982235112835798,0.28555994152474035,-0.49955300746257214,0.5754108857751248
60.0,187,bench_187_front,-5.612825102584829,-1.4501493039014792,0.1328584938002515,-0.5566412194945388,0.5722768793296116
60.0,188,bench_188_front,-5.7688713335710124,0.19245796529788597,-0.02954968772562495,-0.5683291601833641,0.5690968444468919
60.0,189,bench_189_front,-5.453754272945595,1.8120848095488749,-0.18841391816042588,-0.5335810408909919,0.565869712703267
60.0,190,bench_190_front,-4.691378242275253,3.275395970045131,-0.3306370421564356,-0.4551829928885203,0.5625943571179036
60.0,191,bench_191_front,-3.5430831232378304,4.460264947070472,-0.44436943173225246,-0.33958582928545067,0.5592698161974524
60.0,192,bench_192_front,-2.1033326334687508,5.2662639644234845,-0.5200323460561445,-0.19643216900097432,0.5558949882514547
60.0,193,bench_193_front,-0.4924986912474571,5.6236220120323805,-0.5511740446362088,-0.03780053629544793,0.5524687394096257
60.0,194,bench_194_front,1.152859663279178,5.499883520264589,-0.5350840404351261,0.12277989982862872,0.5489898306255844
60.0,195,bench_195_front,2.691320552162585,4.90354102996748,-0.4731021249412019,0.2714737952633701,0.5454572780141254
60.0,196,bench_196_front,3.988825330338455,3.8842373776194465,-0.3705800531464945,0.39533943040868214,0.5418697638971194
60.0,197,bench_197_front,4.9305528666960186,2.529382052708546,-0.23648903248230285,0.4834872687445019,0.5382257904657058
60.0,198,bench_198_front,5.431558069754837,0.9572818810893235,-0.0826935235663897,0.5280889999723225,0.5345242845106223
60.0,199,bench_199_front,5.44504465405105,-0.6926598100784742,0.07705735938972316,0.5251404576582359,0.5307639182401328
60.0,200,bench_200_front,4.967510477705647,-2.2720463986122406,0.2283392398872483,0.474900473880641,0.526943325761266
60.0,201,bench_201_front,4.0401050979481665,-3.636751535609544,0.35736004398437843,0.3819509957151357,0.5230609564518274
60.0,202,bench_202_front,2.7459393665347243,-4.660286851891601,0.4522474642796929,0.25485900833636566,0.5191154814466699
60.0,203,bench_203_front,1.203393003124244,-5.245982891005537,0.5041950385973648,0.10545517814239351,0.5151052625854663
60.0,204,bench_204_front,-0.4441049422653706,-5.336786035811435,0.5083538867596287,-0.05221780359347776,0.5110287400878236
60.0,205,bench_205_front,-2.041030896198033,-4.921658109713541,0.4643723799977734,-0.20319939753052424,0.5068843087545367
60.0,206,bench_206_front,-3.4343399586172003,-4.037800610614301,0.37651913093322237,-0.33303297714387836,0.5026704883161772
60.0,207,bench_207_front,-4.488317703964565,-2.7683059050682446,0.25335776700009344,-0.42918279116725194,0.4983854194630764
60.0,208,bench_208_front,-5.098310821164094,-1.235198526103766,0.10699025565647986,-0.48230309036999514,0.49402751521133575
60.0,209,bench_209_front,-5.201833670244853,0.41155516117288565,-0.04807602295611748,-0.4872286681167897,0.48959481106128766
60.0,210,bench_210_front,-4.78594017844501,2.008277617180867,-0.19633777689269055,-0.44357565610026695,0.48508544125746156
60.0,211,bench_211_front,-3.8898418851723293,3.3937398691612857,-0.32284919276319923,-0.3558736699507118,0.4804973155305215
60.0,212,bench_212_front,-2.6023227928508543,4.425627732096852,-0.4147677907660852,-0.23319638798568815,0.4758286200162309
60.0,213,bench_213_front,-1.0539392192448171,4.995736871382531,-0.462726328643274,-0.08830721488311657,0.47107729665108694
60.0,214,bench_214_front,0.5954112874454451,5.042177749097995,-0.46188207288772515,0.06360707836522123,0.4662412569402468
60.0,215,bench_215_front,2.172531711718681,4.557198606814882,-0.41251806801951496,0.20650288725782992,0.4613183270675177
60.0,216,bench_216_front,3.5089955620408015,3.5895363717129003,-0.3201094286294809,0.3251848151337386,0.45630604893103976
60.0,217,bench_217_front,4.4594416098078185,2.2407709380553618,-0.19482761992108477,0.40697140179151614,0.4512023086823319
60.0,218,bench_218_front,4.918073617791962,0.6557927283725268,-0.05051085995222643,0.4431350554500099,0.4460045115711239
60.0,219,bench_219_front,4.831500561815081,-0.9919359916009319,0.09680644209979111,0.42994670745604413,0.44071040206048395
60.0,220,bench_220_front,4.206236100441305,-2.51887272599997,0.23065697426438594,0.36918618224250344,0.43531721415032115
60.0,221,bench_221_front,3.109750902058646,-3.7518503421681277,0.33600829717224723,0.2680403761039013,0.4298223109501344
60.0,222,bench_222_front,1.6646241274405198,-4.54815700180949,0.4010216929198086,0.13837174953965803,0.4242229829499283
60.0,223,tail_rear,0.036024469032014374,-4.813020354914131,0.41849130602859336,-0.004584428769382432,0.41851641569795006
70.0,0,head_front,1.8053331362864893,9.297050073885215,-0.8074099550805196,0.16574804109163296,0.8242470798788676
70.0,1,bench_1_front,4.489216585906793,8.308952726021342,-0.7201254415423399,0.39909879530957404,0.8233228406731489
70.0,2,bench_2_front,5.858298709765032,7.388022346281631,-0.6391732595579888,0.5181004366619699,0.8227821815057178
70.0,3,bench_3_front,7.04586830188104,6.242519821941134,-0.5386152258570068,0.621264345410996,0.8222382552544899
70.0,4,bench_4_front,8.01517330661676,4.907248228841377,-0.4214725028117505,0.7053629861339058,0.8216909472752767
70.0,5,bench_5_front,8.736002155736514,3.4230290703275688,-0.29129896856492393,0.7677344483050261,0.8211402268804101
70.0,6,bench_6_front,9.185674379114614,1.835489239023134,-0.15207596992073286,0.8063713676867357,0.8205863045727173
70.0,7,bench_7_front,9.349807280090074,0.1936736991924714,-0.008093465814468325,0.8199887217727726,0.8200286629279707
70.0,8,bench_8_front,9.222825918939508,-1.4514329307212428,0.13618097946135108,0.8080728582174654,0.8194675120801294
70.0,9,bench_9_front,8.808214806604205,-3.048490807287066,0.2762399689419731,0.7709044679096648,0.8189030584166515
70.0,10,bench_10_front,8.11847949409879,-4.547417023185542,0.407675987982642,0.709557967496057,0.8183350294437839
70.0,11,bench_11_front,7.174840523031879,-5.900944079144396,0.5263234584571308,0.6258758482178275,0.817763388948576
70.0,12,bench_12_front,6.006619971527232,-7.066170070550432,0.6283907222455803,0.5224188901011814,0.8171881035226053
70.0,13,bench_13_front,4.650387748747997,-8.00592903502835,0.7105848565159804,0.40239240665477194,0.8166091398234873
70.0,14,bench_14_front,3.148881560706453,-8.690012298045128,0.7702220113941672,0.2695500643954153,0.8160264603869467
70.0,15,bench_15_front,1.5496644411699543,-9.096211872462524,0.805318339141475,0.1280812870974214,0.8154400305737484
70.0,16,bench_16_front,-0.09632726512116097,-9.211080941249445,0.8146614730380382,-0.01751875081011862,0.8148498157835303
70.0,17,bench_17_front,-1.736410269975037,-9.030444557867206,0.797857738840739,-0.1625911500357477,0.814256012257818
70.0,18,bench_18_front,-3.317810591106412,-8.559610920617306,0.755352397287195,-0.3024603851779832,0.8136581153589795
70.0,19,bench_19_front,-4.789376253326427,-7.813285927406261,0.6884254572659693,-0.43258680928315707,0.8130565526318827
70.0,20,bench_20_front,-6.103252817883253,-6.815175849073577,0.5991576150521734,-0.5487134860406744,0.8124508215503986
70.0,21,bench_21_front,-7.2164707147192315,-5.597286860273932,0.4903726576972737,-0.6470092979938701,0.8118413484835618
70.0,22,bench_22_front,-8.09237308856987,-4.198966461962628,0.3655514393250487,-0.7241980319903385,0.8112278621517471
70.0,23,bench_23_front,-8.701882960268923,-2.665671671627864,0.22872586950809337,-0.7776718935101534,0.810610323976879
70.0,24,bench_24_front,-9.02452332455215,-1.0475209727055597,0.08435097746377715,-0.8055846279901324,0.8099886914353155
70.0,25,bench_25_front,-9.049160448978066,0.6022988724969465,-0.0628360360955776,-0.8069200562519623,0.8093629251540218
70.0,26,bench_26_front,-8.77446063011834,2.229272501458986,-0.20797038510274582,-0.7815352590451571,0.808732985731734
70.0,27,bench_27_front,-8.20901674477797,3.779365525902299,-0.3462211292575911,-0.7301743951916303,0.8080988291897623
70.0,28,bench_28_front,-7.371158343626144,5.200800808734231,-0.4729504890109924,-0.6544538155373559,0.807460192038679
70.0,29,bench_29_front,-6.288404944667679,6.4458521321246955,-0.5838740671908077,-0.5568173114331663,0.806817479142337
70.0,30,bench_30_front,-4.996654158289629,7.47243170107386,-0.675206376137288,-0.4404623683615302,0.8061704213868784
70.0,31,bench_31_front,-3.539018270574698,8.2455975107865,-0.7437946496995902,-0.309242138768421,0.8055191998405771
70.0,32,bench_32_front,-1.964444170404714,8.738777114722884,-0.7872327212090917,-0.16753988163444894,0.8048633233539448
70.0,33,bench_33_front,-0.32612672616371496,8.934743713517243,-0.8039512582086055,-0.020128259344425768,0.804203190990583
70.0,34,bench_34_front,1.3203021001962427,8.826298330826983,-0.7932795939113962,0.12799086818301958,0.8035385345174635
70.0,35,bench_35_front,2.918630199385972,8.416594978014153,-0.7554789882006248,0.2717540668768458,0.8028690892522546
70.0,36,bench_36_front,4.413969283931981,7.719137361930362,-0.6917448773778153,0.40620959957729125,0.8021952469113688
70.0,37,bench_37_front,5.754694564335525,6.757398064239868,-0.6041745047720273,0.5266899016074491,0.8015167401070229
70.0,38,bench_38_front,6.894233253445735,5.564100562053039,-0.49570526375101237,0.6289755750188549,0.8008333050521562
70.0,39,bench_39_front,7.792720469168042,4.180179663587856,-0.3700228229065059,0.7094474280103359,0.8001453259140993
70.0,40,bench_40_front,8.418458083096668,2.653428619222841,-0.23143947130409376,0.7652190069574576,0.7994525361061006
70.0,41,bench_41_front,8.749096734259275,1.0368949089354416,-0.08475137507969044,0.7942456997491121,0.7987546726923449
70.0,42,bench_42_front,8.772506427943314,-0.6129424910617794,0.06492402190594024,0.7954068424233531,0.7980521120793629
70.0,43,bench_43_front,8.487294474934837,-2.238106711174739,0.21232572429514449,0.7685546049533195,0.7973445892413209
70.0,44,bench_44_front,7.902960159232946,-3.78116794357494,0.3522335740251678,0.7145307070589577,0.796632049318076
70.0,45,bench_45_front,7.039653240397306,-5.187293318530737,0.4796528028690565,0.6351480028550889,0.7959144406473286
70.0,46,bench_46_front,5.92755796955967,-6.406208153962645,0.5899954830924913,0.5331371191095927,0.7951917113765826
70.0,47,bench_47_front,4.60592802509816,-7.394023922247152,0.6792500454513762,0.4120583842295519,0.794463804247598
70.0,48,bench_48_front,3.121737747208266,-8.114901780756679,0.7441306232375144,0.27618469281786473,0.7937306652679799
70.0,49,bench_49_front,1.5280778340804884,-8.542398240015531,0.7822049630850476,0.1303549362894329,0.7929924423914158
70.0,50,bench_50_front,-0.1176931299756296,-8.660510835993987,0.7919914488984824,-0.020194541888623775,0.7922488716624396
70.0,51,bench_51_front,-1.7559946652960967,-8.464365964697,0.7730246391229748,-0.17001469075242867,0.7914998975128483
70.0,52,bench_52_front,-3.327183930701192,-7.960500115830643,0.7258838131798953,-0.31364162702713505,0.7907454586912362
70.0,53,bench_53_front,-4.773706643017033,-7.166738900229457,0.6521841447877229,-0.4457947141503119,0.7899854972572926
70.0,54,bench_54_front,-6.042272311008389,-6.111634045870877,0.5545296796948476,-0.561573656524639,0.7892199549966558
70.0,55,bench_55_front,-7.085813694881496,-4.83353611496284,0.436427998343519,-0.656644547573285,0.788448767895451
70.0,56,bench_56_front,-7.865308018361275,-3.3792687507140378,0.30217222732994437,-0.7274056155990518,0.7876718762115194
70.0,57,bench_57_front,-8.351308675458219,-1.8024619305693248,0.1566891836944117,-0.7711310752514082,0.7868892142514181
70.0,58,bench_58_front,-8.525127266295806,-0.16163953175274265,0.005364684849225832,-0.7860824149441886,0.7861007206001144
70.0,59,bench_59_front,-8.379647730520722,1.4819318819710463,-0.1461543170339351,-0.771586192385745,0.7853065240197536
70.0,60,bench_60_front,-7.9197043495386295,3.0665282119524115,-0.2921687286357648,-0.7280711956746673,0.7845063619651397
70.0,61,bench_61_front,-7.162015321019993,4.532277573582694,-0.42714140054772426,-0.6570663438805981,0.783700169913525
70.0,62,bench_62_front,-6.134683596946693,5.8234312398056485,-0.5459105966305452,-0.5611551021475687,0.7828878771444645
70.0,63,bench_63_front,-4.87621714083289,6.890565165986537,-0.6438894221831151,-0.4438907360490939,0.7820694173470231
70.0,64,bench_64_front,-3.4342000943732773,7.692485858507849,-0.7172497587686054,-0.30967094265040257,0.7812447178545348
70.0,65,bench_65_front,-1.863517824001184,8.1979298670151,-0.7630772571452001,-0.16358074165657488,0.7804137104210541
70.0,66,bench_66_front,-0.22436926475846794,8.386840544009166,-0.7794958182611468,-0.011203056957499746,0.7795763202995636
70.0,67,bench_67_front,1.4200492533744176,8.25127732661573,-0.7657523672735395,0.14158948775135488,0.7787324771875902
70.0,68,bench_68_front,3.005948378764334,7.795836755879305,-0.7222604923586329,0.28886093348881214,0.7778822904001368
70.0,69,bench_69_front,4.471413232824124,7.037608787228478,-0.6505979549158954,0.42484223779420915,0.777025498908972
70.0,70,bench_70_front,5.7588655518257745,6.0056320293594165,-0.5534594094924448,0.544160057962998,0.7761620234448597
70.0,71,bench_71_front,6.81735329141796,4.739885591193302,-0.43456476618905304,0.6420520391089053,0.7752917882557828
70.0,72,bench_72_front,7.604639703944176,3.2898249068400864,-0.29852475153396174,0.7145635917517572,0.7744147170189791
70.0,73,bench_73_front,8.088971921365793,1.7125115796175263,-0.1506680068648158,0.7587153208770203,0.7735307275255044
70.0,74,bench_74_front,8.250446616282678,0.0704285592750428,0.003161880616626722,0.7726332660374219,0.772639735760909
70.0,75,bench_75_front,8.081931914031573,-1.5709459443843667,0.15683266499594112,0.7556379480047554,0.7717416622643658
70.0,76,bench_76_front,7.5894955219410765,-3.145745768383333,0.304167999431019,0.7082872917356634,0.7708365971540979
70.0,77,bench_77_front,6.792294168288318,-4.590376961428062,0.43919571711786387,0.6323689714201912,0.7699242780622685
70.0,78,bench_78_front,5.7219391977235725,-5.8461005664230274,0.5563922635037831,0.5308441295612096,0.7690044478261888
70.0,79,bench_79_front,4.42135305010042,-6.861470289685887,0.6509145748540461,0.4077413965795662,0.7680773595426952
70.0,80,bench_80_front,2.9431281035267447,-7.594523597064022,0.7188048850924298,0.268006615788293,0.7671427565577575
70.0,81,bench_81_front,1.3474921752145421,-8.014593501081519,0.7571668832053213,0.11730979230700052,0.7662005458063654
70.0,82,bench_82_front,-0.3000975377007084,-8.103705141041644,0.7642976510646772,-0.03817892883903995,0.7652506321658803
70.0,83,bench_83_front,-1.9316146281979056,-7.85745569799096,0.7397738410118684,-0.19203733937689405,0.7642929252324723
70.0,84,bench_84_front,-3.4792506996873334,-7.285341916863821,0.684486064176277,-0.33785712573865034,0.7633273278639463
70.0,85,bench_85_front,-4.878247811208086,-6.4105174933080535,0.6006188210840309,-0.46951092635583136,0.7623539061406336
70.0,86,bench_86_front,-6.069638324614493,-5.268981720278205,0.49157516502704296,-0.581413607282434,0.7613723961403754
70.0,87,bench_87_front,-7.00280202102715,-3.9082069548885503,0.36185005945911797,-0.6687648214932644,0.7603827010114611
70.0,88,bench_88_front,-7.637705189038151,-2.3852494609243777,0.21685295749041927,-0.7277636588361033,0.7593847169220972
70.0,89,bench_89_front,-7.946711610051902,-0.7644376402690554,0.06268994233048315,-0.7557828220944394,0.7583783376669156
70.0,90,bench_90_front,-7.915902114528473,0.8852778240226739,-0.09408697609896469,-0.7514965430938354,0.7573634618552917
70.0,91,bench_91_front,-7.545831712668092,2.4932463047013527,-0.24675726836117845,-0.7149552552719239,0.7563399807824605
70.0,92,bench_92_front,-6.851671155094413,3.9901233675837693,-0.38871859316701146,-0.6476016819789393,0.7553079393040244
70.0,93,bench_93_front,-5.862713771309783,5.3109034911990145,-0.5137748313263766,-0.5522266189717169,0.7542670720675672
70.0,94,bench_94_front,-4.621263893061994,6.39778494645928,-0.616411614300205,-0.43286573767734876,0.7532171168389231
70.0,95,bench_95_front,-3.1809514910096444,7.202770394838402,-0.6920473771925265,-0.2946395655648783,0.7521582585302878
70.0,96,bench_96_front,-1.6044971131601704,7.689899985843738,-0.7372461411457845,-0.14354324055878798,0.7510902306277643
70.0,97,bench_97_front,0.03893144579560537,7.836968459178842,-0.7498858393018586,0.01380602648207283,0.7500129187905209
70.0,98,bench_98_front,1.6767336338351753,7.6366725853790065,-0.7292704333211265,0.1704561530206589,0.7489263415176327
70.0,99,bench_99_front,3.2360158743328915,7.097113340033012,-0.676179634179406,0.31942316165146856,0.7478302306529307
70.0,100,bench_100_front,4.646907118713423,6.241608764753464,-0.5928552993166181,0.4540044294357971,0.7467244658340321
70.0,101,bench_101_front,5.84568314609921,5.107839197658627,-0.48291976315165697,0.5680855228066555,0.7456089181769244
70.0,102,bench_102_front,6.777743476646901,3.7463088893732546,-0.3512311973803318,0.6564238446650806,0.7444834570748416
70.0,103,bench_103_front,7.400186968325917,2.2182134368060966,-0.20368002881499908,0.7148990283188844,0.7433479500404666
70.0,104,bench_104_front,7.683907702103914,0.5927896339427623,-0.046934655777670434,0.7407169100496743,0.7422024001217631
70.0,105,bench_105_front,7.615101689465655,-1.055774577814127,0.11185408111187398,0.7325562305121738,0.7410465345196527
70.0,106,bench_106_front,7.196082246983271,-2.6516839205456177,0.2653763207094639,0.6906505184319872,0.7398802134154319
70.0,107,bench_107_front,6.445375864218728,-4.121013111082423,0.406498678067366,0.6167993119783459,0.7387033007422378
70.0,108,bench_108_front,5.397048624503843,-5.395189785282445,0.5286007411148645,0.5143059324060407,0.7375156510984909
70.0,109,bench_109_front,4.099335448384904,-6.414221856564268,0.6258911727100621,0.38784421703436783,0.7363171169838296
70.0,110,bench_110_front,2.612515385103616,-7.12966617421183,0.6936919636262109,0.24325823245964626,0.7351075486341979
70.0,111,bench_111_front,1.0062421893281244,-7.507025541912523,0.7286756392279656,0.08730306309624583,0.7338869204654566
70.0,112,bench_112_front,-0.6436308954865049,-7.52756748777152,0.72904274739651,-0.0726632934859513,0.7326549540893564
70.0,113,bench_113_front,-2.2586099643471944,-7.189421990688857,0.6946301413179616,-0.22902344036112243,0.7314114912019472
70.0,114,bench_114_front,-3.7612750381211737,-6.507879000258198,0.6269420141494171,-0.3742619890679653,0.7301563706267566
70.0,115,bench_115_front,-5.0790129452272,-5.514877699268355,0.5291018455696286,-0.5013294436599195,0.7288895486049662
70.0,116,bench_116_front,-6.147613136940082,-4.257659788649117,0.4057235539216116,-0.6039915377424538,0.7276107337521052
70.0,117,bench_117_front,-6.914469722629935,-2.796691911419714,0.26271017364914434,-0.6771438276274896,0.7263197633499799
70.0,118,bench_118_front,-7.341325056949529,-1.2028649002375997,0.10698187176355503,-0.7170800193342123,0.7250164653401936
70.0,119,bench_119_front,-7.406329183775341,0.44585083783567725,-0.05384972224197095,-0.7216944350461567,0.723700663369966
70.0,120,bench_120_front,-7.1053327457733095,2.0681623752688885,-0.21184812096857683,-0.6906098296129499,0.7223721777006258
70.0,121,bench_121_front,-6.452326260763392,3.5834460246994775,-0.3591418237474309,-0.6252221703000382,0.7210309367837976
70.0,122,bench_122_front,-5.478982437355075,4.91578049317871,-0.4883205093925568,-0.5286563590150225,0.7196766397629052
70.0,123,bench_123_front,-4.233309324933498,5.997814847516945,-0.5928133382786379,-0.4056358682245323,0.7183092033597599
70.0,124,bench_124_front,-2.7774364958540647,6.774295470671212,-0.6672345875454159,-0.2622674930707221,0.7169283316611936
70.0,125,bench_125_front,-1.1846463057058003,7.20502486079759,-0.7076761593949983,-0.10575018224970915,0.7155338200406056
70.0,126,bench_126_front,0.46418582418735227,7.267106455851552,-0.7119284567419774,0.05597380727795479,0.7141254754034497
70.0,127,bench_127_front,2.0846594104087637,6.956366261510204,-0.6796209558537579,0.21461839728890392,0.7127030939251164
70.0,128,bench_128_front,3.5931469147290382,6.287818398580226,-0.612268659596767,0.36197679872017086,0.7112665564583539
70.0,129,bench_129_front,4.911136842694493,5.295151113372628,-0.513222542747875,0.49034757812953866,0.709815557565554
70.0,130,bench_130_front,5.96940018140998,4.029227469175506,-0.3875223628141703,0.5929468533382883,0.7083498800485922
70.0,131,bench_131_front,6.711749554101625,2.555650129177489,-0.24165787034210934,0.6642783200595981,0.7068693039024156
70.0,132,bench_132_front,7.098170470240355,0.9515354400472242,-0.08324761019992163,0.7004440546999884,0.7053736870401096
70.0,133,bench_133_front,7.1071890306334975,-0.6984400969250258,0.07934747219830178,0.699375934210902,0.7038627129615777
70.0,134,bench_134_front,6.737270262630155,-2.3064369612861833,0.23746044042642112,0.6609754943386363,0.7023361480685119
70.0,135,bench_135_front,6.007184843345271,-3.786118963536707,0.38257986849229,0.5871495863184844,0.7007938302307928
70.0,136,bench_136_front,4.955279545686391,-5.057338327484888,0.5068112155726829,0.48173912785489426,0.6992354364136979
70.0,137,bench_137_front,3.637697033158506,-6.050547376150229,0.6033180284072795,0.35033957986088915,0.6976607088107738
70.0,138,bench_138_front,2.1255456550202867,-6.710775758784255,0.66671053855931,0.20002442135738968,0.6960694730882857
70.0,139,bench_139_front,0.5012378408045753,-7.000835980128224,0.6933666833105783,0.038977722964706675,0.6944613887125944
70.0,140,bench_140_front,-1.1458924548420915,-6.903648316405706,0.6816605061337555,-0.12393968933339834,0.6928362665266499
70.0,141,bench_141_front,-2.7244850076164173,-6.423479681498373,0.632084633389469,-0.2796745040310148,0.6911937586321896
70.0,142,bench_142_front,-4.146167287146556,-5.5860257090243834,0.5472568492234711,-0.4194836278233682,0.6895335909394517
70.0,143,bench_143_front,-5.33060439755717,-4.437287095225895,0.4318062463941067,-0.5354330208922652,0.6878554748541185
70.0,144,bench_144_front,-6.210157756357743,-3.0412611980235225,0.29214472493656085,-0.6208589971883449,0.6861591904929759
70.0,145,bench_145_front,-6.733904810853598,-1.4765906184029867,0.13612885395380564,-0.6707704807980746,0.6844443752335588
70.0,146,bench_146_front,-6.870816919026626,0.1677191655711878,-0.027366274608328717,-0.6821620259088631,0.6827107312603361
70.0,147,bench_147_front,-6.611846708654632,1.7972740417469932,-0.1889436121624571,-0.6542202354977682,0.6809580053951582
70.0,148,bench_148_front,-5.970793684122911,3.317647816592173,-0.33922112911694074,-0.5884066687202493,0.6791858230512717
70.0,149,bench_149_front,-4.983838902776768,4.639931213507228,-0.46938007165294116,-0.48841048224079875,0.6773938668364291
70.0,150,bench_150_front,-3.7077953074283765,5.685974861190082,-0.5716938352716096,-0.3599680588124629,0.6755818563673649
70.0,151,bench_151_front,-2.2170533776726353,6.39321282785244,-0.6400029779197564,-0.21055746528507857,0.6737494029187953
70.0,152,bench_152_front,-0.5994602785093467,6.718599508819725,-0.6701083754614644,-0.04898243243400615,0.671896207424
70.0,153,bench_153_front,1.0487343950780768,6.641499783810975,-0.660055776170225,0.11513331540143534,0.6700218712631735
70.0,154,bench_154_front,2.628521084852288,6.165279037244619,-0.6102917064781079,0.27191264370338397,0.6681260755289562
70.0,155,bench_155_front,4.044061009041302,5.317497673608062,-0.5236768398136438,0.4118206090290567,0.6662084107681829
70.0,156,bench_156_front,5.208619257195799,4.1486037130557385,-0.40535277023045485,0.526252586149176,0.6642685095367684
70.0,157,bench_157_front,6.049986290891702,2.7292314831223257,-0.2624639205538073,0.6080805498036602,0.6623060203878544
70.0,158,bench_158_front,6.515193212849825,1.146168875653736,-0.10374906293476674,0.6521191201509482,0.6603205395308319
70.0,159,bench_159_front,6.574120499671673,-0.5027798628186304,0.06097495697471157,0.6554817037120132,0.6583116353819606
70.0,160,bench_160_front,6.221755442301216,-2.114711679445944,0.22141164706853794,0.6178016415850718,0.656278893308944
70.0,161,bench_161_front,5.478921176982693,-3.588044169035513,0.36742541133700624,0.5412992376084322,0.6542219023631342
70.0,162,bench_162_front,4.3914007815788585,-4.828936133055764,0.4896905776777265,0.4306855588585636,0.6521402552178931
70.0,163,bench_163_front,3.0274408166698366,-5.757430854911168,0.5803027168534454,0.2929031978881089,0.6500334810766063
70.0,164,bench_164_front,1.4737252174421975,-6.312837605139673,0.6333117705846123,0.13671904114038916,0.6479011459870742
70.0,165,bench_165_front,-0.16988158801492806,-6.457963806296037,0.6451435008583936,-0.02781365216594946,0.6457427784703693
70.0,166,bench_166_front,-1.7966341182010854,-6.181959929375444,0.614874889376391,-0.1899885240220643,0.6435578985963202
70.0,167,bench_167_front,-3.2997826109028257,-5.501483287630894,0.5443423609243982,-0.33914027973233407,0.6413460339268293
70.0,168,bench_168_front,-4.579621589870758,-4.460079011812506,0.4380682066668976,-0.4653531827966845,0.6391066721849774
70.0,169,bench_169_front,-5.550240280280872,-3.125767460969409,0.3030075094758763,-0.5601345900142579,0.6368393123302095
70.0,170,bench_170_front,-6.145541926301768,-1.5868989206691009,0.14812289544510332,-0.6170129373994666,0.6345434241037875
70.0,171,bench_171_front,-6.324034961280457,0.05342067887784038,-0.01618454567855909,-0.6320112863047843,0.6322184792739369
70.0,172,bench_172_front,-6.072106697709951,1.6840796154432622,-0.17876097264840002,-0.6039644712178728,0.6298639280318302
70.0,173,bench_173_front,-5.405466239399926,3.19340981192119,-0.3284508447475921,-0.5346495828546348,0.627479189983255
70.0,174,bench_174_front,-4.368586891788455,4.476907609859548,-0.45486978098280434,-0.42871683432934893,0.6250637101037964
70.0,175,bench_175_front,-3.0321430376095715,5.444600623676927,-0.5491429123713093,-0.2934175736808366,0.6226169052895951
70.0,176,bench_176_front,-1.4885752277815978,6.027604832276899,-0.6045561180263901,-0.13814205205680824,0.6201381510515254
70.0,177,bench_177_front,0.15405372971080225,6.183400836203914,-0.6170706454829868,0.02620527871028493,0.6176268275820552
70.0,178,bench_178_front,1.779415756772635,5.8993350692617765,-0.5856606737185273,0.18795689334136045,0.6150822859544687
70.0,179,bench_179_front,3.2711074477166515,5.194094707918341,-0.5124424418448608,0.3355052457293217,0.6125038988576449
70.0,180,bench_180_front,4.521024340322435,4.116963124162923,-0.4025799441867381,0.4581444633478317,0.6098909416917666
70.0,181,bench_181_front,5.437393057972946,2.7448278911249657,-0.2639644727342684,0.5468698262323208,0.6072428259841767
70.0,182,bench_182_front,5.951814213023373,1.1770732049084702,-0.10668500027565733,0.5950710732108684,0.6045587411130136
70.0,183,bench_183_front,6.024759123397786,-0.4713112179851789,0.057678847957639404,0.5990677495277721,0.601838033050413
70.0,184,bench_184_front,5.649081649464085,-2.0779769979710396,0.21689326050003369,0.5584389556767235,0.5990799226043593
70.0,185,bench_185_front,4.851205634261093,-3.52223854647088,0.3589803975369959,0.47611685032494205,0.5962836413814846
70.0,186,bench_186_front,3.6897957390967004,-4.6942528304148485,0.4731323260830577,0.35822731230383226,0.5934484015187775
70.0,187,bench_187_front,2.2519357200072014,-5.503600857376245,0.5505603416395545,0.21368262849997438,0.5905734124636166
70.0,188,bench_188_front,0.6470053387727894,-5.886632872936096,0.5852134284372292,0.05354405521375098,0.5876578278828499
70.0,189,bench_189_front,-1.0013068608484117,-5.811941606296532,0.5742996799801314,-0.10979519808246636,0.5847008704861396
70.0,190,bench_190_front,-2.5643969345540487,-5.283498839489523,0.5185685752656968,-0.263559079223794,0.5817016034827381
70.0,191,bench_191_front,-3.9187694917598535,-4.341076051635401,0.4223197607335846,-0.39559121869668273,0.578659133355725
70.0,192,bench_192_front,-4.955962709495935,-3.0578301147880462,0.2931279741816835,-0.4953379124619886,0.5755724600517804
70.0,193,bench_193_front,-5.591546003545084,-1.5351517674698103,0.1412971522342135,-0.5547283779410483,0.5724407904077111
70.0,194,bench_194_front,-5.77245643074795,0.10489822243732852,-0.020924863404860605,-0.568878279583086,0.5692629857016209
70.0,195,bench_195_front,-5.482016333383934,1.7291394946988872,-0.1803097830930076,-0.536551626693563,0.5660382195457795
70.0,196,bench_196_front,-4.7420874831898105,3.2039341221356112,-0.32372485918367755,-0.4603335581333545,0.5627652878396164
70.0,197,bench_197_front,-3.612116111897994,4.40628626037657,-0.43922865613909456,-0.3464895395683906,0.559443306693422
70.0,198,bench_198_front,-2.1849698558811017,5.234385602325449,-0.5170983543421306,-0.2045097778073301,0.5560710002168276
70.0,199,bench_199_front,-0.5798616014069217,5.6166521691098685,-0.5506987335403227,-0.0463681096292471,0.5526473529417337
70.0,200,bench_200_front,1.0672184599921524,5.518531667378275,-0.5371112994508594,0.11445721895796779,0.5491711964127243
70.0,201,bench_201_front,2.6148149327030934,4.946312464896863,-0.47745899024862426,0.26411605398370064,0.5456412533351533
70.0,202,bench_202_front,3.9281694310446236,3.9475126348713703,-0.3768878978560472,0.38959051661565247,0.5420565082970605
70.0,203,bench_203_front,4.891160480788134,2.6076844050663057,-0.24419341399500377,0.4798550018317608,0.5384154958965189
70.0,204,bench_204_front,5.417027219086103,1.0437302667638066,-0.09110930421251905,0.5268978904899223,0.5347170207846572
70.0,205,bench_205_front,5.456799105155162,-0.6057871416018078,0.06868605335619041,0.5264982052408663,0.5309596350453609
70.0,206,bench_206_front,5.004612362019589,-2.1926141724188617,0.220771858475472,0.4786840592276166,0.5271419562635308
70.0,207,bench_207_front,4.099285134372967,-3.572061034013329,0.3512895762942033,0.38781391456412184,0.5232628390613162
70.0,208,bench_208_front,2.821832674275991,-4.61639081058153,0.44823460595421877,0.26225834149276334,0.519320420990229
70.0,209,bench_209_front,1.2890005874169854,-5.227075223635567,0.5026137296535711,0.11369873096977086,0.5153134605853116
70.0,210,bench_210_front,-0.35680080950102616,-5.344768828436887,0.5093514441894081,-0.04390778241954285,0.5112404395730424
70.0,211,bench_211_front,-1.960319778477103,-4.955907569884382,0.4678513517422325,-0.1956147281511916,0.5070996048082652
70.0,212,bench_212_front,-3.3680138807510396,-4.095162664494036,0.382141517987049,-0.3269029235585818,0.5028893130705743
70.0,213,bench_213_front,-4.442904391319205,-2.843319147507259,0.2605733826039532,-0.4251015186137795,0.4986078507699289
70.0,214,bench_214_front,-5.078371931289706,-1.3205976512526811,0.11508749629464177,-0.4806676326191887,0.49425348238642136
70.0,215,bench_215_front,-5.209482460112078,0.32418527155527105,-0.03990269864223439,-0.488196393397509,0.4898244010717191
70.0,216,bench_216_front,-4.820556101218133,1.9276913767015564,-0.18890822244101857,-0.4470435936583545,0.4853187520968063
70.0,217,bench_217_front,-3.9480592580076643,3.3281407949084625,-0.31691554516094916,-0.36148346378153173,0.4807346017837239
70.0,218,bench_218_front,-2.6783068519794004,4.381813635887716,-0.41093404673233697,-0.24036641755172047,0.4760701686206168
70.0,219,bench_219_front,-1.1399192160200358,4.978364552595765,-0.4613824247277586,-0.09628953955144312,0.4713230498020384
70.0,220,bench_220_front,0.5083833444633605,5.05321416360534,-0.46315983204506506,0.055651851115191234,0.4664913274140906
70.0,221,bench_221_front,2.093667042740729,4.595635844245399,-0.4162712318464535,0.19941799347940176,0.46157261030775487
70.0,222,bench_222_front,3.446789330267484,3.6514138636704074,-0.3259249278287438,0.31972582589296594,0.45656506910090155
70.0,223,tail_rear,4.420730516368974,2.319520604124023,-0.20206517628601056,0.4037217048332337,0.45146600140093524
80.0,0,head_front,-7.2404163518485865,6.24670866782467,-0.5470865631171468,-0.6207519836062841,0.8274277809540046
80.0,1,bench_1_front,-5.052117738297196,8.088172374895883,-0.7056137999193866,-0.4304328854242134,0.8265369341362128
80.0,2,bench_2_front,-3.575452309326483,8.824361157791994,-0.76880793345766,-0.30205446430954414,0.8260160639822711
80.0,3,bench_3_front,-1.9938612579150257,9.294541895490664,-0.8089233550862648,-0.16455977240848765,0.8254919218860669
80.0,4,bench_4_front,-0.3547887336932231,9.484139285467633,-0.8246695348602444,-0.022061636906593175,0.8249645795727294
80.0,5,bench_5_front,1.2923497266678843,9.38697956692926,-0.8154842829710652,0.12114792068086759,0.8244340085526132
80.0,6,bench_6_front,2.8976548439343577,9.005549915559303,-0.7815582999429711,0.2607261612461621,0.8239001804635723
80.0,7,bench_7_front,4.412267958846259,8.350988101459004,-0.7238365090097985,0.3924123368042773,0.8233630632058287
80.0,8,bench_8_front,5.789850022687025,7.442816948955811,-0.6439971387958071,0.5121569693892061,0.8228226273451176
80.0,9,bench_9_front,6.988030244581044,6.308414723259606,-0.5444076455118495,0.6162489845980046,0.8222788429175515
80.0,10,bench_10_front,7.969738106664437,4.9822397263496025,-0.4280587269082309,0.7014335885931853,0.8217319227637498
80.0,11,bench_11_front,8.704394045141498,3.5048161095070607,-0.29847835489479657,0.765015997507704,0.8211813470746956
80.0,12,bench_12_front,9.168895248852126,1.921547230293198,-0.15962816682085484,0.8049522100106656,0.8206273283553512
80.0,13,bench_13_front,9.348401005637395,0.28134323708061254,-0.01578475372791326,0.8199181490848657,0.8200700760599687
80.0,14,bench_14_front,9.236861914750701,-1.3648835245197042,0.12858989860519693,0.809357621982642,0.8195090739489662
80.0,15,bench_15_front,8.837278767026257,-2.965770951662327,0.26898673343033996,0.7735090705362627,0.8189445310662975
80.0,16,bench_16_front,8.161687837035906,-4.471119828737381,0.40098966511896156,0.7134053866940702,0.8183764154081743
80.0,17,bench_17_front,7.230856546840246,-5.833484508552915,0.5204167331788859,0.6308496879678875,0.8178049308861892
80.0,18,bench_18_front,6.073694705315327,-7.00969512746296,0.6234533591130184,0.5283658375682161,0.81722980201316
80.0,19,bench_19_front,4.72642134309839,-7.962242060875942,0.7067770619765528,0.40912716045235686,0.816650995686662
80.0,20,bench_20_front,3.2314604944006726,-8.660530130240918,0.7676688085560215,0.27686162682567533,0.8160684775424064
80.0,21,bench_21_front,1.6361718608887925,-9.081895298230457,0.8041059792336327,0.13573801328470197,0.8154822095482877
80.0,22,bench_22_front,-0.0086556869685863,-9.212413688452788,0.8148336932259514,-0.009761174547792129,0.8148921573710207
80.0,23,bench_23_front,-1.6503798414621111,-9.047411053332945,0.7994138115997013,-0.1549814678148454,0.8142982853613329
80.0,24,bench_24_front,-3.2361979495221465,-8.591692537928534,0.7582472304611029,-0.295245201904764,0.8137005541043447
80.0,25,bench_25_front,-4.7148308110879205,-7.859470982985352,0.6925704071572458,-0.42600056027876987,0.8130991613744163
80.0,26,bench_26_front,-6.038206100188526,-6.873989802627521,0.6044226045489143,-0.5429725296453289,0.812493601721971
80.0,27,bench_27_front,-7.163056965278608,-5.666836561755714,0.4965901724775558,-0.6423039157392874,0.8118843018406687
80.0,28,bench_28_front,-8.05235831873066,-4.276996453479601,0.3725217401036317,-0.7206856473335118,0.8112707619052721
80.0,29,bench_29_front,-8.676601536965299,-2.749638072682857,0.23622267407012335,-0.7754726199112965,0.8106534006447699
80.0,30,bench_30_front,-9.01483178186943,-1.1346718980802089,0.09212971625620656,-0.804775437172963,0.8100317209186211
80.0,31,bench_31_front,-9.05540593603203,0.5148247790850853,-0.05503134112939412,-0.8075329594606583,0.8094059112224156
80.0,32,bench_32_front,-8.79646471426731,2.144382428892415,-0.2003989474802496,-0.7835554435908925,0.8087761565056873
80.0,33,bench_33_front,-8.24607933710993,3.699876898506619,-0.3391353507045459,-0.7335398057999021,0.8081419632653989
80.0,34,bench_34_front,-7.422066488759063,5.129384665251665,-0.46658914374919325,-0.6590575578917182,0.8075037422073044
80.0,35,bench_35_front,-6.351478341403185,6.384913688159445,-0.5784534330413619,-0.5625092483068962,0.8068612201786171
80.0,36,bench_36_front,-5.0697947111978925,7.424036854202519,-0.6709118480165218,-0.44705579674511053,0.806214359343934
80.0,37,bench_37_front,-3.6197772573403575,8.211400271535453,-0.7407756921872047,-0.3165174609555764,0.8055631131234828
80.0,38,bench_38_front,-2.050101918425974,8.719959950279735,-0.7855968563720024,-0.17525283968152652,0.8049074347762054
80.0,39,bench_39_front,-0.4137824962440345,8.931972953273293,-0.8037593097536491,-0.028018166769792872,0.8042475027532273
80.0,40,bench_40_front,1.2336328036062754,8.83969698396814,-0.7945435412754014,0.12019266764210364,0.8035830488116213
80.0,41,bench_41_front,2.835914330137622,8.445733589177035,-0.7581610128320938,0.26431508113266433,0.8029138082588648
80.0,42,bench_42_front,4.338054161715792,7.76304354665631,-0.6957581090114093,0.3993869662221536,0.8022401729178537
80.0,43,bench_43_front,5.688207273151122,6.814586482228016,-0.6093855887337952,0.5207212743601166,0.8015618761690566
80.0,44,bench_44_front,6.839489926835973,5.632619113885869,-0.5019384187144316,0.6240708634698896,0.8008786542377051
80.0,45,bench_45_front,7.7516433983405655,4.257672260726605,-0.3770649216577153,0.7057812415118754,0.8001906747861931
80.0,46,bench_46_front,8.392504349387396,2.7372150316690615,-0.239047822075284,0.7629242118525105,0.7994981014797414
80.0,47,bench_47_front,8.739205475046939,1.1240497661070108,-0.09266188735143535,0.7934078059187777,0.7988004580997553
80.0,48,bench_48_front,8.779054855096177,-0.5254705376702254,0.056988310650267035,0.7960607844853762,0.7980980141224785
80.0,49,bench_49_front,8.510083622861929,-2.1533978954065067,0.20464505649776726,0.7706831523270475,0.797390820382157
80.0,50,bench_50_front,7.941211806409088,-3.702231908912778,0.3450810395668222,0.7180638674371561,0.7966785057897096
80.0,51,bench_51_front,7.092038294139616,-5.116940293921502,0.47328445268590896,0.6399655782178767,0.7959611262228462
80.0,52,bench_52_front,5.992237435467899,-6.346959307044524,0.5846418751791995,0.539072056958218,0.7952388350717129
80.0,53,bench_53_front,4.680604534867603,-7.34802409922844,0.6751063165956408,0.41890267355375527,0.7945111633059775
80.0,54,bench_54_front,3.203750317251174,-8.083824275964552,0.7413507922077468,0.2836957133528158,0.7937784671316153
80.0,55,bench_55_front,1.6144865601575054,-8.527389758797488,0.7808945570669199,0.13826386927417947,0.7930404824492936
80.0,56,bench_56_front,-0.030002493608172785,-8.662144852648945,0.7922036446918552,-0.01217236562952222,0.7922971545752755
80.0,57,bench_57_front,-1.670211369498119,-8.482614920736996,0.7747576387260157,-0.16217122889380553,0.7915484231841021
80.0,58,bench_58_front,-3.2464352872448274,-7.994731183711581,0.729080333169876,-0.3062635879564377,0.7907942321002652
80.0,59,bench_59_front,-4.700962090356765,-7.215727985649032,0.6567330791632899,-0.43915397289543084,0.7900345240412832
80.0,60,bench_60_front,-5.9802167591646835,-6.173612130259524,0.5602687952056813,-0.5559179828409906,0.7892692357663648
80.0,61,bench_61_front,-7.036754995018226,-4.906247195225556,0.44315014245277273,-0.6521869688147006,0.7884985041505279
80.0,62,bench_62_front,-7.831093410293501,-3.4600374833413627,0.309631819178947,-0.72431614892689,0.7877218716300474
80.0,63,bench_63_front,-8.333239559627396,-1.8883065085075412,0.16461146179109581,-0.7695304464832932,0.7869396682197295
80.0,64,bench_64_front,-8.523913403959241,-0.2493603291617951,0.01345519501035628,-0.7860362858770971,0.7861514389659464
80.0,65,bench_65_front,-8.395368402623243,1.395623678847053,-0.13819901692309605,-0.7731024814068869,0.7853575077861012
80.0,66,bench_66_front,-7.95179986577502,2.984886639970999,-0.2846487809265438,-0.7310987760657858,0.7845574222756786
80.0,67,bench_67_front,-7.209307944692419,4.458389848004202,-0.4203432260772949,-0.6614965529819579,0.7837513108863551
80.0,68,bench_68_front,-6.195409018954592,5.7601179760082655,-0.5400951689526574,-0.5668255023851859,0.782939296293281
80.0,69,bench_69_front,-4.948096466239391,6.840254577281209,-0.6392825866572919,-0.45058985385546624,0.7821211172195316
80.0,70,bench_70_front,-3.5144984778418067,7.657135789150104,-0.7140328006499307,-0.31714617281040447,0.7812967012168108
80.0,71,bench_71_front,-1.9491755259286014,8.178925819403759,-0.7613794251424713,-0.1715474155076401,0.7804659792698404
80.0,72,bench_72_front,-0.3120921407244267,8.384950497996732,-0.7793885632984423,-0.019356158731388563,0.7796288818926892
80.0,73,bench_73_front,1.3336553305560817,8.266610034693405,-0.7672462750170694,0.1335655270498907,0.7787853340579055
80.0,74,bench_74_front,2.924246373368055,7.82783111619978,-0.7253037852107774,0.2812791787043297,0.77793544540255
80.0,75,bench_75_front,4.39760318163915,7.085049053944149,-0.6550777791395468,0.4180009637495618,0.7770789550733974
80.0,76,bench_76_front,5.695850152218643,6.066696045173519,-0.5592057426994825,0.5383303848266842,0.776215605290003
80.0,77,bench_77_front,6.767637879635296,4.812199218113492,-0.4413562167796565,0.6374679103503519,0.7753455015775196
80.0,78,bench_78_front,7.570222742246385,3.370546340939681,-0.3060964998453336,0.7114118145233341,0.7744687450510492
80.0,79,bench_79_front,8.071250850119975,1.7984532102675204,-0.15872210518432278,0.7571269113934346,0.7735850739448796
80.0,80,bench_80_front,8.250161816399713,0.15818433752546615,-0.005055336878085836,0.7726780459938184,0.7726945833845196
80.0,81,bench_81_front,8.099134011693822,-1.484886077825884,0.14878126537347097,0.75732077971758,0.7717970123796636
80.0,82,bench_82_front,7.623528134766357,-3.0648557034172788,0.29660727140571475,0.7115467385070143,0.7708921030408294
80.0,83,bench_83_front,6.8418180537355235,-4.517931927154951,0.432433235522086,0.6370797563337893,0.7699799472157832
80.0,84,bench_84_front,5.784979280429267,-5.7850546203909525,0.550706265295588,0.5368208223481016,0.7690604566237342
80.0,85,bench_85_front,4.495373015827271,-6.814332051212822,0.646541187151031,0.4147455799139492,0.7681337141024488
80.0,86,bench_86_front,3.0251268252817,-7.563250803744256,0.7159289244473703,0.2757549314480335,0.7671994571676117
80.0,87,bench_87_front,1.4341208723685697,-8.00050660830676,0.7559125753264752,0.12548659351796015,0.7662575981283617
80.0,88,bench_88_front,-0.2124095429766909,-8.10742513346422,0.7647233632079941,-0.029909498073716855,0.7653080427587099
80.0,89,bench_89_front,-1.8465059996361832,-7.878865661790703,0.7418689104865887,-0.1840183717310059,0.7643508628117645
80.0,90,bench_90_front,-3.4002672059939605,-7.323587773835917,0.6881700133095402,-0.330423828120819,0.7633857959174177
80.0,91,bench_91_front,-4.808701846098565,-6.464037855731706,0.6057436942961231,-0.46297707105008723,0.7624127435304532
80.0,92,bench_92_front,-6.012468224263453,-5.335566236086597,0.4979316708685082,-0.5760574182056885,0.7614316107988345
80.0,93,bench_93_front,-6.9604504896283474,-3.9850734452121404,0.369174484561534,-0.6648177832594377,0.7604422956341047
80.0,94,bench_94_front,-7.612001871922933,-2.469158973591806,0.2248379949104009,-0.7253992822631571,0.7594446936171408
80.0,95,bench_95_front,-7.938786018922336,-0.8518393358942439,0.07099838286835872,-0.7551082697599754,0.7584387051237732
80.0,96,bench_96_front,-7.926133726079776,0.7981168489701738,-0.08580994972731726,-0.7525477437159436,0.7574242233016859
80.0,97,bench_97_front,-7.5738234552444785,2.4100655036974583,-0.2388674001031223,-0.7176942645691502,0.7564011450463825
80.0,98,bench_98_front,-6.89625526859095,3.914525471287418,-0.3815588949967624,-0.6519171001648238,0.7553695094710028
80.0,99,bench_99_front,-5.921993556944762,5.24618575232842,-0.5076590058325382,-0.5579376561642432,0.7543289033100418
80.0,100,bench_100_front,-4.692696835455756,6.346786087739346,-0.6116112141515222,-0.43972918105395165,0.7532795164786297
80.0,101,bench_101_front,-3.26143959868623,7.167756364330949,-0.6887780709975991,-0.30235959764068987,0.752221082775944
80.0,102,bench_102_front,-1.690522214756877,7.672449006451783,-0.7356584448190849,-0.1517834301682349,0.7511534843873588
80.0,103,bench_103_front,-0.04883482803440046,7.837893256618099,-0.750057251989937,0.005408440952770932,0.7500767510703391
80.0,104,bench_104_front,1.5911060892181148,7.655974882227475,-0.7312006149107291,0.16227323287618373,0.7489906149972217
80.0,105,bench_105_front,3.1563589031476,7.133973672788354,-0.679789955124322,0.3118212245814712,0.7478949519734814
80.0,106,bench_106_front,4.576800717319315,6.2944170522435705,-0.5979905444466557,0.4473276979477088,0.7467896361083248
80.0,107,bench_107_front,5.788303746120014,5.174257209326426,-0.4893548915601049,0.5626387095882507,0.7456745452413767
80.0,108,bench_108_front,6.7357160333727,3.8233665926428633,-0.3586799233112902,0.6524591511396286,0.7445496835621097
80.0,109,bench_109_front,7.375458871920636,2.3024358383941057,-0.21180796328269227,0.71260278124607,0.7434146468489821
80.0,110,bench_110_front,7.677651940692451,0.6803407903777257,-0.05537267226488916,0.740201178316167,0.7422694370741645
80.0,111,bench_111_front,7.627648929274535,-0.9689020707166125,0.10349274018092917,0.7338523647570174,0.7411140536581559
80.0,112,bench_112_front,7.226900594234498,-2.5694943954677103,0.2574778587286672,0.693706369451297,0.7399482243730293
80.0,113,bench_113_front,6.4930803449547145,-4.047331571349277,0.3994321276481439,0.6214802960938673,0.7387718071437513
80.0,114,bench_114_front,5.459462929725603,-5.33346399999233,0.5226994787451684,0.5204002130415168,0.7375846573879685
80.0,115,bench_115_front,4.173571925278746,-6.367374473260767,0.6214363497106943,0.3950723204216978,0.7363866342521006
80.0,116,bench_116_front,2.695107473319867,-7.099939341835948,0.6908996788346832,0.2512845008970691,0.7351777109005396
80.0,117,bench_117_front,1.0933123179479785,-7.4958649391228604,0.7276850521087603,0.09575091122782027,0.7339576091733685
80.0,118,bench_118_front,-0.5562110011098934,-7.535551056030183,0.7299087132600965,-0.06419437653294603,0.7327261750964431
80.0,119,bench_119_front,-2.1750161866416504,-7.216216417452139,0.6973190473525069,-0.22093866233120937,0.731483250876814
80.0,120,bench_120_front,-3.6855307690778503,-6.552244565172163,0.6313321598729416,-0.3669517990500533,0.7302286757693812
80.0,121,bench_121_front,-5.014791463297058,-5.574718089890019,0.5349882116682945,-0.49515028578382064,0.7289624079030682
80.0,122,bench_122_front,-6.098057332374629,-4.330112879248177,0.41282655386464684,-0.5992482520688067,0.7276841561991578
80.0,123,bench_123_front,-6.882032438298408,-2.8782587483189195,0.27068816965761655,-0.6740740362619719,0.7263937579268539
80.0,124,bench_124_front,-7.327639907900975,-1.289572740304049,0.11544703299165864,-0.7158414631719385,0.7250910410580997
80.0,125,bench_125_front,-7.4121188062939725,0.3582673725198764,-0.045313279518603276,-0.7223560856539626,0.7237759375539132
80.0,126,bench_126_front,-7.130358827534304,1.9840355421763887,-0.20366333987325774,-0.6931468706118069,0.7224481574807088
80.0,127,bench_127_front,-6.495393232543615,3.5069689503227415,-0.3517184241209049,-0.6295158492885011,0.7211075192864901
80.0,128,bench_128_front,-5.537984342016591,4.850797990751801,-0.4820335771283025,-0.534499032840212,0.7197538367985469
80.0,129,bench_129_front,-4.305317383574105,5.947629619307067,-0.5879844260931458,-0.41273972909501866,0.718386921722212
80.0,130,bench_130_front,-2.858838469789322,6.741486430038426,-0.6641147735364124,-0.27027764358018164,0.7170065808962816
80.0,131,bench_131_front,-1.2713327173923594,7.19130359484271,-0.7064316152931167,-0.11426254933795268,0.7156127145788077
80.0,132,bench_132_front,0.3766343385503233,7.2732259246101005,-0.7126308301449725,0.04739321294260661,0.7142050242795384
80.0,133,bench_133_front,2.0007438491026392,6.98206445336819,-0.6822424076541996,0.20641095178493693,0.712783405964647
80.0,134,bench_134_front,3.5172150045351076,6.331818584251716,-0.6166817436326026,0.35456869751841164,0.7113475481012428
80.0,135,bench_135_front,4.847156432808351,5.355214973188208,-0.5192052748852801,0.4841280547650313,0.7098972396616798
80.0,136,bench_136_front,5.9207461831889825,4.102260290317384,-0.39476764956192784,0.5882471968878764,0.7084322563146691
80.0,137,bench_137_front,6.681020577392692,2.6378506829412847,-0.24978969183746957,0.6613522416203025,0.7069523871127793
80.0,138,bench_138_front,7.087040698446904,1.0385859802210797,-0.09183928858473336,0.6994539406940983,0.7054574899171835
80.0,139,bench_139_front,7.116305406881798,-0.6111582306762089,0.07075150121828144,0.7003828029902506,0.7039473315874708
80.0,140,bench_140_front,6.76620257033817,-2.223584436405735,0.22932052569460248,0.6639337845110077,0.7024215071593111
80.0,141,bench_141_front,6.054431941220337,-3.7121668757072235,0.37533670946586783,0.5919079669458941,0.7008799375119015
80.0,142,bench_142_front,5.018342408263163,-4.9963055373212,0.5008610566318147,0.4880470081005398,0.6993223006355698
80.0,143,bench_143_front,3.713183022966677,-6.005796959067677,0.5989897529974988,0.3578603599961257,0.6977483510926853
80.0,144,bench_144_front,2.2093690425030363,-6.684796676088025,0.664248189173402,0.20835108192959054,0.6961579060539171
80.0,145,bench_145_front,0.5888108506970181,-6.995113196205891,0.6929138487543817,0.04765468681933282,0.6945506252041379
80.0,146,bench_146_front,-1.059413823450702,-6.918557222436117,0.6832506062373296,-0.11539233906500088,0.6929262463195996
80.0,147,bench_147_front,-2.6439054157447135,-6.458253437886276,0.635637418497654,-0.27173410500006356,0.6912845663072099
80.0,148,bench_148_front,-4.076022393912371,-5.638775750032561,0.552581311902577,-0.412597713151182,0.6896252454496994
80.0,149,bench_149_front,-5.274881520880024,-4.505091414787141,0.43860927835399943,-0.5299947409377271,0.6879480536202314
80.0,150,bench_150_front,-6.17205413493678,-3.1203271185946284,0.3000463286056584,-0.617183029829023,0.6862526441615124
80.0,151,bench_151_front,-6.715648343154354,-1.5624423948871904,0.14468207106289008,-0.6690742507411479,0.6845387167223456
80.0,152,bench_152_front,-6.873516041001814,0.07998581004453034,-0.018650285656400117,-0.6825512199987658,0.682805976157846
80.0,153,bench_153_front,-6.635410899768143,1.7127169776951838,-0.18056858486474353,-0.6566808102617095,0.6810541097490209
80.0,154,bench_154_front,-6.013915984174851,3.2411949287761983,-0.33167552337113054,-0.5928040368399219,0.6792829152107542
80.0,155,bench_155_front,-5.044060647219164,4.576071457302088,-0.4631090615997452,-0.4944949758643619,0.6774919070298128
80.0,156,bench_156_front,-3.781624215916714,5.638505096874931,-0.5670722334261376,-0.3673876719303427,0.6756808561808636
80.0,157,bench_157_front,-2.3001679815375082,6.3649893151009005,-0.63731120357076,-0.2188777728542722,0.6738494265386422
80.0,158,bench_158_front,-0.686937747621357,6.711364566137907,-0.6695145485916572,-0.057710846669767765,0.6719972266306103
80.0,159,bench_159_front,0.9621231328825849,6.655753008923206,-0.6616038863541883,0.10651921631608023,0.6701239033817236
80.0,160,bench_160_front,2.548002510923518,6.200228849879798,-0.6138968618485924,0.26393328967519436,0.668229106210078
80.0,161,bench_161_front,3.9745487436501015,5.371083483225235,-0.5291279917470733,0.4049640857849447,0.6663124960751726
80.0,162,bench_162_front,5.1543847165996315,4.217619136732023,-0.4123235109125282,0.5209431221218424,0.6643737006664897
80.0,163,bench_163_front,6.014417727775521,2.8094811380515123,-0.2705309186596037,0.6046512064445834,0.6624123031811073
80.0,164,bench_164_front,6.5005548114286436,1.2327203225749248,-0.11241619359955732,0.6507900217754072,0.6604279317426301
80.0,165,bench_165_front,6.581393461199039,-0.4153006857395539,0.05224654794154894,0.6563439642734465,0.6584201555313992
80.0,166,bench_166_front,6.250553209349046,-2.031796305610951,0.21316997711655378,0.6208095598048129,0.6563885653246235
80.0,167,bench_167_front,5.527501219395358,-3.5149303324812973,0.3601938006588896,0.546270809526618,0.6543327680729144
80.0,168,bench_168_front,4.456740551573079,-4.770309850529341,0.4839337658275721,0.43731133890374563,0.6522523260532246
80.0,169,bench_169_front,3.1054124096819935,-5.717096224655207,0.5763952255511269,0.30076461610573285,0.6501467606159115
80.0,170,bench_170_front,1.5593456030001671,-6.293456402114668,0.6315127857936077,0.14531308319911124,0.6480156562689168
80.0,171,bench_171_front,-0.08213904962971376,-6.460865087703795,0.645577758883055,-0.019042606814137098,0.6458585477012329
80.0,172,bench_172_front,-1.7125019393437912,-6.2070305007490605,0.6175222741864477,-0.18161412514485128,0.6436749564559212
80.0,173,bench_173_front,-3.2248034160840957,-5.547151982612784,0.5490362831802537,-0.3317163206564329,0.6414643853233234
80.0,174,bench_174_front,-4.518797208226464,-4.523392501079922,0.4445047065445822,-0.459375554330869,0.639226355884266
80.0,175,bench_175_front,-5.507684758713185,-3.2025562440754474,0.31076187581940007,-0.5560085747243783,0.6369603430589904
80.0,176,bench_176_front,-6.124176637239793,-1.6720535466900661,0.1566780827408134,-0.6150225212521816,0.6346658359000643
80.0,177,bench_177_front,-6.325382271064019,-0.03437185927926437,-0.007406227320945827,-0.6322989213350445,0.6323422950622474
80.0,178,bench_178_front,-6.096160733711711,1.5996250668359266,-0.17035777155385928,-0.6065184171292767,0.6299891750227143
80.0,179,bench_179_front,-5.45065309766206,3.1181217765820923,-0.3210024152847485,-0.5393019723491312,0.6276059018192112
80.0,180,bench_180_front,-4.431858831087682,4.416022171114194,-0.44889590247434247,-0.43515215158798315,0.6251919115678845
80.0,181,bench_181_front,-3.1091560074905122,5.40241500139693,-0.5450656158662892,-0.30119235513587184,0.6227466261586572
80.0,182,bench_182_front,-1.5739737255713913,6.007150336176628,-0.6026683836047129,-0.14671393784623665,0.6202694254556376
80.0,183,bench_183_front,0.0662849172690033,6.186206990441562,-0.6175134093691994,0.017441685556730823,0.6177596807382563
80.0,184,bench_184_front,1.6955260353816195,5.925288019682703,-0.5884095612593381,0.1796269357941729,0.6152167486701013
80.0,185,bench_185_front,3.1971348415655094,5.241418218382294,-0.5173068542232928,0.3282093839294702,0.6126400094066348
80.0,186,bench_186_front,4.462363984451942,4.182311133240847,-0.40921379783898537,0.45241482097805685,0.6100287719299912
80.0,187,bench_187_front,5.39838173020626,2.8235032660980086,-0.27188805842764474,0.5431300331374601,0.6073823747948676
80.0,188,bench_188_front,5.935397235173571,1.2633390695729056,-0.11531812240431347,0.5936024483516074,0.6047000380716698
80.0,189,bench_189_front,6.032239326657034,-0.38381915210045225,0.04897461230996923,0.599985587613473,0.6019810777713833
80.0,190,bench_190_front,5.679993263038684,-1.9957856144307495,0.20876909706945668,0.5616812390666013,0.5992247910513956
80.0,191,bench_191_front,4.903312091433862,-3.451559426863182,0.35204999431349815,0.4814457449916099,0.5964303847614241
80.0,192,bench_192_front,3.7592268501649193,-4.640494284816287,0.467925824059494,0.365243613154311,0.5935970634797417
80.0,193,bench_193_front,2.333444353436813,-5.470945546788585,0.5474820657580864,0.22185185053165127,0.5907240099327772
80.0,194,bench_194_front,0.734362395181966,-5.877682071397132,0.5845062441112804,0.06223828944465983,0.5878104746243239
80.0,195,bench_195_front,-0.914875109697567,-5.827491503903782,0.5760242122147593,-0.10125236978807198,0.5848554825299448
80.0,196,bench_196_front,-2.4856718533350963,-5.322433785047644,0.5225949290571148,-0.25583887749800555,0.5818582225213031
80.0,197,bench_197_front,-3.854020256085873,-4.400408738659267,0.4283343355247585,-0.389306858784731,0.5788178757487289
80.0,198,bench_198_front,-4.910409017087773,-3.1329136750572784,0.3006544586130929,-0.49099480289451025,0.5757334452273474
80.0,199,bench_199_front,-5.568930016755405,-1.6200220026634162,0.14973169416587645,-0.55268050918179,0.572603986597392
80.0,200,bench_200_front,-5.774715511311541,0.017097980547115133,-0.01226583626494468,-0.5692964081309693,0.5694285302389595
80.0,201,bench_201_front,-5.50907470702432,1.6455695440644684,-0.17213581062533567,-0.53940577594865,0.5662060830001799
80.0,202,bench_202_front,-4.79181859058622,3.131523480421448,-0.31671270006757074,-0.4653917372951616,0.5629355234187124
80.0,203,bench_203_front,-3.680475276775831,4.351117145629679,-0.433965221566062,-0.3533330084054993,0.5596159650669037
80.0,204,bench_204_front,-2.2662910265157516,5.201171773987011,-0.5140290976071791,-0.21256520647643856,0.5562462406086192
80.0,205,bench_205_front,-0.6673098290742246,5.608305995103785,-0.5500871041289399,-0.05495280763565902,0.5528251379921185
80.0,206,bench_206_front,0.9810972108922393,5.53588057393803,-0.5390126069260283,0.10607817589780251,0.5493515903563019
80.0,207,bench_207_front,2.537473821919502,4.987972386214191,-0.48171132182721427,0.2566680696345314,0.5458244182394543
80.0,208,bench_208_front,3.866381297920281,4.009968303751501,-0.3831218370537008,0.38372432321272965,0.5422422874070869
80.0,209,bench_209_front,4.850440922826569,2.6855297805683027,-0.2518606565161017,0.4760887894395099,0.5386040528353827
80.0,210,bench_210_front,5.401088705343153,1.13012196879001,-0.09952901083467934,0.5255671952295418,0.5349083105534789
80.0,211,bench_211_front,5.4671851496723205,-0.5185546938625467,0.06026945701123106,0.5277235430626496,0.5311539751814203
80.0,212,bench_212_front,5.040507566890125,-2.1124307390747843,0.21312109054632167,0.48235493181758093,0.5273394347897724
80.0,213,bench_213_front,4.157528432834246,-3.506293500893058,0.34510515117561297,0.39359397229451504,0.523463256011841
80.0,214,bench_214_front,2.8971612133382805,-4.571174903285779,0.44408806389007943,0.2696128737161265,0.5195241189426216
80.0,215,bench_215_front,1.3744777388739933,-5.206729261135298,0.5008908829343219,0.12194097599027698,0.5155203955540323
80.0,216,bench_216_front,-0.26916888677956996,-5.35133550145419,0.510213257547657,-0.03555596472068682,0.5114506768053108
80.0,217,bench_217_front,-1.8788692934111644,-4.988898337575273,0.47121324363502454,-0.1879488869919728,0.5073132218842343
80.0,218,bench_218_front,-3.300607316854778,-4.151535622661883,0.38767723857337166,-0.3206593399611998,0.5031064038672408
80.0,219,bench_219_front,-4.3961479327400905,-2.9177267826297943,0.2677420292603559,-0.4208848844998818,0.498828507839049
80.0,220,bench_220_front,-5.056960540459996,-1.4058357036961453,0.12318253235727701,-0.4788886691339423,0.4944777989989339
80.0,221,bench_221_front,-5.215673734870424,0.2365095274199076,-0.03168677484667583,-0.4890271259432534,0.4900526314677869
80.0,222,bench_222_front,-4.853874429134356,1.846359516049829,-0.18139571586171352,-0.4503946818630423,0.4855510016295864
80.0,223,tail_rear,-4.005279056688197,3.2614137417505433,-0.3108660824541237,-0.3670086718439407,0.4809709829387085
90.0,0,head_front,-9.136398126056447,-3.117989598240468,0.260021679537238,-0.7887405479279321,0.8304955904609131
90.0,1,bench_1_front,-9.623059412480938,-0.29970498246292626,0.017146544794284367,-0.829459564667032,0.8296367719767517
90.0,2,bench_2_front,-9.517859959388167,1.3469330600907483,-0.1247803564207445,-0.8196913002728339,0.82913446743665
90.0,3,bench_3_front,-9.132598799844258,2.9513243737713815,-0.2630770685454296,-0.7857585956510047,0.8286290573193145
90.0,4,bench_4_front,-8.47821739058813,4.4660154907095135,-0.3936415133344261,-0.7285808899574567,0.8281206157507593
90.0,5,bench_5_front,-7.5736835036847925,5.845987483944921,-0.5125732746055301,-0.6497734123955701,0.8276091162475313
90.0,6,bench_6_front,-6.445491619744809,7.050012463946376,-0.6162921789617026,-0.5516061237757299,0.8270945324666638
90.0,7,bench_7_front,-5.126922900105894,8.041920435278017,-0.70164902219125,-0.4369415440954569,0.8265768344796867
90.0,8,bench_8_front,-3.657116856976634,8.791706457062878,-0.7660228909906804,-0.3091560079733683,0.826055994946922
90.0,9,bench_9_front,-2.0799381036327835,9.276488884673027,-0.8074059280281787,-0.1720428067504701,0.825531986036655
90.0,10,bench_10_front,-0.44269504406582966,9.481254748678165,-0.8244699348312279,-0.029702082069157497,0.8250047800587899
90.0,11,bench_11_front,1.205273425135947,9.399375871009683,-0.8166132854599857,0.11358119843484327,0.8244743456455436
90.0,12,bench_12_front,2.814056635110135,9.032874129662883,-0.7839861940676575,0.2534637034123267,0.823940654074177
90.0,13,bench_13_front,4.334692674189732,8.392433946668964,-0.7274940346575469,0.3856760873857653,0.8234036767245508
90.0,14,bench_14_front,5.720679532810392,7.497140141607712,-0.6487767099585957,0.5061550402095275,0.8228633811965437
90.0,15,bench_15_front,6.929399109776753,6.373969538262731,-0.5501669352178202,0.6111681441500624,0.8223199845746183
90.0,16,bench_16_front,7.92346603725807,5.057026792631959,-0.43462353752745964,0.6974332821328655,0.8217729628063364
90.0,17,bench_17_front,8.671924393602682,3.5865492014905453,-0.30564913748337835,0.7622237551680417,0.8212225326833184
90.0,18,bench_18_front,9.151256591153956,2.007705830747016,-0.16718468133741515,0.8034589795799395,0.8206686600215283
90.0,19,bench_19_front,9.346164986204627,0.36925728164087657,-0.02349371345847313,0.8197747331350931,0.8201113141877643
90.0,20,bench_20_front,9.250123353237178,-1.2779433125600697,0.12096868611543746,0.8105738286044726,0.819550702909227
90.0,21,bench_21_front,8.865648869953423,-2.882526594579892,0.2616919213774951,0.7760514904347239,0.8189863109479922
90.0,22,bench_22_front,8.204300775949159,-4.39418995291847,0.3942516583323394,0.7171988709224779,0.8184183469047336
90.0,23,bench_23_front,7.286393271725102,-5.765301027924772,0.5144494032293074,0.6357791782193498,0.8178467777892521
90.0,24,bench_24_front,6.140421284669908,-6.95242501080084,0.6184480401914575,0.5342801024531241,0.8172718068635277
90.0,25,bench_25_front,4.80224769416685,-7.91771233307845,0.7028962207551486,0.41584206004997615,0.8166931590618832
90.0,26,bench_26_front,3.3139914608599472,-8.630178091447593,0.7650400854253491,0.28416633656518064,0.8161108007767701
90.0,27,bench_27_front,1.7227867047731478,-9.066712788883446,0.8028178854313126,0.1434014285827659,0.8155246942232849
90.0,28,bench_28_front,0.07927645844649048,-9.212912137936005,0.814932390693887,-0.00198344990243271,0.8149348044325814
90.0,29,bench_29_front,-1.5639514632652127,-9.063600266101233,0.800901130932359,-0.14733906422083684,0.8143410964541846
90.0,30,bench_30_front,-3.1540598331654977,-8.6230770423854,0.7610806060544115,-0.28798477023909763,0.813743766060187
90.0,31,bench_31_front,-4.639645093162581,-7.905061678426666,0.6966627433054947,-0.41935836468795723,0.8131423097734464
90.0,32,bench_32_front,-5.972423120009706,-6.932331757094964,0.6096461086997212,-0.5371668709062034,0.8125371530286318
90.0,33,bench_33_front,-7.108833740254634,-5.736052402480797,0.5027785211474327,-0.6375268645262754,0.8119277950162215
90.0,34,bench_34_front,-8.011480774787623,-4.354852827007382,0.37947595608815093,-0.7170976924202279,0.8113144283959408
90.0,35,bench_35_front,-8.650438461441265,-2.8335899881237716,0.2437173469279524,-0.7731958830614588,0.8106972423641202
90.0,36,bench_36_front,-9.004267676398454,-1.2219785729718493,0.09992000727334567,-0.8038897289090612,0.8100757397299276
90.0,37,bench_37_front,-9.06081927940857,0.42704884512834024,-0.047201805397258066,-0.8080726876941917,0.8094501090432167
90.0,38,bench_38_front,-8.817703873994313,2.0590437684225082,-0.19278969483437097,-0.785507983349145,0.8088205353102569
90.0,39,bench_39_front,-8.282465725904936,3.619816328191998,-0.3320001456103366,-0.7368457979611731,0.8081867523402759
90.0,40,bench_40_front,-7.472412742411359,5.057281972064914,-0.460168453028403,-0.6636112736275183,0.8075487153404991
90.0,41,bench_41_front,-6.414123522382601,6.323196531588729,-0.5729651448853563,-0.5681626948572128,0.8069063793779968
90.0,42,bench_42_front,-5.142655752284873,7.374796833381293,-0.6665440641278684,-0.45362288867576694,0.8062597066421235
90.0,43,bench_43_front,-3.7004172997410674,8.176318776027594,-0.737679993979279,-0.3237800574057257,0.8056086513257688
90.0,44,bench_44_front,-2.135808215055685,8.700249325822853,-0.7838829219017912,-0.18296766213942123,0.8049531667358388
90.0,45,bench_45_front,-0.5016451927570008,8.928331511706771,-0.8034905185324538,-0.03592426749483792,0.8042932092008437
90.0,46,bench_46_front,1.1466015280539907,8.852276083087565,-0.7957345445708273,0.11236404326041154,0.8036287349523843
90.0,47,bench_47_front,2.7526902780694527,8.474132196128402,-0.7607767730611847,0.25683257951155497,0.8029596953321808
90.0,48,bench_48_front,4.261503960213607,7.806313908950846,-0.6997139934966781,0.39250910927563754,0.8022861544108957
90.0,49,bench_49_front,5.620978964035833,6.87126480652542,-0.614550300851128,0.5146875195326183,0.8016079559478257
90.0,50,bench_50_front,6.783927661360814,5.700766512749135,-0.5081378746880778,0.6190936996844245,0.8009251579776135
90.0,51,bench_51_front,7.709694388422082,4.334945599660535,-0.3840877463248217,0.7020376244439027,0.8002376040975073
90.0,52,bench_52_front,8.365653572882797,2.8209410233337184,-0.2466518572430496,0.7605494434895963,0.7995452424183264
90.0,53,bench_53_front,8.728419688895784,1.2113145708456488,-0.10058284276069948,0.7924905409430048,0.7988480241835489
90.0,54,bench_54_front,8.784743533146546,-0.4377197788145621,0.04902762187428524,0.79663867012713,0.798145900477206
90.0,55,bench_55_front,8.532077446456901,-2.0682587294792505,0.19692548186731812,0.7727412385155488,0.7974388171585451
90.0,56,bench_56_front,7.97876487547583,-3.622716063304482,0.33787629625052207,0.7215352252887985,0.7967267241033953
90.0,57,bench_57_front,7.143844099062095,-5.045886508445435,0.46685289188104545,0.6447324574730388,0.7960097765586293
90.0,58,bench_58_front,6.056479397101712,-6.286911290881497,0.5792159296493671,0.5449692185014412,0.7952877103750894
90.0,59,bench_59_front,4.755013852745077,-7.30114757593757,0.6708844516580623,0.4257229922639252,0.7945602643089378
90.0,60,bench_60_front,3.2856715545749977,-8.0518314448674,0.7384891980148259,0.29119743919437185,0.7938275909654066
90.0,61,bench_61_front,1.7009875280354618,-8.51146180271132,0.779501594273542,0.1461794645537716,0.7930896363792816
90.0,62,bench_62_front,0.05795278663224753,-8.662891738732151,0.7923355854821112,-0.004128451450490234,0.7923463410230775
90.0,63,bench_63_front,-1.583987905010973,-8.500043763679326,0.7764156682081568,-0.1542904691983788,0.7915976495193593
90.0,64,bench_64_front,-3.1650961941661517,-8.028239859034093,0.7322101908353467,-0.29883440463120264,0.7908437045045121
90.0,65,bench_65_front,-4.627498162463105,-7.264119761122639,0.6612256774106758,-0.43245082383341904,0.790084243293973
90.0,66,bench_66_front,-5.917344883289344,-6.235134977306548,0.5659639056225585,-0.5501905687700852,0.7893192031308311
90.0,67,bench_67_front,-6.986815268171481,-4.9786537330234255,0.4498420567689669,-0.6476502921660849,0.7885485254446613
90.0,68,bench_68_front,-7.795955000288815,-3.5406732918244144,0.31707662460918096,-0.7211431031425113,0.7877721504874122
90.0,69,bench_69_front,-8.314238500321714,-1.9741882898808478,0.17253521296850038,-0.7678443079670243,0.7869900132730048
90.0,70,bench_70_front,-8.52179046117284,-0.33729142684867275,0.021563116127549,-0.7859062866792428,0.7862020474528709
90.0,71,bench_71_front,-8.410235211431464,1.3089372810405007,-0.13021025099630315,-0.7745394215236019,0.7854081900251844
90.0,72,bench_72_front,-7.983131562024669,2.902701732212315,-0.27708044844086915,-0.7340549920114066,0.7846083776031577
90.0,73,bench_73_front,-7.255953578975595,4.38382212061534,-0.4134835047132497,-0.6658662144193233,0.7838025415722203
90.0,74,bench_74_front,-6.255629087932871,5.696012133361638,-0.534207544930582,-0.572448163169595,0.7829908049121669
90.0,75,bench_75_front,-5.019623668759363,6.78907333060687,-0.6345955062454671,-0.45725594488368226,0.7821729065100694
90.0,76,bench_76_front,-3.5946193320485733,7.62086192815035,-0.7107301194766472,-0.3246053171910897,0.7813487791505258
90.0,77,bench_77_front,-2.0348301673048113,8.158981245578977,-0.7595939000925332,-0.17951601613291682,0.7805183489874015
90.0,78,bench_78_front,-0.39999079918309993,8.382135724043655,-0.7791954347052813,-0.027527844576500527,0.7796815424855075
90.0,79,bench_79_front,1.2469109464139638,8.281067938182805,-0.7686593080838678,0.12550676586315196,0.7788382888516707
90.0,80,bench_80_front,2.842021365965028,7.8590373228123465,-0.7282742835321147,0.27364703497254644,0.7779885164984641
90.0,81,bench_81_front,4.323117482683962,7.131822093270083,-0.6594959342899989,0.4110954735839786,0.7771321481873428
90.0,82,bench_82_front,5.632047890413587,6.127229629098643,-0.5649042595654786,0.5324257569079335,0.7762692890319747
90.0,83,bench_83_front,6.717050082243814,4.884139428684826,-0.4481157205547251,0.6328008864730645,0.775399678184984
90.0,84,bench_84_front,7.5348746062244265,3.4510745300982117,-0.31365334120771665,0.7081721707570423,0.7745232352134479
90.0,85,bench_85_front,8.052575931812536,1.8843941049709314,-0.16677940089481874,0.7554490719901542,0.7736398832361345
90.0,86,bench_86_front,8.248940164332915,0.24611690868246383,-0.013293301064467512,0.7726351899310061,0.772749538060627
90.0,87,bench_87_front,8.115449485502353,-1.3984750845293472,0.1406918592773168,0.758921271318075,0.7718521201149553
90.0,88,bench_88_front,7.65676207512173,-2.983439422398715,0.2889928284362061,0.7147329992660989,0.7709475436937793
90.0,89,bench_89_front,6.890666599679871,-4.444805074889174,0.4256037861987819,0.6417294598143495,0.7700358968388131
90.0,90,bench_90_front,5.847498151662331,-5.723198738393706,0.5449421745263382,0.5427511957370815,0.7691169183235574
90.0,91,bench_91_front,4.56904217325437,-6.766295116300392,0.642081851693764,0.4217197750128916,0.7681905186289509
90.0,92,bench_92_front,3.1069622622757507,-7.531024996529999,0.7129621247972222,0.283492005252738,0.7672566118565471
90.0,93,bench_93_front,1.5207759199208961,-7.9854521739897395,0.7545666825473558,0.13367109724275492,0.7663151053245683
90.0,94,bench_94_front,-0.12450399485397602,-8.110200698803862,0.7650608258927845,-0.021613871784421736,0.7653660736988953
90.0,95,bench_95_front,-1.76098383364247,-7.899395000361104,0.7438825269284702,-0.17595537799563504,0.764409254859642
90.0,96,bench_96_front,-3.3206961077065156,-7.361054888475134,0.6917826812778693,-0.32293080638189187,0.7634445519004357
90.0,97,bench_97_front,-4.7384165562668406,-6.516916832204163,0.6108110245677558,-0.4563696388265489,0.7624718715967077
90.0,98,bench_98_front,-5.954444266100072,-5.40166941791747,0.504246413888785,-0.5706174463905798,0.7614911135692957
90.0,99,bench_99_front,-6.917164242317873,-4.061639783251853,0.37647480335854283,-0.660780056115604,0.7605021762782762
90.0,100,bench_100_front,-7.585317164317022,-2.5529748563255685,0.2328188430498253,-0.7229406430829708,0.7595049618667928
90.0,101,bench_101_front,-7.929878273852772,-0.9393527551551712,0.07932227573460623,-0.7543402835379657,0.7584993650596257
90.0,102,bench_102_front,-7.935425419734798,0.7106402860085564,-0.07749814131742284,-0.7535104421730988,0.7574852793101355
90.0,103,bench_103_front,-7.6009580714728235,2.3263822558615153,-0.2309257115700778,-0.7203535342835762,0.7564627542840335
90.0,104,bench_104_front,-6.9401045961106655,3.838254291466437,-0.37433151439907947,-0.6561651520405622,0.7554315253050553
90.0,105,bench_105_front,-5.9806974130207875,5.180649913815298,-0.5014631581315232,-0.5635966699805179,0.7543914801854339
90.0,106,bench_106_front,-4.763728641949842,6.294870038408559,-0.6067214945336901,-0.446557900304503,0.7533425052746997
90.0,107,bench_107_front,-3.3417219669833704,7.1317610806825895,-0.6854140146327525,-0.3100638375583745,0.7522844906127024
90.0,108,bench_108_front,-1.776549841721962,7.653993237510129,-0.7339744839088669,-0.16002786032892363,0.7512173181648176
90.0,109,bench_109_front,-0.1368238172689413,7.837833768357133,-0.7501348154883408,-0.0030134621483884684,0.7501408683453041
90.0,110,bench_110_front,1.5050619398058327,7.67435739211151,-0.733043656697353,0.15404753046139513,0.7490551677049436
90.0,111,bench_111_front,3.0760969929467077,7.170021753227823,-0.6833235380212679,0.3041595404837275,0.7479599479124369
90.0,112,bench_112_front,4.505926279086839,6.3465599012544205,-0.6030634222987418,0.4405757883552126,0.7468550840688492
90.0,113,bench_113_front,5.730032588615683,5.24018393118849,-0.4957446067961385,0.5571051077472055,0.7457404483099219
90.0,114,bench_114_front,6.692714536782194,3.900125260572139,-0.36610260284716556,0.6483993664948317,0.7446159105756258
90.0,115,bench_115_front,7.349714048986686,2.3865687091656023,-0.21993024216073853,0.7102078556555924,0.7434813445217007
90.0,116,bench_116_front,7.67038043975358,0.7680302292922652,-0.06382614188474915,0.7395877712052679,0.742336748183914
90.0,117,bench_117_front,7.639231319545272,-0.8816736868633087,0.09509502926111463,0.7350560993522761,0.7411818493360152
90.0,118,bench_118_front,7.256849208252401,-2.4867524308965203,0.24952419755655453,0.6966793448870036,0.740016509787739
90.0,119,bench_119_front,6.540051763274798,-3.9729224087885107,0.39229367086372247,0.6260919183199471,0.738840587938485
90.0,120,bench_120_front,5.521310451685522,-5.270873605732177,0.5167124128084516,0.5264426018710439,0.7376540724588228
90.0,121,bench_121_front,4.247437972602497,-6.319559690976935,0.6168863710949661,0.40226790251425876,0.7364565569237179
90.0,122,bench_122_front,2.777548639937863,-7.069184548197425,0.6880070812331486,0.25929924268184645,0.7352481493226184
90.0,123,bench_123_front,1.1804540682188334,-7.483665877722494,0.7265937308860705,0.10420889536521846,0.7340285714031699
90.0,124,bench_124_front,-0.46849583602089184,-7.542533792767557,0.7306782051691874,-0.055693666486614356,0.7327976692075292
90.0,125,bench_125_front,-2.090911896077866,-7.242096852281662,0.699920476479788,-0.21280186856081418,0.7315554036835948
90.0,126,bench_126_front,-3.6090809732778024,-6.595830956384587,0.6356482298523938,-0.35957141062007497,0.7303014935283867
90.0,127,bench_127_front,-4.949709072009335,-5.633950724259821,0.5408174361011902,-0.4888861465212672,0.7290357765236757
90.0,128,bench_128_front,-6.047524627837011,-4.402162258224016,0.4198924621399348,-0.5944090783976038,0.7277580863469848
90.0,129,bench_129_front,-6.8485516791684224,-2.9596434685277444,0.27865076194708094,-0.6709022867009864,0.7264682549391276
90.0,130,bench_130_front,-7.312895289318266,-1.3763254024281268,0.12391942718764674,-0.7144998471951283,0.7251662265138773
90.0,131,bench_131_front,-7.416882751760709,0.27039914241843566,-0.036746775948352364,-0.7229183687575549,0.7238517067947567
90.0,132,bench_132_front,-7.154446132659097,1.8993996988993564,-0.19542721349671466,-0.6955931885692488,0.7225245184483534
90.0,133,bench_133_front,-6.537659122450496,3.429778938773713,-0.34422481300125646,-0.6337320656432572,0.7211844791107332
90.0,134,bench_134_front,-5.5963646100218964,4.78493698908205,-0.47566110797728206,-0.5402811869909498,0.7198314043291841
90.0,135,bench_135_front,-4.376920654360332,5.896442131763918,-0.5830585773181506,-0.4198034773928411,0.7184652143391407
90.0,136,bench_136_front,-2.9400734455521658,6.707605610272642,-0.6608911712985212,-0.2782707788086639,0.7170856062138687
90.0,137,bench_137_front,-1.3580968035908856,7.17649745625582,-0.7050817310827941,-0.1227816343053076,0.7156923761151798
90.0,138,bench_138_front,0.2887598833256194,7.278303055097711,-0.7132317240511072,0.038782020256574234,0.7142853332444228
90.0,139,bench_139_front,1.9162678651702043,7.006820079676787,-0.6847713131959327,0.19815109369270148,0.71286436810076
90.0,140,bench_140_front,3.440518059049958,6.375027373814448,-0.6210159708155574,0.3470888055286747,0.7114291777340254
90.0,141,bench_141_front,4.78224918170094,5.414679657419509,-0.5251265706647115,0.47782113455042213,0.7099795432553905
90.0,142,bench_142_front,5.871053845489738,4.174914452986412,-0.40197319700255213,0.5834478630219427,0.7085152503463311
90.0,143,bench_143_front,6.649190662392805,2.7199201046966186,-0.25790519784496124,0.6583198682412036,0.7070361659749551
90.0,144,bench_144_front,7.074806027110298,1.1257604405682882,-0.10043939475228118,0.6983562210204255,0.7055419785215717
90.0,145,bench_145_front,7.124372164234036,-0.5234968820163303,0.06212303767181242,0.7012862621472633,0.7040324518699784
90.0,146,bench_146_front,6.7941952057199675,-2.14012761572883,0.22112533680909716,0.6667985386477042,0.702507441755353
90.0,147,bench_147_front,6.100901661298447,-3.6374080582542785,0.36801708555222323,0.5965883249646464,0.7009666217035408
90.0,148,bench_148_front,5.08083255392863,-4.934306446431466,0.49481753929690003,0.4942970665306129,0.6994097419800559
90.0,149,bench_149_front,3.7883466643032198,-5.959963605247315,0.59455699591377,0.36534634533109095,0.6978366380728311
90.0,150,bench_150_front,2.2931312646847912,-6.657685735390378,0.6616757664725197,0.21666776198801188,0.6962468951614005
90.0,151,bench_151_front,0.6765880435851661,-6.988272186970518,0.6923512434248998,0.0563476151351777,0.6946404091351345
90.0,152,bench_152_front,-0.972465991637349,-6.932424891155591,0.6847374562222569,-0.10680334643074049,0.6930168387294294
90.0,153,bench_153_front,-2.562637302216794,-6.492116421423215,0.6390994765261945,-0.26372828255274666,0.6913759815861968
90.0,154,bench_154_front,-4.004989382570323,-5.690801699553819,0.5578322699916153,-0.4056271369222097,0.6897174897388839
90.0,155,bench_155_front,-5.218120222953601,-4.5724018436791765,0.4453604291669814,-0.5244565813440785,0.6880411452688828
90.0,156,bench_156_front,-6.132825411326951,-3.1991497255511168,0.30792024541237667,-0.6133977241540884,0.6863465928612406
90.0,157,bench_157_front,-6.696237780523498,-1.648323973963119,0.15323427644650672,-0.6672648244610679,0.6846335439058944
90.0,158,bench_158_front,-6.875097758983317,-0.008048057741619227,-0.009908610384552185,-0.6828298054006628,0.6829016940257653
90.0,159,bench_159_front,-6.657957227412092,1.6276044635029743,-0.17214153475845467,-0.659039980548555,0.6811507938411552
90.0,160,bench_160_front,-6.056181794670633,3.1639541140579435,-0.3240549811315973,-0.5971149460546163,0.6793805190009552
90.0,161,bench_161_front,-5.103638657958772,4.511237546663381,-0.4567445187275595,-0.5005130585150405,0.6775904936846077
90.0,162,bench_162_front,-3.8550694366717058,5.589926309381082,-0.5623429479813167,-0.374766002518157,0.6757803990852036
90.0,163,bench_163_front,-2.3831775565222375,6.335593273980498,-0.6345043309395738,-0.22718445117554706,0.6739499394146502
90.0,164,bench_164_front,-0.7745986545489489,6.702962830368472,-0.6688053160554653,-0.06645408077187667,0.6720987246195949
90.0,165,bench_165_front,0.8750493708160507,6.668915479172894,-0.6630432503737589,0.09786254961411116,0.6702264024068088
90.0,166,bench_166_front,2.4667654241299903,6.234231266720815,-0.6174063300265351,0.25588663140453927,0.6683326600491685
90.0,167,bench_167_front,3.9040934022749663,5.423932902901465,-0.5345028356921195,0.39801816671374995,0.6664170934160463
90.0,168,bench_168_front,5.099053726680684,4.286147766262407,-0.41924215398091924,0.515527720379463,0.6644793557020463
90.0,169,bench_169_front,5.977664230741666,2.8895248611452486,-0.2785731102120915,0.6011060548641204,0.662519031370077
90.0,170,bench_170_front,6.484713789570386,1.3193627433131236,-0.12108770449367301,0.6493421652787507,0.6605357520895015
90.0,171,bench_171_front,6.587520216380644,-0.32743145740490154,0.04348403561947035,0.657091853900788,0.6585290926121107
90.0,172,bench_172_front,6.2783387860190025,-1.9482028874537636,0.20486669725812828,0.623714782009378,0.6564986617979198
90.0,173,bench_173_front,5.5752594242051465,-3.440916601207468,0.3528764958449834,0.5511580128470837,0.6544440208645661
90.0,174,bench_174_front,4.5215072391031885,-4.710603476757831,0.47807248419721465,0.4438766077956098,0.6523647316452919
90.0,175,bench_175_front,3.183094478778429,-5.6755708708106365,0.5723710116454285,0.30859356298132856,0.6502603802212791
90.0,176,bench_176_front,1.6449864270346706,-6.272845592766734,0.6295921910019157,0.15390520337997812,0.6481304950378628
90.0,177,bench_177_front,0.005929183291885712,-6.462577590496977,0.6458934122372871,-0.010242626068893049,0.6459746212973952
90.0,178,bench_178_front,-1.6277396743045505,-6.2310332733237574,0.620061920387261,-0.17318122154954577,0.6437922961730211
90.0,179,bench_179_front,-3.1489408579783182,-5.591944739064285,0.5536405669993075,-0.32420810779548015,0.6415830223654928
90.0,180,bench_180_front,-4.456893709164413,-4.586079907596739,0.45087559378497366,-0.45329339682367953,0.6393463104412994
90.0,181,bench_181_front,-5.4639192593528385,-3.279019211592471,0.31847992359805016,-0.5517640395555571,0.6370816408292475
90.0,182,bench_182_front,-6.101553459070884,-1.7572055520162628,0.1652287977820253,-0.6129077353757525,0.6347885062758516
90.0,183,bench_183_front,-6.325509063986203,-0.12247750685056238,0.001400015884059503,-0.6324648097138794,0.6324663592404653
90.0,184,bench_184_front,-6.119109575722676,1.5145617179124184,-0.16189651678382963,-0.6089614123331448,0.6301146592942551
90.0,185,bench_185_front,-5.494931450204764,3.0419491321185244,-0.31346896846760114,-0.5438618606967233,0.627732839440987
90.0,186,bench_186_front,-4.494480217683007,4.354043589146289,-0.442815580718424,-0.44151995800869415,0.6253203273898859
90.0,187,bench_187_front,-3.185825448545693,5.358999805372956,-0.5408674847950224,-0.30892970694547656,0.6228765527308857
90.0,188,bench_188_front,-1.65935710931348,5.985416094096049,-0.6006539145129928,-0.1552808297943852,0.6204008874279714
90.0,189,bench_189_front,-0.021814614649027078,6.187770145972926,-0.6178321633083662,0.00864967162273195,0.617892708192512
90.0,190,bench_190_front,1.610985006835085,5.9501259418425025,-0.5910460407033191,0.1712363791966193,0.6153513791253238
90.0,191,bench_191_front,3.1222303945101095,5.287838848196797,-0.5220786696251452,0.3208248641573522,0.612776248510943
90.0,192,bench_192_front,4.4025537716939445,4.247042148298173,-0.4157814398486758,0.44657492921163994,0.6101666765098036
90.0,193,bench_193_front,5.358095311616645,2.9018852431632154,-0.27977717694843685,0.5392658376741053,0.6075219439852289
90.0,194,bench_194_front,5.917668451477658,1.3496640113305252,-0.1239524166367556,0.5920041039979742,0.6048413517117824
90.0,195,bench_195_front,6.038467910911252,-0.2959079010625521,0.04023438379969414,0.6007784541782275,0.6021242036694104
90.0,196,bench_196_front,5.709811097952484,-1.9128434278245,0.20057559787373497,0.5648128125081656,0.5993697386720408
90.0,197,bench_197_front,4.9545705985971775,-3.3798509153180496,0.34502343519535905,0.48668588689953224,0.5965771729970821
90.0,198,bench_198_front,3.8281193163807576,-4.585510455564755,0.4626028629739295,0.3721996665873618,0.5937457373652627
90.0,199,bench_199_front,2.4147722819106074,-5.436958014525933,0.544274594039736,0.229995762817616,0.590874677601923
90.0,200,bench_200_front,0.8219017346932588,-5.867396495241112,0.5836673240653221,0.07094373168802907,0.5879630585737481
90.0,201,bench_201_front,-0.8279012798036203,-5.841803054076139,0.5776250645231201,-0.0926615736027597,0.5850101557989215
90.0,202,bench_202_front,-2.4060845703067915,-5.360322111031863,0.5265154525875569,-0.24803808560637902,0.5820149600523662
90.0,203,bench_203_front,-3.7881439505331063,-4.45897576304368,0.43426909244635387,-0.38291565339405914,0.5789767199710012
90.0,204,bench_204_front,-4.8635547330574775,-3.207573862764964,0.3081338750400716,-0.48652630249088363,0.57589437222694
90.0,205,bench_205_front,-5.544942977423635,-1.7048432943149883,0.15815654819526756,-0.5504985698235134,0.5727671159509558
90.0,206,bench_206_front,-5.7756397765009755,-0.0710506544628115,-0.0035778823487180476,-0.569582678932129,0.5695939162083826
90.0,207,bench_207_front,-5.534941302171318,1.5613003586772989,-0.16389658170681987,-0.5421411784911452,0.5663736813367549
90.0,208,bench_208_front,-4.840604066798025,3.058095653673063,-0.3096039479185535,-0.47035440777844945,0.5631055615809263
90.0,209,bench_209_front,-3.7482125429050486,4.2947005651546295,-0.4285814018776752,-0.3601123993949222,0.5597883155563371
90.0,210,bench_210_front,-2.347381026194613,5.166575076153949,-0.5108255556034529,-0.22059357939040253,0.556420951731552
90.0,211,bench_211_front,-0.7549306382524816,5.59856329136861,-0.549338703147403,-0.06354991747165997,0.5530023533280174
90.0,212,bench_212_front,0.8944079301753942,5.551935971857583,-0.5407861347824173,0.09764778491426893,0.5495313762394011
90.0,213,bench_213_front,2.459198632193054,5.0285602983830415,-0.48585593715813485,0.24913320607952877,0.5460067271044144
90.0,214,bench_214_front,3.8033893465118824,4.071659823069849,-0.3892783044868984,0.3777429963515361,0.542427294332458
90.0,215,bench_215_front,4.808335198574363,2.7630047913608107,-0.2594884648283619,0.47218891025527576,0.5387918246846781
90.0,216,bench_216_front,5.383709049735007,1.21657208228782,-0.10795093504151301,0.5240969114071353,0.5350990346868845
90.0,217,bench_217_front,5.476205614692826,-0.43083694493099334,0.051809085470099416,0.5288156127139778,0.5313474697289033
90.0,218,bench_218_front,5.075237919488033,-2.03137316333628,0.20538928027956752,0.4859106991651439,0.5275357466721262
90.0,219,bench_219_front,4.214921369187082,-3.439333137401871,0.33880903950699465,0.3992882219616979,0.5236627248993252
90.0,220,bench_220_front,2.9720339916089005,-4.524559219073506,0.4398084745327374,0.27691939379702984,0.5197267021538609
90.0,221,bench_221_front,1.4599315458072126,-5.184906674619671,0.49902658287451696,0.13017714895494145,0.5157263038913704
90.0,222,bench_222_front,-0.18112498696678653,-5.356479773590438,0.5109379707976942,-0.02716685132953872,0.5116596992279406
90.0,223,tail_rear,-1.7965911327134998,-5.020652832754791,0.4744559798616734,-0.18020476851572736,0.5075256007555752
100.0,0,head_front,-2.039982761103826,-9.528102290733973,0.8131433883772031,-0.182886321722239,0.833456403619679
100.0,1,bench_1_front,-4.709186842411508,-8.501018918444757,0.724127155875574,-0.41098378609395575,0.8326270535531319
100.0,2,bench_2_front,-6.071059437741373,-7.569464847664682,0.6437128392834632,-0.5273461987148541,0.8321419546912558
100.0,3,bench_3_front,-7.255402628823617,-6.42063001752943,0.544648578031524,-0.6284953237690026,0.8316540419857674
100.0,4,bench_4_front,-8.227619000381745,-5.087478513681502,0.4297456667795715,-0.7114432171389119,0.8311635153980133
100.0,5,bench_5_front,-8.959115765442718,-3.6084886809821404,0.30229405661225967,-0.77371254450036,0.8306700898553634
100.0,6,bench_6_front,-9.428188735299694,-2.0265725599552944,0.16597193712577538,-0.8134133809153867,0.830173483174139
100.0,7,bench_7_front,-9.62071248497874,-0.38784278045013476,0.024742129910367127,-0.8293051776875149,0.8296741834791668
100.0,8,bench_8_front,-9.530607797126583,1.2596967894884457,-0.11726291376820144,-0.8208382668710781,0.8291719069682256
100.0,9,bench_9_front,-9.16008831598253,2.867558588250204,-0.25586011374374673,-0.7881776336292091,0.8286666277570872
100.0,10,bench_10_front,-8.519660589960122,4.388198084966453,-0.3869393731250205,-0.7322049745128597,0.8281583201150378
100.0,11,bench_11_front,-7.627871664058216,5.776440078203926,-0.5065871410376787,-0.6544990071005965,0.8276469547822886
100.0,12,bench_12_front,-6.510828632501024,6.990821298539732,-0.6112032250679791,-0.5572959703841744,0.8271325050679228
100.0,13,bench_13_front,-5.201479687513545,7.994864984795919,-0.6976121643692648,-0.44342928909326573,0.8266149443977704
100.0,14,bench_14_front,-3.738672284421214,8.758217279670845,-0.7631630533734477,-0.31624966652369535,0.8260942425720157
100.0,15,bench_15_front,-2.166059937330149,9.25759193133892,-0.8058133190691606,-0.17953087171751297,0.8255703719786139
100.0,16,bench_16_front,-0.5307829135132874,9.47754581391993,-0.8241970059514419,-0.0373597466911046,0.8250433051010987
100.0,17,bench_17_front,1.117873797172679,9.410990594807918,-0.8176728966462964,0.10598463703521539,0.8245130133584498
100.0,18,bench_18_front,2.7300010785670237,9.059484464135831,-0.786350852592116,0.24615949142968968,0.8239794649099401
100.0,19,bench_19_front,4.256547073928927,8.433252601825918,-0.7310961768278077,0.37888804067109927,0.8234426313568066
100.0,20,bench_20_front,5.650834216709422,7.550946441848536,-0.653510850317621,0.5000920568530727,0.82290248317185
100.0,21,bench_21_front,6.870010288438694,6.4391345104640205,-0.5558917457349829,0.6060190403755327,0.8223592343215758
100.0,22,bench_22_front,7.876377479678202,5.131563729996771,-0.44116668066575615,0.6933598783815561,0.8218126070333355
100.0,23,bench_23_front,8.638608223124036,3.6681725110540504,-0.3128108136095691,0.7593557808889129,0.8212623253750846
100.0,24,bench_24_front,9.132762854307003,2.093909511133947,-0.17474555101493222,0.8018896454717357,0.8207088467381707
100.0,25,bench_25_front,9.343093604015051,0.4573702180141721,-0.03122028814189237,0.8195572147982009,0.8201516534882113
100.0,26,bench_26_front,9.262595608318454,-1.1906630713239081,0.11331682998399435,0.811719794459167,0.8195911960693903
100.0,27,bench_27_front,8.893300743347641,-2.798807990100396,0.2543541405348012,0.778530364376864,0.8190272016630278
100.0,28,bench_28_front,8.24628949514708,-4.316665451528255,0.3874597223475119,0.7209376788775261,0.8184596344762068
100.0,29,bench_29_front,7.341421081681881,-5.696419357099594,0.5084193377154202,0.6406647435268618,0.8178884621764303
100.0,30,bench_30_front,6.206780339218801,-6.894367302862162,0.6133733820331613,0.5401617294758875,0.8173136483487721
100.0,31,bench_31_front,4.8778489300778665,-7.8723425146740595,0.6989412953969948,0.42253684586812373,0.8167351593554741
100.0,32,bench_32_front,3.3964574597271144,-8.598954989231654,0.7623347439521415,0.2914642257244423,0.8161529615909788
100.0,33,bench_33_front,1.8094910858387256,-9.050660392018887,0.8014530051365425,0.1510716393951947,0.8155670172781306
100.0,34,bench_34_front,0.16745263300395558,-9.212569183152892,0.8149565447581353,0.0058156382250350355,0.81497729507765
100.0,35,bench_35_front,-1.4771314028441367,-9.079003973069732,0.8023187479376086,-0.13966217667492217,0.8143837528375361
100.0,36,bench_36_front,-3.071394565730979,-8.653757723978705,0.7638509769904778,-0.28067761297075317,0.8137863586177071
100.0,37,bench_37_front,-4.563813365285519,-7.95005348234838,0.7007012993672703,-0.4126592433645735,0.8131850724584184
100.0,38,bench_38_front,-5.905895815113394,-6.990199716703163,0.6148263443373667,-0.5312955535294805,0.8125800876784068
100.0,39,bench_39_front,-7.053785408450766,-5.80494300595017,0.508935814481968,-0.6326777100071733,0.8119709034210185
100.0,40,bench_40_front,-7.969736256961784,-4.432528488582225,0.38641255593058715,-0.7134330200470516,0.8113577124020365
100.0,41,bench_41_front,-8.623388567569505,-2.917520307967221,0.2512085097498872,-0.770840303532396,0.8107407038755828
100.0,42,bench_42_front,-8.992827120841575,-1.309414226859029,0.10772110391089204,-0.8029256345417124,0.8101193806051011
100.0,43,bench_43_front,-9.065392606434457,0.3389853341135019,-0.03934724149619915,-0.8085370865916062,0.8094939319151211
100.0,44,bench_44_front,-8.83816851119985,1.9732658710974447,-0.18514176377898783,-0.7873908661214049,0.8088645428912128
100.0,45,bench_45_front,-8.31816697230851,3.5391869108298466,-0.3248148503844555,-0.7400895693511507,0.8082309432907453
100.0,46,bench_46_front,-7.522186542029149,4.984495896877292,-0.45368718376560124,-0.6681126722480475,0.8075930927958642
100.0,47,bench_47_front,-6.476329986176755,6.26070135633811,-0.5674075342732707,-0.5737756704417083,0.8069509464279132
100.0,48,bench_48_front,-5.215225014837382,7.324711647842525,-0.6621006493147028,-0.46016260077407667,0.8063044641908621
100.0,49,bench_49_front,-3.780922394160631,8.140352495245859,-0.734504810204075,-0.3310293194605648,0.805653602086808
100.0,50,bench_50_front,-2.22154568735247,8.679642084775713,-0.7820884620638038,-0.19068371111807336,0.8049985342713903
100.0,51,bench_51_front,-0.5897166323568176,8.923812194956552,-0.8031430044034252,-0.04384670221198923,0.8043389949623401
100.0,52,bench_52_front,1.0592002906069071,8.864029562747403,-0.7968511478947808,0.10450503507780953,0.80367471918547
100.0,53,bench_53_front,2.6689476796536136,8.501786719631657,-0.7633248714497946,0.24930620857579933,0.8030058810546068
100.0,54,bench_54_front,4.184302754736879,7.848949126578047,-0.7036114559696243,0.38557522778725545,0.8023324356243418
100.0,55,bench_55_front,5.552996197503868,6.927435011513485,-0.6196675171924281,0.5085880825581386,0.8016543329787422
100.0,56,bench_56_front,6.727523431402269,5.768559653127027,-0.514302296701689,0.6140427793120976,0.8009715270956624
100.0,57,bench_57_front,7.666846468122791,4.412034228723779,-0.39108916505003916,0.6982148946830925,0.8002841833854138
100.0,58,bench_58_front,8.337883305742515,2.9046531863172445,-0.25424961456424705,0.7580927106093032,0.799592036219114
100.0,59,bench_59_front,8.71672694280448,1.2987318596294712,-0.10851329283320026,0.791490873720884,0.7988948228052002
100.0,60,bench_60_front,8.789567201131835,-0.34966334637208724,0.04104181064788792,0.7971370691711169,0.7981929198307732
100.0,61,bench_61_front,8.553276890452615,-1.9826579041501244,0.18916527670010908,0.7747260919252117,0.7974860622097043
100.0,62,bench_62_front,8.015618299348723,-3.5426065123511674,0.3306178168215255,0.7249420509709916,0.7967741951556033
100.0,63,bench_63_front,7.195073804535739,-4.974115892475117,0.46035590857118774,0.649445618377188,0.7960572679058535
100.0,64,bench_64_front,6.120290412747693,-6.226048421785848,0.5737154980265181,0.5508254227228189,0.7953352242882166
100.0,65,bench_65_front,4.8291451455902745,-7.253392797821327,0.6665814507830331,0.43251712390592295,0.7946080121669203
100.0,66,bench_66_front,3.3674782466761495,-8.018924735430707,0.7355430506372869,0.2986890982348276,0.7938757816844779
100.0,67,bench_67_front,1.7875331906869194,-8.494615995317497,0.7780239597207738,0.15410072206741549,0.7931382694343345
100.0,68,bench_68_front,0.14612347322902722,-8.662744086841961,0.7923854327831978,0.003937328381734373,0.7923952149286373
100.0,69,bench_69_front,-1.497392206869383,-8.516631582059276,0.7779971312364242,-0.1463730386285737,0.7916467663355089
100.0,70,bench_70_front,-3.0832361552908267,-8.060989944434752,0.7352714465064762,-0.2913550113440937,0.7908930665286192
100.0,71,bench_71_front,-4.553380545854664,-7.31186261106828,0.6656601215575295,-0.4256854551885764,0.7901338520726032
100.0,72,bench_72_front,-5.8537011095418094,-6.2961493422313985,0.5716141134882957,-0.5443903250981446,0.7893690650129848
100.0,73,bench_73_front,-6.936014763708912,-5.050714253693059,0.45650403117902794,-0.6430333493661504,0.7885986424536581
100.0,74,bench_74_front,-7.759904525243584,-3.6211321471921187,0.32450720451725423,-0.7178853703332767,0.7878225248887905
100.0,75,bench_75_front,-8.294306943270193,-2.060069843729496,0.18046070033289716,-0.7660723963847433,0.7870406475318178
100.0,76,bench_76_front,-8.5187522373143,-0.42541029864827495,0.029689635269051596,-0.7856923878647862,0.7862531416732648
100.0,77,bench_77_front,-8.424240122215368,1.221878895455156,-0.12218696488197547,-0.7758977744292765,0.7854597448318874
100.0,78,bench_78_front,-8.013685951859241,2.8199894494096704,-0.26946338896644945,-0.7369403709847016,0.784660199309455
100.0,79,bench_79_front,-7.301935311557382,4.308588527530559,-0.4065620866419433,-0.6701758427137549,0.7838548274085849
100.0,80,bench_80_front,-6.31532385424258,5.631125036976395,-0.5282472690384074,-0.5780237327130153,0.7830431743052377
100.0,81,bench_81_front,-5.090784674106154,6.737023393853688,-0.6298273491674796,-0.46389043091857757,0.7822255567655393
100.0,82,bench_82_front,-3.674557056543217,7.583659434741391,-0.7073419532337537,-0.3320481758477091,0.7814017083986526
100.0,83,bench_83_front,-2.1204963573589777,8.13808580230634,-0.7577212877369434,-0.18748443283111507,0.780571561385461
100.0,84,bench_84_front,-0.48808754372506596,8.378388794749895,-0.7789167669109729,-0.03571695215507784,0.779735230989527
100.0,85,bench_85_front,1.1597849979308965,8.294649388590262,-0.7699916833317543,0.11741368720453174,0.7788922687657339
100.0,86,bench_86_front,2.75926080399235,7.8894529948758665,-0.731172463537247,0.2659655956579283,0.7780429740758561
100.0,87,bench_87_front,4.247958057914905,7.177918818054741,-0.6638530080575576,0.40412739342239484,0.7771870858560678
100.0,88,bench_88_front,5.5674470257474304,6.187234851857757,-0.5705549001766768,0.526447409986105,0.7763245259533513
100.0,89,bench_89_front,6.665569724339454,4.955723534496286,-0.454842715469698,0.6280516714938061,0.7754552197786874
100.0,90,bench_90_front,7.4985762845328034,3.5314361409057144,-0.32119511683377455,0.7048449888673323,0.7745790866072049
100.0,91,bench_91_front,8.032935187776715,1.9703576445261257,-0.1748390598116131,0.7536822096309045,0.7736960449362085
100.0,92,bench_92_front,8.246774271680993,0.3342738689681629,-0.021551786777333846,0.7725054434090441,0.7728060168049286
100.0,93,bench_93_front,8.13088316131877,-1.311651500357042,0.13256505700754673,0.7604405848990652,0.7719089178789468
100.0,94,bench_94_front,7.689214645932757,-2.9014364092802407,0.28132537899441934,0.7178471234887037,0.7710048388741538
100.0,95,bench_95_front,6.93886451964707,-4.370946895806945,0.41870739323020684,0.6463189200317603,0.7700935186953959
100.0,96,bench_96_front,5.909519899477613,-5.660499278667664,0.5391001924899382,0.5486355456803335,0.7691748692765812
100.0,97,bench_97_front,4.642397036110639,-6.717327272833521,0.6375364376200396,0.42866480946358826,0.7682488061596354
100.0,98,bench_98_front,3.1886730091847486,-7.497823456524179,0.7099049796041068,0.2912174353844701,0.7673152381769929
100.0,99,bench_99_front,1.6075025102260947,-7.96941536998366,0.7531297065742418,0.14186213410717202,0.7663740731640423
100.0,100,bench_100_front,-0.03631997445925038,-8.11202677392007,0.7653097780844582,-0.013293416253858603,0.7654252225706839
100.0,101,bench_101_front,-1.6749940839941055,-7.919049306428364,0.7458139920368912,-0.16785027778164868,0.7644685908978738
100.0,102,bench_102_front,-3.240485041105334,-7.397759837010193,0.6953233614918466,-0.3153793912787022,0.7635042485013728
100.0,103,bench_103_front,-4.667349059435956,-6.569177429053425,0.6158190581705225,-0.44969054395727737,0.7625317683418976
100.0,104,bench_104_front,-5.895524198763475,-5.467328158583771,0.5105173551051705,-0.5650949376899048,0.7615512185443184
100.0,105,bench_105_front,-6.872904259482865,-4.137959726822006,0.3837491262375334,-0.6566520545781346,0.7605624975435982
100.0,106,bench_106_front,-7.557629173354487,-2.6367409538464894,0.24079196953128873,-0.7203882464877772,0.7595656642242931
100.0,107,bench_107_front,-7.919976546535037,-1.0270195418410644,0.08765750870813516,-0.7534786825644813,0.7585604550146435
100.0,108,bench_108_front,-7.9437736448046365,0.6228093860643906,-0.06915596294299206,-0.7543835570521342,0.7575467631514263
100.0,109,bench_109_front,-7.627237437846181,2.2421665954263363,-0.22293561373042703,-0.7229308416296115,0.7565244805349399
100.0,110,bench_110_front,-6.983221193254609,3.761291399605628,-0.3670403287273397,-0.6603423795195832,0.7554936539123667
100.0,111,bench_111_front,-6.038821831150823,5.114288738957937,-0.4951899828648366,-0.5691992151734274,0.7544540182699824
100.0,112,bench_112_front,-4.834367851740337,6.242021371636542,-0.6017438546358583,-0.4533476832489436,0.7534054608902205
100.0,113,bench_113_front,-3.4218117909680545,7.094770583594832,-0.6819556452746717,-0.3177480290129239,0.7523478663913336
100.0,114,bench_114_front,-1.862589127217707,7.634523329904303,-0.7321939853331976,-0.16827213612544667,0.7512812682040805
100.0,115,bench_115_front,-0.225032917936025,7.83678263985108,-0.7501177816547289,-0.011455586769657545,0.750205249796913
100.0,116,bench_116_front,1.418584635624884,7.691816082269408,-0.7347980984771908,0.14578166252314,0.7491198426511649
100.0,117,bench_117_front,2.995212903170271,7.205257047922663,-0.6867784918744152,0.29643985717065796,0.7480249232616895
100.0,118,bench_118_front,4.434272950021197,6.398035841709889,-0.6080712718479531,0.4337505965809969,0.7469205122910724
100.0,119,bench_119_front,5.670857230632799,5.305621948946802,-0.5020860746837285,0.5514858675252922,0.7458063344270003
100.0,120,bench_120_front,6.648717487091181,3.976607472248715,-0.37349647306024797,0.6442455001787613,0.7446824020272178
100.0,121,bench_121_front,7.322935958602264,2.4706399603951565,-0.2280440718175289,0.7077146196231546,0.7435483047653761
100.0,122,bench_122_front,7.662084292288341,0.8558719743887525,-0.07229206222084918,0.7388760593201635,0.7424041845899287
100.0,123,bench_123_front,7.649842179423001,-0.7940808410145502,0.086664425596223,0.7361660802022939,0.7412497691765803
100.0,124,bench_124_front,7.285924195482774,-2.403446070036336,0.2415182421594068,0.6995674578045706,0.7400849203401726
100.0,125,bench_125_front,6.586290723301785,-3.897769998696407,0.38508542402787055,0.6306317960753579,0.7389094978547486
100.0,126,bench_126_front,5.58260576951357,-5.2073926702251105,0.5106415017559349,0.5324293465781595,0.7377233576437732
100.0,127,bench_127_front,4.320955489480189,-6.270753980102603,0.6122422206324463,0.40942708015476725,0.7365263543750538
100.0,128,bench_128_front,2.8598649007821053,-7.037383577200275,0.6850142643451994,0.2672989118118053,0.7353184688365784
100.0,129,bench_129_front,1.267697855367514,-7.470416114712662,0.7254009973195931,0.11267363530558319,0.7340994176576058
100.0,130,bench_130_front,-0.3804499260363872,-7.548510513864139,0.7313497816268357,-0.04716499009458697,0.7328690465398595
100.0,131,bench_131_front,-2.0062682363594067,-7.267063780308389,0.7024320424132492,-0.20461614767169486,0.7316273245969245
100.0,132,bench_132_front,-3.5319099313839697,-6.638637846774875,0.6398868134198936,-0.3521235507180435,0.7303739651431643
100.0,133,bench_133_front,-4.883752410922489,-5.692576859496955,0.5465856572528608,-0.4825387061593043,0.7291086912501024
100.0,134,bench_134_front,-5.996007155010534,-4.473805155567282,0.42691726726229184,-0.5894747232969964,0.727831575635994
100.0,135,bench_135_front,-6.81401511355466,-3.040854574668614,0.28659481098148204,-0.6676280161278356,0.726542327466405
100.0,136,bench_136_front,-7.297077242781441,-1.4631552858558943,0.13239623320397614,-0.7130536993949596,0.7252408846634606
100.0,137,bench_137_front,-7.420614044263191,0.1822179968351329,-0.028152797265925754,-0.7233793366728574,0.723926960900863
100.0,138,bench_138_front,-7.177593782575242,1.8142263853525644,-0.18714145476700855,-0.6979465475122824,0.7226003786856375
100.0,139,bench_139_front,-6.579120857036855,3.3518636431778206,-0.33666110541876526,-0.637868850572216,0.7212609586218465
100.0,140,bench_140_front,-5.654116845972979,4.718191674167759,-0.4692019951307037,-0.5460016005006763,0.7199085080646936
100.0,141,bench_141_front,-4.44809947207389,5.84425581530122,-0.5780343706830762,-0.4268257659585628,0.7185429480393596
100.0,142,bench_142_front,-3.0211215317878795,6.672651723117654,-0.6575623842885463,-0.2862444409246921,0.717163976501558
100.0,143,bench_143_front,-1.4449209339325482,7.160600405756394,-0.7036245895334405,-0.13130550186419115,0.7157714005294636
100.0,144,bench_144_front,0.20058114745741246,7.282327744320485,-0.7137288322474982,0.03014196763152328,0.7143650216759476
100.0,145,bench_145_front,1.8312716041332666,7.030612046739376,-0.6872054336284841,0.18983909269038698,0.712944730762506
100.0,146,bench_146_front,3.3630929127312412,6.417413550517967,-0.6252689915325499,0.3395371530432484,0.7115102178246256
100.0,147,bench_147_front,4.716436295299751,5.473513061406653,-0.5309848405932737,0.4714256173167028,0.7100612745406544
100.0,148,bench_148_front,5.820328392025631,4.247165580579698,-0.4091372561984853,0.578547655198283,0.7085976882159977
100.0,149,bench_149_front,6.616258397395375,2.8018354918346784,-0.2660035395538617,0.655179155345533,0.7071192322759076
100.0,150,bench_150_front,7.061461194513614,1.2130281211656093,-0.10904719086274406,0.6971487062791054,0.705625685829028
100.0,151,bench_151_front,7.131376525343643,-0.43549009218363643,0.05346137721470673,0.7020843930322869,0.7041169034991334
100.0,152,bench_152_front,6.821233083443324,-2.0560811185702796,0.21287355528763358,0.6695678893055708,0.7025925625352963
100.0,153,bench_153_front,6.146578630755746,-3.561848673359749,0.3606213745794675,0.6011878561424903,0.7010525045792135
100.0,154,bench_154_front,5.142729415657454,-4.871347809667997,0.4886808023556227,0.5004860662233137,0.6994964110519956
100.0,155,bench_155_front,3.8631479361204644,-5.913060169579482,0.5900191104982951,0.37279417831048295,0.6979241005549153
100.0,156,bench_156_front,2.376780692330819,-6.629449386206838,0.6589919701677805,0.22497188360936074,0.6963352390625916
100.0,157,bench_157_front,0.7645175473926262,-6.9803071741204565,0.6916770331740894,0.06505428940905066,0.6947295724172297
100.0,158,bench_158_front,-0.8851099553124007,-6.945231541875351,0.6861185951590778,-0.09817512009624321,0.6931068321903762
100.0,159,bench_159_front,-2.4807075622865087,-6.525046602047894,0.6424674750508675,-0.2556597445872783,0.6914668187994776
100.0,160,bench_160_front,-3.933097111708429,-5.74207007121253,0.5630064961507737,-0.3985729506054635,0.6898091849651731
100.0,161,bench_161_front,-5.160341630901089,-4.639177687075574,0.4520566334227797,-0.5188186676593987,0.6881337150099615
100.0,162,bench_162_front,-6.092474243026703,-3.277700913631117,0.3157651230166222,-0.6095017122810795,0.6864400557858423
100.0,163,bench_163_front,-6.675668891015956,-1.734207885459429,0.16178453450454516,-0.665340572892607,0.6847279120511408
100.0,164,bench_164_front,-6.875551509680663,-0.09636129286260847,-0.0011413210039841414,-0.6829960272279618,0.6829969808299396
100.0,165,bench_165_front,-6.679471546276138,1.5419503065426694,-0.1636631040796559,-0.6612956085086473,0.6812470135492782
100.0,166,bench_166_front,-6.097573391181656,3.085936322479834,-0.3163597382100319,-0.6013371505679521,0.6794776321656981
100.0,167,bench_167_front,-5.162555494447035,4.445433001793702,-0.45028542117724496,-0.5064630077683243,0.677688526361858
100.0,168,bench_168_front,-3.928102528045306,5.5402445570599195,-0.5575055198540783,-0.3821001382480075,0.6758793681692854
100.0,169,bench_169_front,-2.466049794559838,6.305024872627201,-0.6315815678493333,-0.23547401298737158,0.6740499147981541
100.0,170,bench_170_front,-0.8624084868732931,6.693386903460345,-0.6679791381426783,-0.07520863520804351,0.6721997231505618
100.0,171,bench_171_front,0.7875416627596932,6.680971990311962,-0.6643716160382835,0.08916603384364355,0.6703284462028493
100.0,172,bench_172_front,2.384832005818775,6.267265139438498,-0.6208176484708658,0.24777362442147793,0.668435727360418
100.0,173,bench_173_front,3.8327265008155713,5.476008274328889,-0.5397976400440335,0.390984735778074,0.666521234326828
100.0,174,bench_174_front,5.042652475717829,4.354139654832273,-0.42610406861677996,0.510007805214584,0.6645845609638932
100.0,175,bench_175_front,5.939735474195384,2.969315015551124,-0.2865854960597599,0.597445488980466,0.6626253533143195
100.0,176,bench_176_front,6.46766718279852,1.4060505209094964,-0.12975895798427184,0.6477747092257145,0.6606432176974368
100.0,177,bench_177_front,6.592485973681724,-0.23922438065712534,0.03469258251932149,0.6577233989322377,0.6586377189205272
100.0,178,bench_178_front,6.3050776740335115,-1.8639993641549883,0.1965060378164386,0.626514197150566,0.6566084542019953
100.0,179,bench_179_front,5.622158242324091,-3.366040379327511,0.34547741403896354,0.5559564753242876,0.6545549985036052
100.0,180,bench_180_front,4.58565304461179,-4.649845765359396,0.4721093761350619,0.45037639604579327,0.6524769430024593
100.0,181,bench_181_front,3.2604424644704917,-5.632865789714212,0.5682314104617753,0.3163845863940531,0.6503738481389874
100.0,182,bench_182_front,1.7306022300691144,-6.251004371338421,0.6275499561992758,0.16248984920997658,0.648245245738057
100.0,183,bench_183_front,0.09428523495019336,-6.463089203836028,0.646089113863885,-0.0014194938734757093,0.6460906732156695
100.0,184,bench_184_front,-1.5424043002949732,-6.253940226980194,0.6224908841877677,-0.1646959790531003,0.6439096725575164
100.0,185,bench_185_front,-3.072244527786513,-5.635818995552172,0.5581509938641954,-0.31662060527663166,0.6417017528707006
100.0,186,bench_186_front,-4.393947629916538,-4.648088026933036,0.45717563441795583,-0.4471104310731137,0.6394664168506787
100.0,187,bench_187_front,-5.418967965694188,-3.355090872811523,0.32615520204248094,-0.5474035452005046,0.6372031521559294
100.0,188,bench_188_front,-6.077681055086285,-1.8422775263147986,0.17376785859594235,-0.6106695320419835,0.6349114474045924
100.0,189,bench_189_front,-6.32440393951029,-0.21082571964581326,0.010227647883669224,-0.6325080794682736,0.6325907645341309
100.0,190,bench_190_front,-6.140927551027698,1.4289419695016363,-0.15338252017202847,-0.6112912160453793,0.6302405479724081
100.0,191,bench_191_front,-5.538261301069041,2.9649378562838615,-0.3058548801095683,-0.5483259008117614,0.6278602560983358
100.0,192,bench_192_front,-4.556401946808598,4.291004299416511,-0.4366313598700084,-0.4478167995552349,0.6254493028102488
100.0,193,bench_193_front,-3.262099185531924,5.314371206693521,-0.5365501481509373,-0.31662559573060167,0.6230070861174463
100.0,194,bench_194_front,-1.744685937553146,5.962400008562353,-0.5985130274899438,-0.16383945523956694,0.6205330057042706
100.0,195,bench_195_front,-0.11018743370368421,6.188077579660767,-0.6180264422168147,-0.00016854776344053246,0.6180264651999317
100.0,196,bench_196_front,1.5258401041396028,5.973822465115668,-0.5935691512612105,0.1627872917348525,0.615486831442657
100.0,197,bench_197_front,3.0464484478213083,5.333308999331379,-0.5267563799114148,0.3133537828603917,0.6129134335371482
100.0,198,bench_198_front,4.341648242390816,4.311079656689958,-0.422281184747136,0.4406262866607797,0.6103055984405783
100.0,199,bench_199_front,5.316561864039315,2.979893253688904,-0.28762975675391467,0.535278438276255,0.6076626395079614
100.0,200,bench_200_front,5.898630969994899,1.4359726143076967,-0.13258360272042255,0.5902770965802511,0.6049838530552182
100.0,201,bench_201_front,6.043426583438081,-0.2076619279907254,0.03146215818532699,0.6014462114960965,0.6022685553145587
100.0,202,bench_202_front,5.73849046116492,-1.8292382317061324,0.19231773151263362,0.5678321053404632,0.5995159795281093
100.0,203,bench_203_front,5.0049065721512465,-3.3071959222515033,0.3379037662043891,0.4918355172997443,0.5967253399116025
100.0,204,bench_204_front,3.896386474285681,-4.529354275830662,0.45716537330417706,0.3790938164535219,0.5938958664796752
100.0,205,bench_205_front,2.4958211348311266,-5.4016654013664835,0.5409396732605861,0.23811125652777237,0.5910268188437005
100.0,206,bench_206_front,0.9095395639178784,-5.855773004704551,0.5826977185375168,0.07965726304627802,0.5881172593495715
100.0,207,bench_207_front,-0.7404578122168953,-5.854851183608712,0.5791019875224391,-0.08402731399274109,0.5851663878327888
100.0,208,bench_208_front,-2.325697660450789,-5.397119851817487,0.5303287391668842,-0.2401609769157452,0.5821733989280704
100.0,209,bench_209_front,-3.7211871147269346,-4.5167182073301415,0.44012194463015913,-0.37642085261840863,0.5791372759812673
100.0,210,bench_210_front,-4.815422406725905,-3.281749619018041,0.31556352522677583,-0.48193526720364216,0.5760572369376119
100.0,211,bench_211_front,-5.519588913275739,-1.7895530432957463,0.1665680734245353,-0.5481846146221999,0.5729321903967791
100.0,212,bench_212_front,-5.775215128758223,-0.15947504078940591,0.005134291329491686,-0.5697381897968852,0.5697613235912803
100.0,213,bench_213_front,-5.559590310328451,1.4763706206975176,-0.15559673802179158,-0.5447579858189979,0.5665435623114904
100.0,214,bench_214_front,-4.8884048763996875,2.9836850237449433,-0.30240305186962424,-0.47522022871974123,0.5632777925362457
100.0,215,bench_215_front,-3.815291557693245,4.237048943970216,-0.42308141258784904,-0.366825340193076,0.5599631343982349
100.0,216,bench_216_front,-2.42818758760983,5.130602726688517,-0.5074914613149197,-0.2285915786665838,0.5565983229806155
100.0,217,bench_217_front,-0.842687584009176,5.587413916704283,-0.5484562309989285,-0.07215576510018082,0.5531823313869871
100.0,218,bench_218_front,0.8071782887365724,5.566678360640995,-0.5424336211665127,0.08916994911870178,0.5497140285618038
100.0,219,bench_219_front,2.3800328573998026,5.0680376566041625,-0.4898936108479341,0.24151643901459585,0.5461922191535852
100.0,220,bench_220_front,3.7392089501947514,4.132552172244451,-0.3953560458091772,0.37165225011085223,0.5426157000772533
100.0,221,bench_221_front,4.764857922619914,2.8400525065187368,-0.2670721768032775,0.4681615349488152,0.538983089185618
100.0,222,bench_222_front,5.3648849868195265,1.3030224894590545,-0.11636740522530468,0.5224915916937,0.5352932246810961
100.0,223,tail_rear,5.4838405405452715,-0.342681628564004,0.04331446284691507,0.529776915389288,0.531544657362959
110.0,0,head_front,7.126469641487614,-6.775716032685248,0.5824137008875828,0.6001818497118859,0.8363157129368978
110.0,1,bench_1_front,4.859483705030542,-8.51938070434204,0.7299483935252964,0.40652204641052075,0.835514710479689
110.0,2,bench_2_front,3.356396826281097,-9.199990914206333,0.7873635274769901,0.27813825379606866,0.8350462338252508
110.0,3,bench_3_front,1.7603727607862214,-9.618582101608672,0.8224392026274465,0.14180781576710272,0.8345751605644075
110.0,4,bench_4_front,0.11669594500330023,-9.762848852068725,0.8341002070810536,0.0013873033247815858,0.8341013607848697
110.0,5,bench_5_front,-1.5278023714395996,-9.62826340606228,0.8219335276543596,-0.13912441378866625,0.833624811527572
110.0,6,bench_6_front,-3.1260528772293013,-9.21825515436136,0.7862066971750803,-0.2756999035437624,0.8331454899937875
110.0,7,bench_7_front,-4.632080301898552,-8.544183118472281,0.7278661827847402,-0.4043996882104313,0.8326633700760008
110.0,8,bench_8_front,-6.002375132340663,-7.625058880358685,0.6485174432809989,-0.5214848947509334,0.8321786885598044
110.0,9,bench_9_front,-7.197140378507719,-6.487063787911156,0.5503833751605859,-0.623528928931018,0.8316911595460305
110.0,10,bench_10_front,-8.18148250656624,-5.162844741579029,0.43624660263076753,-0.7075190265305638,0.8312005000056505
110.0,11,bench_11_front,-8.926469395617625,-3.6906042710022464,0.3093745487668283,-0.770948664410857,0.8307072014744802
110.0,12,bench_12_front,-9.410007866249446,-2.1130452780206066,0.17342704421960672,-0.8118949011792909,0.8302109793466236
110.0,13,bench_13_front,-9.617550613195563,-0.47615183519635074,0.03235447977674042,-0.8290807400332769,0.8297118089166561
110.0,14,bench_14_front,-9.542581534658563,1.1721468111338051,-0.1097170209816106,-0.8219189977473651,0.8292096619981658
110.0,15,bench_15_front,-9.186867271606461,2.7833521039124713,-0.24860333651578914,-0.7905359778508931,0.828704260398998
110.0,16,bench_16_front,-8.560474081770767,4.309831858809867,-0.38018816410589407,-0.735775586679235,0.828196084317828
110.0,17,bench_17_front,-7.6815335393232465,5.706241942194853,-0.500543262600593,-0.6591802937817102,0.8276848539419989
110.0,18,bench_18_front,-6.5757604606883655,6.930895659340809,-0.6060494512148175,-0.5629521864418094,0.827170539572944
110.0,19,bench_19_front,-5.275758550351525,7.947018095062862,-0.6935057533465192,-0.4498945902823602,0.8266531148493036
110.0,20,bench_20_front,-3.8200936531152414,8.723897824501384,-0.76023052581578,-0.3233334836564652,0.8261325523398548
110.0,21,bench_21_front,-2.2521860447462356,9.237854212930761,-0.8041471765793105,-0.18702204246303236,0.8256088213963808
110.0,22,bench_22_front,-0.6190328373659638,9.473007614712651,-0.8238522306092759,-0.04503386137678422,0.8250821453348648
110.0,23,bench_23_front,1.0301769995337209,9.421814589853485,-0.8186643482022952,0.09835992843486714,0.8245519938361685
110.0,24,bench_24_front,2.6455102643712634,9.085367898633873,-0.7886532351193395,0.23881522373151504,0.8240185898085878
110.0,25,bench_25_front,4.177841931329002,8.473431962885568,-0.7346439800993133,0.3720492762846515,0.8234819011247868
110.0,26,bench_26_front,5.580328060539834,7.604217797735746,-0.6582000209981334,0.4939697373510179,0.8229418989579864
110.0,27,bench_27_front,6.809869515469171,6.503894498653834,-0.5615825189924684,0.6008035090985379,0.8223987975325857
110.0,28,bench_28_front,7.8284709053967285,5.205841439614518,-0.44768736780254115,0.689214954901462,0.8218523184549594
110.0,29,bench_29_front,8.604435291043192,3.749694604436003,-0.31996352869233124,0.7564132631984757,0.8213024317727391
110.0,30,bench_30_front,9.113407807497728,2.180157547132349,-0.18231089020903546,0.8002446091524783,0.8207488624216385
110.0,31,bench_31_front,9.339180814777315,0.5456752389358097,-0.038964327211413116,0.8192657725765631,0.8201918220212336
110.0,32,bench_32_front,9.274271759033123,-1.1030472426061186,0.10563440954957388,0.8127956728555503,0.8196312794748587
110.0,33,bench_33_front,8.920226362476216,-2.7146196145769035,0.24697429643368438,0.7809450501792714,0.819067441971916
110.0,34,bench_34_front,8.287650120375083,-4.238540062506681,0.3806151523158476,0.724620183522033,0.8185000333169942
110.0,35,bench_35_front,7.395936497310906,-5.626833521622215,0.5023274977015946,0.6455036551070763,0.8179290211893332
110.0,36,bench_36_front,6.272751863411102,-6.835530832386913,0.6082294603929477,0.5460083225946759,0.8173543691891222
110.0,37,bench_37_front,4.953206707936837,-7.826136022163129,0.694911788044186,0.42920940389361456,0.8167760436946467
110.0,38,bench_38_front,3.4788230127530215,-8.566867302167102,0.7595518558553535,0.2987534803998634,0.8161940111176651
110.0,39,bench_39_front,1.8962505637344247,-9.033737871951468,0.800009909784357,0.15874804248031435,0.8156082372956436
110.0,40,bench_40_front,0.2558383762003839,-9.211378428876118,0.8149046393417082,0.013633914581280715,0.8150186837413295
110.0,41,bench_41_front,-1.3899533273848568,-9.09360953905919,0.8036647675200417,-0.13195275709897705,0.8144253118973306
110.0,42,bench_42_front,-2.988233674067032,-8.683715857452958,0.7665566084274739,-0.273326043207047,0.8138280898439498
110.0,43,bench_43_front,-4.48736212966505,-7.994422955804527,0.7046840478834939,-0.40590455891250465,0.813226978332262
110.0,44,bench_44_front,-5.838643490635442,-7.0475679966052445,0.6199612674615748,-0.5253593436137415,0.8126219373576027
110.0,45,bench_45_front,-6.9979422004461105,-5.873459875316243,0.515060251761301,-0.6277565713330467,0.8120131623294277
110.0,46,bench_46_front,-7.927142147258034,-4.509977361873385,0.3933300828397909,-0.7096915002671675,0.8114003818203562
110.0,47,bench_47_front,-8.595460407395962,-3.001381212705764,0.25869480886253854,-0.7684054708328412,0.8107835541858663
110.0,48,bench_48_front,-8.980509026080451,-1.3969381065306874,0.11553202963669706,-0.801882695656273,0.8101626426002039
110.0,49,bench_49_front,-9.069117240045665,0.25067841731412327,-0.03146891023463814,-0.8089255051443643,0.8095373772621131
110.0,50,bench_50_front,-8.857841579915263,1.8870922903876681,-0.17745681553618664,-0.7892028550755426,0.8089079476922155
110.0,51,bench_51_front,-8.353165699646421,3.4580115554207502,-0.31757938661515295,-0.7432702720214983,0.8082743123926238
110.0,52,bench_52_front,-7.5713693850128205,4.911041724889909,-0.447144741224896,-0.6725611829041377,0.8076366536719913
110.0,53,bench_53_front,-6.538077740100107,6.197438742361635,-0.5617798165195552,-0.5793478114984578,0.8069947019261017
110.0,54,bench_54_front,-5.28748558624594,7.2737847769305475,-0.6575804748398675,-0.46667514046903663,0.8063484157747324
110.0,55,bench_55_front,-3.8612728973916615,8.103502921683521,-0.731249172391699,-0.3382654442662555,0.8056977491021009
110.0,56,bench_56_front,-2.3072810585579515,8.65813952293747,-0.7802119012700942,-0.19840129243167476,0.8050426595665935
110.0,57,bench_57_front,-0.6779392019386886,8.918411385216416,-0.8027144127031441,-0.051785612625971436,0.804383104022207
110.0,58,bench_58_front,0.9714871058167713,8.874942921304568,-0.797890890273137,0.09661477395826792,0.8037190350662764
110.0,59,bench_59_front,2.584747996081072,8.52866989848011,-0.7658031901863749,0.24173493664786214,0.8030506246157679
110.0,60,bench_60_front,4.106507767532756,7.890909938554939,-0.7074484715475905,0.3785848405101931,0.802377605220354
110.0,61,bench_61_front,5.4842930620376436,6.983060035792914,-0.6247362640827081,0.5024215165898763,0.8016999313910976
110.0,62,bench_62_front,6.670309123062758,5.835949280687682,-0.5204316655454632,0.6089170724274966,0.8010175526142345
110.0,63,bench_63_front,7.623130266412782,4.488868603864434,-0.39807006979148396,0.6943118927094533,0.800330422276687
110.0,64,bench_64_front,8.309213766364211,2.9882685954222854,-0.2618422426254761,0.7555530155145164,0.799638492868007
110.0,65,bench_65_front,8.704130853197556,1.3862227169958206,-0.11645432683898065,0.7904089128460592,0.7989417123582979
110.0,66,bench_66_front,8.793516129456393,-0.26135301260999594,0.03303085687622309,0.7975563329599633,0.7982400276549162
110.0,67,bench_67_front,8.573663926243993,-1.8966392916751156,0.18136687317483885,0.7766373444829874,0.7975333896024696
110.0,68,bench_68_front,8.051753655375142,-3.461926724189727,0.32330810734003934,0.7282834378938275,0.7968217480605376
110.0,69,bench_69_front,7.245704124406769,-4.901649062452322,0.4537966308745897,0.6541038644993099,0.7961050481852632
110.0,70,bench_70_front,6.183638468956686,-6.164391653730546,0.5681433871702976,0.5566398425474464,0.7953834438159902
110.0,71,bench_71_front,4.902967219719125,-7.204771822731027,0.6622000836626281,0.43928381816394885,0.7946566703322189
110.0,72,bench_72_front,3.4491507077412447,-7.985104769750577,0.7325142701969846,0.306168634864209,0.7939246746491976
110.0,73,bench_73_front,1.874127044604964,-8.476844866707669,0.7764624020352947,0.16202588732035678,0.793187399002511
110.0,74,bench_74_front,0.23451500241221362,-8.661695273303897,0.792353574446931,0.012023167528223699,0.7924447889261687
110.0,75,bench_75_front,-1.4104096621014195,-8.532374597087996,0.779502207177263,-0.13842004302750327,0.7916967849536592
110.0,76,bench_76_front,-3.0008266266675414,-8.092985829145375,0.7382642007190411,-0.283825651318808,0.7909431271652028
110.0,77,bench_77_front,-4.478569464944321,-7.358974243006554,0.6700371980077031,-0.4188569724180697,0.7901841621149119
110.0,78,bench_78_front,-5.789258578512089,-6.356671695650374,0.5772195723444363,-0.5385173228319817,0.7894196233231213
110.0,79,bench_79_front,-6.8843307864249015,-5.122448916092291,0.463136107704914,-0.6383362907174277,0.7886496524483746
110.0,80,bench_80_front,-7.722924014803119,-3.701437331447959,0.331923490590528,-0.7145431416730368,0.787873787429036
110.0,81,bench_81_front,-8.27342950066563,-2.1459865251014687,0.18838816666853272,-0.7642146134332979,0.7870921653311864
110.0,82,bench_82_front,-8.514791174261488,-0.5137338878555398,0.03783447264875548,-0.7853939604373361,0.7863047249076234
110.0,83,bench_83_front,-8.437375672495053,1.134450772062524,-0.11412922462247332,-0.7771760925836484,0.7855113995331415
110.0,84,bench_84_front,-8.04346073199503,2.736735486996655,-0.2617965038003622,-0.7397540210871554,0.7847123174238497
110.0,85,bench_85_front,-7.34725773482255,4.232667849061566,-0.39957769046000924,-0.6744243431072837,0.7839072172706705
110.0,86,bench_86_front,-6.374509106412023,5.565428821841031,-0.5222135601653981,-0.5835515297191602,0.783096028759048
110.0,87,bench_87_front,-5.1616106756488005,6.68407278391855,-0.6249781580088656,-0.47049149246119315,0.7822786859339295
110.0,88,bench_88_front,-3.7543359284118054,7.545508777323382,-0.703867367623062,-0.3394743426361192,0.7814551174014052
110.0,89,bench_89_front,-2.2061877097140896,8.116228354986948,-0.7557602594733123,-0.1954538803049896,0.780625255244439
110.0,90,bench_90_front,-0.5764041850131605,8.37370103895294,-0.7785509609259649,-0.04392409294939248,0.7797890257628471
110.0,91,bench_91_front,1.0722609770221074,8.3073490763177,-0.7712418529959606,0.10928598958729152,0.7789463545923535
110.0,92,bench_92_front,2.6759265267290737,7.919083871650885,-0.7339962557054088,0.2582338162604544,0.7780971708276532
110.0,93,bench_93_front,4.172077060071831,7.223359523991564,-0.6681466465747703,0.39709512311650663,0.7772415828634136
110.0,94,bench_94_front,5.5020035850344104,6.246741770970212,-0.5761557578888893,0.520393236259403,0.7763791455809818
110.0,95,bench_95_front,6.613164030961666,5.0269834002741005,-0.46153517082190304,0.6232182550802559,0.7755099660035853
110.0,96,bench_96_front,7.461307742092249,3.6116560251315346,-0.32871903237810723,0.7014284407630672,0.7746341457481117
110.0,97,bench_97_front,8.012312196133951,2.056379357067603,-0.18289938150160678,0.7518238373264639,0.7737514239896166
110.0,98,bench_98_front,8.243655325982065,0.4226792897719319,-0.029828780123015108,0.7722858788197637,0.772861717740012
110.0,99,bench_99_front,8.145429889166964,-1.224397101108413,0.12440242268230972,0.7618752592719498,0.7719649431547579
110.0,100,bench_100_front,7.720878397372142,-2.8188431814027406,0.2736057036998265,0.7208848835671506,0.7710610199281906
110.0,101,bench_101_front,6.986401566885053,-4.296358310788145,0.4117445293963204,0.6508434921427598,0.7701498612298648
110.0,102,bench_102_front,5.971041810102133,-5.5969475395654875,0.533179615905361,0.5544697292279448,0.7692315538555986
110.0,103,bench_103_front,4.715423091937626,-6.667428623284032,0.6329038868498735,0.4355757841951421,0.7683056642814047
110.0,104,bench_104_front,3.2702425059927456,-7.463644462331659,0.7067552503673145,0.2989267940170776,0.7673722773876404
110.0,105,bench_105_front,1.6942851117298798,-7.952391177747395,0.7515984050747969,0.1500567841485052,0.7664314718094304
110.0,106,bench_106_front,0.05211074867593231,-8.112894891346984,0.7654669723259251,-0.00495058877799337,0.7654829809022976
110.0,107,bench_107_front,-1.5885717928206673,-7.9378125706070355,0.7476600615290592,-0.15970450909995354,0.7645267149240068
110.0,108,bench_108_front,-3.1596691005818034,-7.433677903532556,0.698788069810355,-0.30777108797298147,0.7635625770697214
110.0,109,bench_109_front,-4.595536091877482,-6.620783064235098,0.6207643413743348,-0.4429402998266755,0.7625906350935978
110.0,110,bench_110_front,-5.835744634740962,-5.532490198280153,0.5167415516238865,-0.5594898718311094,0.7616106274575303
110.0,111,bench_111_front,-6.827702664350024,-4.213962550240724,0.3909949090530529,-0.6524335187730314,0.7606224525505177
110.0,112,bench_112_front,-7.5289508136303285,-2.7203937637244504,0.24875610843678347,-0.7177409498870476,0.7596260083945087
110.0,113,bench_113_front,-7.90908031687775,-1.1147766490699889,0.0960032441200239,-0.752522084698817,0.7586211906090037
110.0,114,bench_114_front,-7.951165169881756,0.5346825380632058,-0.060784600859076235,-0.7551655129882432,0.7576078931138414
110.0,115,bench_115_front,-7.65264158410789,2.1574569737724514,-0.21489794190146747,-0.7254248895184832,0.7565860134620451
110.0,116,bench_116_front,-7.025581529790237,3.6836634797550656,-0.3596847496125033,-0.6644478217463513,0.7555554426561165
110.0,117,bench_117_front,-6.096338517943033,5.04712345654985,-0.4888384361890177,-0.5747449136821312,0.7545162241457799
110.0,118,bench_118_front,-4.904576228706659,6.188259500723418,-0.5966776226378565,-0.46009778769587867,0.7534680879767942
110.0,119,bench_119_front,-3.5016697303997697,7.056794941717333,-0.6784020632937973,-0.325411788078959,0.7524109191804879
110.0,120,bench_120_front,-1.9486190095194378,7.614036397843049,-0.7303154575235807,-0.17651643398092481,0.7513446073295657
110.0,121,bench_121_front,-0.3134434637480809,7.834732701486158,-0.7500047258799134,-0.019918549708458168,0.7502691766724076
110.0,122,bench_122_front,1.3317073955208796,7.708336638205845,-0.7364628262494486,0.13747541865649296,0.7491842131159089
110.0,123,bench_123_front,2.9137425801432935,7.239655726323385,-0.6901541505971673,0.28866158971269584,0.748089743922451
110.0,124,bench_124_front,4.361869007167244,6.448815363323856,-0.6130136976440758,0.4268512348440863,0.7469857898161006
110.0,125,bench_125_front,5.610796584479545,5.3705390692254955,-0.5083793509295753,0.545779800258955,0.7458720767144197
110.0,126,bench_126_front,6.6037490618408965,4.052755975178604,-0.38086115084583305,0.6399961521909069,0.7447484750187668
110.0,127,bench_127_front,7.2951353406395905,2.5545908788355236,-0.2361496054137949,0.7051215605396172,0.7436148541247115
110.0,128,bench_128_front,7.652760659066977,0.9438159780120897,-0.08077135697288343,0.738064698614415,0.7424712192725239
110.0,129,bench_129_front,7.659468267223438,-0.7061707624160805,0.07819963753929594,0.7371812165304842,0.7413172932804427
110.0,130,bench_130_front,7.314100343218449,-2.319625204319866,0.23345821157007068,0.7023700200804195,0.7401529447737574
110.0,131,bench_131_front,6.631758096504275,-3.821923811015462,0.3778060906107961,0.6350992695820379,0.7389780269576701
110.0,132,bench_132_front,5.643290135738774,-5.143071315461515,0.5044855569797821,0.5383604229941245,0.7377923977973843
110.0,133,bench_133_front,4.39405402260672,-6.220995184412372,0.6075027125228265,0.4165503382755967,0.7365960426448855
110.0,134,bench_134_front,2.9419807352239395,-7.004557476857877,0.6819204647831112,0.27528347127353825,0.7353886794385832
110.0,135,bench_135_front,1.354975565269308,-7.456118190792794,0.7241058984294102,0.12114574594063568,0.7341700374571114
110.0,136,bench_136_front,-0.29214878147264267,-7.55346837762655,0.731922795455878,-0.038605437739251236,0.732940214704437
110.0,137,bench_137_front,-1.9211527489094007,-7.291089277201326,0.7048538137393205,-0.19637869257766588,0.7316990430780801
110.0,138,bench_138_front,-3.4540692120145517,-6.6806278951479365,0.6440489011532156,-0.344605175560568,0.7304462431279898
110.0,139,bench_139_front,-4.816954243205101,-5.750556931767533,0.5522945900317721,-0.47610563039686776,0.7291816546471545
110.0,140,bench_140_front,-5.943521843564115,-4.545004636199077,0.4339019509947846,-0.5844439884267938,0.72790499289763
110.0,141,bench_141_front,-6.7784382319605845,-3.121835661751748,0.2945199076806695,-0.6642509375905771,0.7266163252433782
110.0,142,bench_142_front,-7.280193840281189,-1.5499743655074292,0.14087762593306916,-0.7115026601422372,0.7253154767947652
110.0,143,bench_143_front,-7.423301128276005,0.09381006741279557,-0.019530945915959087,-0.7237386706497798,0.7240021555508537
110.0,144,bench_144_front,-7.199770617839665,1.7285997931987538,-0.17880587046131163,-0.700206632793602,0.7226761846910285
110.0,145,bench_145_front,-6.619736508335646,3.2732849717914094,-0.3290292036299721,-0.6419247575481772,0.7213373768179906
110.0,146,bench_146_front,-5.71118462493103,4.650615445136137,-0.4626579732842312,-0.551658229865807,0.7199855573705267
110.0,147,bench_147_front,-4.518795150567028,5.791104288079777,-0.572912459444794,-0.4338050072765089,0.7186205330529143
110.0,148,bench_148_front,-3.1019125700410752,6.636646657534194,-0.6541280524989844,-0.29419871294289895,0.7172422127589622
110.0,149,bench_149_front,-1.5317241267740147,7.143619501663343,-0.7020597979430019,-0.13983452562363552,0.7158503017001221
110.0,150,bench_150_front,0.11218744742991023,7.285288390191729,-0.7141219263478463,0.021472976515353015,0.7144446895394967
110.0,151,bench_151_front,1.7458155878793007,7.053415673675219,-0.6895443928295117,0.181475321885768,0.7130250781958255
110.0,152,bench_152_front,3.2850051141153225,6.458932894955824,-0.6294411313142934,0.3319126051907143,0.7115912557604291
110.0,153,bench_153_front,4.649790189372556,5.53164070142659,-0.536780992948057,0.4649400677095815,0.7101430144358898
110.0,154,bench_154_front,5.768626664542132,4.3189196249124535,-0.4162605513507966,0.5735457140729036,0.7086801342935091
110.0,155,bench_155_front,6.582261987012301,2.8834817225304827,-0.2740851201406067,0.6519298893626915,0.7072023994069462
110.0,156,bench_156_front,7.047013992028661,1.3002879466360981,-0.11766362902807585,0.6958314542290355,0.7057096728050076
110.0,157,bench_157_front,7.137302882958289,-0.34723818578210586,0.044766102170278585,0.7027773034242539,0.7042016345563149
110.0,158,bench_158_front,6.847274144198239,-1.9715504596664835,0.20456413895509135,0.6722425708362697,0.7026781347039305
110.0,159,bench_159_front,6.191392273605259,-3.485590428242592,0.35314657716601716,0.6057087265325655,0.7011387639845452
110.0,160,bench_160_front,5.20394812834484,-4.807504898051326,0.4824490871316452,0.5066161069928212,0.6995834485883149
110.0,161,bench_161_front,3.937494010496822,-5.865135806524592,0.5853749393257057,0.3802061572658837,0.6980118491927365
110.0,162,bench_162_front,2.460233023660738,-6.600107936240507,0.6561959440332671,0.23326568572066178,0.6964237195130858
110.0,163,bench_163_front,0.8525131335686656,-6.97121818387164,0.6908908785164489,0.07377713477175747,0.6948188768537888
110.0,164,bench_164_front,-0.7974250746286318,-6.956957714190764,0.6873943103688125,-0.08950477405531823,0.6931969723722896
110.0,165,bench_165_front,-2.3982127107770674,-6.556996691000052,0.6457425217121304,-0.2475253449169667,0.6915578072174476
110.0,166,bench_166_front,-3.8604293400706475,-5.792511744638228,0.5681057119439182,-0.39143242424568747,0.6899010383338773
110.0,167,bench_167_front,-5.101615021269933,-4.705327252465021,0.4587000499210271,-0.5130787649263359,0.6882263834058434
110.0,168,bench_168_front,-6.0510566704008815,-3.355854998697743,0.3235819757274172,-0.6054940345653318,0.6865335541034115
110.0,169,bench_169_front,-6.653967126245002,-1.8199553986021832,0.17033372261738638,-0.6633008630074879,0.6848223214288324
110.0,170,bench_170_front,-6.874868973283181,-0.1848099608477466,0.007652275714316176,-0.6830494527390261,0.6830923160237501
110.0,171,bench_171_front,-6.699912104385026,1.4558892194679696,-0.15513221238132716,-0.6634475101482185,0.681343233649675
110.0,172,bench_172_front,-6.138014183398314,3.0072696009757953,-0.30858769161627925,-0.605471364196837,0.6795748202217639
110.0,173,bench_173_front,-5.2206933766755235,4.378778114354013,-0.4437302721093944,-0.5123458302692352,0.6777866951929266
110.0,174,bench_174_front,-4.000574133232409,5.4895526275338495,-0.5525584253158365,-0.3893921202808227,0.6759785771193578
110.0,175,bench_175_front,-2.5486154424167693,6.273338908798683,-0.6285417534312203,-0.24374905847866687,0.6741500866391916
110.0,176,bench_176_front,-0.9501927326507661,6.682648591747555,-0.6670354521046431,-0.08397760942918608,0.6723009246237034
110.0,177,bench_177_front,0.6997808336783155,6.691890388147778,-0.6655890241691258,0.08042738116167095,0.6704306919696724
110.0,178,bench_178_front,2.3023810820242216,6.299250669687562,-0.6241312059089861,0.23959274271047146,0.668539037415865
110.0,179,bench_179_front,3.760607422800953,5.527184767421467,-0.5450145377077055,0.3838605046463027,0.6666256320754986
110.0,180,bench_180_front,4.985293813536824,4.421448013319126,-0.4329127093424406,0.5043802781312354,0.6646900622680881
110.0,181,bench_181_front,5.9007089498826675,3.0486725162885904,-0.2945730892699057,0.5936668845179731,0.662731978023765
110.0,182,bench_182_front,6.449445664914631,1.4925914321832685,-0.13843500052349575,0.6460863515171659,0.6607509538295825
110.0,183,bench_183_front,6.596273213291496,-0.15086738432007657,0.02586638242320886,0.6582385883222087,0.6587466196467939
110.0,184,bench_184_front,6.3307081080326775,-1.7793578631495874,0.18808325381207924,0.6292089714585062,0.6567185395041092
110.0,185,bench_185_front,5.668088427079144,-3.290462973414109,0.33799155485995025,0.5606689448224629,0.6546662942637117
110.0,186,bench_186_front,4.64903247067611,-4.588165032315985,0.4660401738441406,0.456814626227194,0.6525894929982919
110.0,187,bench_187_front,3.337278592303926,-5.5890710986371355,0.563973242113457,0.3241425073701233,0.6504876500781198
110.0,188,bench_188_front,1.816000062605367,-6.22797454674362,0.6253843474352955,0.17107167968392445,0.6483603177300024
110.0,189,bench_189_front,0.1827383430243574,-6.462391443392544,0.646164311703225,0.007432387993672013,0.6462070551380501
110.0,190,bench_190_front,-1.4566653966054846,-6.2756983790650835,0.62481021284601,-0.15615202804931197,0.6440273735957109
110.0,191,bench_191_front,-2.9948672076812572,-5.67867916803843,0.5625700010864068,-0.30894809932258543,0.6418207960150542
110.0,192,bench_192_front,-4.330073425706224,-4.709293842806524,0.46340875108728846,-0.44082155624516695,0.6395868315050673
110.0,193,bench_193_front,-5.372907651402102,-3.430626671448818,0.3337931502982502,-0.542922880443187,0.6373249730669256
110.0,194,bench_194_front,-6.0525920983212185,-1.9271250934608137,0.18230164597903636,-0.6083051697791427,0.6350346996083738
110.0,195,bench_195_front,-6.322060933425042,-0.29927885633136275,0.0190820523256098,-0.6324276518967054,0.6327154649639423
110.0,196,bench_196_front,-6.1615719272717255,1.3429024068725504,-0.14481031472662997,-0.6135081098269293,0.6303667409331152
110.0,197,bench_197_front,-5.580556999631118,2.8872247418897845,-0.29815561599189583,-0.5526953045531312,0.627987954520296
110.0,198,bench_198_front,-4.617504378561962,4.22701527765084,-0.43034066430739754,-0.45404341605261533,0.6255785410460148
110.0,199,bench_199_front,-3.3378228531676863,5.268610750999168,-0.5321113505514037,-0.32428127866336653,0.6231378957158574
110.0,200,bench_200_front,-1.8297703197151924,5.938145436363909,-0.5962439873695892,-0.17239112311707577,0.6206654427338077
110.0,201,bench_201_front,-0.1986581160970805,6.18712117584579,-0.6180948241521385,-0.009013593902419199,0.6181605426737464
110.0,202,bench_202_front,1.440270059945881,5.9963199957774025,-0.5959775132104432,0.1542788641492971,0.6156225825745034
110.0,203,bench_203_front,2.9699313735546764,5.377734582951206,-0.5313388484452636,0.3057947374748176,0.6130508896775466
110.0,204,bench_204_front,4.279752733026063,4.374302466305474,-0.42871299075145164,0.4345664885000936,0.6104448061588831
110.0,205,bench_205_front,5.273850487788087,3.057381836240459,-0.2954467562621006,0.5311651932445797,0.6078036264290867
110.0,206,bench_206_front,5.878314594249362,1.5220946064627487,-0.14121509710339725,0.5884187036019307,0.605126659798177
110.0,207,bench_207_front,6.047098448277465,-0.11924592117752306,0.022653681130023667,0.6019871250851054,0.6024132203371463
110.0,208,bench_208_front,5.765970716539658,-1.7451238846418407,0.18399089775383914,0.5707385522047265,0.5996625262837515
110.0,209,bench_209_front,5.054226349698134,-3.233716487213543,0.33068622539632103,0.4968953438829864,0.5968738245554563
110.0,210,bench_210_front,3.9638894783409038,-4.472130267918895,0.4516082585556257,0.3859287805039533,0.5940463305306358
110.0,211,bench_211_front,2.5764308302382246,-5.365129001075388,0.5374729851082031,0.24620252770546402,0.5911792404759173
110.0,212,bench_212_front,0.9970937567652279,-5.842827824080121,0.5815944834908409,0.088382970058207,0.5882717846567926
110.0,213,bench_213_front,-0.6527361282427777,-5.866599417996917,0.5804535939516662,-0.07534408889301697,0.585323078703142
110.0,214,bench_214_front,-2.244671690880602,-5.432744751324975,0.5340349764149748,-0.23220139536938728,0.582332245411529
110.0,215,bench_215_front,-3.6532930531826184,-4.573502012500708,0.44589483464629326,-0.3698167386634372,0.5792983892260587
110.0,216,bench_216_front,-4.766120176563389,-3.3552594910438556,0.32294672748692016,-0.47721649777908015,0.5762205953860395
110.0,217,bench_217_front,-5.492919005285745,-1.8739522469346097,0.1749710221231427,-0.545734712825967,0.5730979282514097
110.0,218,bench_218_front,-5.773434503842222,-0.24797418096224416,0.013876780527662124,-0.5697604512919725,0.5699294139577682
110.0,219,bench_219_front,-5.5829508477716,1.3909956428900458,-0.14723011796751168,-0.547254977800134,0.5667139652097454
110.0,220,bench_220_front,-4.935086924574644,2.908485783143538,-0.2951038537525209,-0.47999004954431557,0.5634507362326753
110.0,221,bench_221_front,-3.8815119902583373,4.178324024356633,-0.4174593333135693,-0.3734740126621733,0.560138494574864
110.0,222,bench_222_front,-2.5084730914728803,5.093352060283561,-0.5040216606984748,-0.23656302111607447,0.5567763441569807
110.0,223,tail_rear,-0.9303018757751984,5.574885475030969,-0.5474356721509951,-0.08077614022939472,0.5533629911493636
120.0,0,head_front,9.608291256647831,2.4755347035037456,-0.20113777582749978,0.8146143642943471,0.8390786419517046
120.0,1,bench_1_front,9.889781028094419,-0.3705779902343415,0.03986822417350093,0.837356425618107,0.8383049915291456
120.0,2,bench_2_front,9.67621111179843,-2.006699771743309,0.17844834324537948,0.8186285929415316,0.8378523643151294
120.0,3,bench_3_front,9.193381423725311,-3.584473702187376,0.31210522451763734,0.7770614693447234,0.837397276274162
120.0,4,bench_4_front,8.454385141239328,-5.05973244718587,0.43708232868489744,0.7137415035643138,0.8369396011414801
120.0,5,bench_5_front,7.4795547876444735,-6.390976956755465,0.5498442213178037,0.6303720934788063,0.8364793147193986
120.0,6,bench_6_front,6.295945208201913,-7.540570630830542,0.6471764753762954,0.5292315362306711,0.8360163929143739
120.0,7,bench_7_front,4.936611170716065,-8.475836544658762,0.7262786276166169,0.41311562883368175,0.8355508169580859
120.0,8,bench_8_front,3.4397410684933956,-9.170001105530222,0.7848497534084691,0.28526084531530077,0.8350825619633874
120.0,9,bench_9_front,1.847579187229186,-9.603019990370154,0.8211567774893798,0.14925842947046727,0.8346116054697138
120.0,10,bench_10_front,0.20527146265522947,-9.762182445644822,0.8340898552408376,0.008954977459479662,0.8341379251880238
120.0,11,bench_11_front,-1.4403806887216508,-9.642533210013214,0.8231999491993378,-0.1316561158290161,0.8336614955705798
120.0,12,bench_12_front,-3.0422877481088895,-9.247076725046085,0.7887177925812294,-0.26854604420337325,0.8331822934937392
120.0,13,bench_13_front,-4.554390091978736,-8.586749815869618,0.7315540669170829,-0.3977668036548135,0.832700295972501
120.0,14,bench_14_front,-5.933012704053426,-7.6801626752764545,0.6532795474265731,-0.5155665486443863,0.8322157371541063
120.0,15,bench_15_front,-7.138126667645932,-6.5531276256789415,0.5560852808502423,-0.6184991330114137,0.8317283313162798
120.0,16,bench_16_front,-8.134546195631168,-5.237965919664772,0.44272618098506555,-0.7035269946621874,0.8312380546799036
120.0,17,bench_17_front,-8.892991454839182,-3.772615280826284,0.31644510130731224,-0.7681140073520112,0.8307446240763527
120.0,18,bench_18_front,-9.390987945729325,-2.1995592647003566,0.18088417121301867,-0.8103045952244823,0.8302485293195843
120.0,19,bench_19_front,-9.613567993001457,-0.5646392038212857,0.03998061511496069,-0.8287857149149556,0.8297494867922875
120.0,20,bench_20_front,-9.553776299606177,1.0842767687192325,-0.10214510221424182,-0.822932406833462,0.8292474709777972
120.0,21,bench_21_front,-9.212933243147514,2.6986936612033734,-0.241309566613503,-0.792832471789532,0.8287422007253497
120.0,22,bench_22_front,-8.600667132507319,4.230886502461087,-0.37338912998032797,-0.7392915247034029,0.8282339046946511
120.0,23,bench_23_front,-7.734678740921866,5.635371079751393,-0.49444319977064444,-0.6638154626281051,0.8277228076014328
120.0,24,bench_24_front,-6.640301848079788,6.870213985764248,-0.600831951563998,-0.5685728487635366,0.8272086304985495
120.0,25,bench_25_front,-5.349785997971217,7.898355743707202,-0.6893300787354384,-0.45633608212611093,0.8266913434284977
120.0,26,bench_26_front,-3.9014048116442126,8.68873167569645,-0.7572255872881364,-0.33040550601659513,0.8261709196346391
120.0,27,bench_27_front,-2.338349636501726,9.217262191870361,-0.8024071463402663,-0.19451445477122614,0.8256470805452394
120.0,28,bench_28_front,-0.7074578609037424,9.467633646500985,-0.8234342091642285,-0.05272200964793607,0.8251202985766593
120.0,29,bench_29_front,0.9421505078352566,9.431845906869919,-0.8195860443678893,0.09070759964073834,0.8245902938764125
120.0,30,bench_30_front,2.5605625350380916,9.110524880187405,-0.7908913904227324,0.23143207506052113,0.8240570349263585
120.0,31,bench_31_front,4.098562385849604,8.512972936857203,-0.7381350297317739,0.36516116988300373,0.8235204928278655
120.0,32,bench_32_front,5.509145650718592,7.656958467879351,-0.6628416735133917,0.48778893757254,0.8229806387541454
120.0,33,bench_33_front,6.7489770145124135,6.568240611566541,-0.5672365074644341,0.5955220344720038,0.8224376869660847
120.0,34,bench_34_front,7.779755679320908,5.279834487287767,-0.4541835701658254,0.6849980230287052,0.8218911162446092
120.0,35,bench_35_front,8.569418551187756,3.8310691290717944,-0.32710427377601625,0.7533952890490232,0.8213413830337518
120.0,36,bench_36_front,9.093194642127974,2.266408727914812,-0.18987734071156945,0.7985233152507185,0.8207879686707742
120.0,37,bench_37_front,9.334422395598201,0.6341345955239098,-0.04672291580988226,0.8188992622093091,0.8202310848222762
120.0,38,bench_38_front,9.285141301993674,-1.015130108705896,0.0979248505170727,0.8138002093618149,0.8196707004072579
120.0,39,bench_39_front,8.946412787236374,-2.6299821563438828,0.23955506468324622,0.7832941245566877,0.8191070226657943
120.0,40,bench_40_front,8.328356529872382,-4.159850196956611,0.3737201084399052,0.7282449069098902,0.8185397753881781
120.0,41,bench_41_front,7.449906782831327,-5.556575449946762,0.496175618754938,0.6502944869059051,0.8179689262723003
120.0,42,bench_42_front,6.338305047707902,-6.775935090999969,0.6030177708215828,0.55181811938496,0.8173944389388669
120.0,43,bench_43_front,5.028288351235421,-7.779105844136592,0.6908087933688918,0.43585782889478997,0.8168162804478521
120.0,44,bench_44_front,3.5610568380316443,-8.533921001177385,0.7566920475266465,0.30603230076309484,0.8162344172481469
120.0,45,bench_45_front,1.9830380629175077,-9.01594451583109,0.7984893146915887,0.16642655426103642,0.815648811462289
120.0,46,bench_46_front,0.3444151147666688,-9.20933410846606,0.8147766566704068,0.02146793235017679,0.8150594287378053
120.0,47,bench_47_front,-1.3024338089259848,-9.107408060318713,0.80493856208589,-0.1242141370618363,0.8144662304717838
120.0,48,bench_48_front,-2.904584422103441,-8.712942265282935,0.7691961601688859,-0.2659329121557318,0.8138691827229894
120.0,49,bench_49_front,-4.410300598853394,-8.038157607641427,0.7086089633720997,-0.3990972063159618,0.8132682479111595
120.0,50,bench_50_front,-5.770681998076203,-7.104415016735138,0.6250491891330895,-0.5193604653905424,0.8126633877852585
120.0,51,bench_51_front,-6.941304364659877,-5.941593245473415,0.5211495511364238,-0.6227646106164848,0.8120545639832325
120.0,52,bench_52_front,-7.883694533891012,-4.587194095335351,0.40022545753332633,-0.7058736780872187,0.8114419672867178
120.0,53,bench_53_front,-8.566648650737491,-3.085169510337501,0.26617323680211913,-0.7658913222705439,0.810825326145551
120.0,54,bench_54_front,-8.967306742060469,-1.4845536828026862,0.12334938842451248,-0.8007599054209159,0.8102046024026373
120.0,55,bench_55_front,-9.071987250330112,0.16212612618837594,-0.023569767345529048,-0.8092365804603979,0.8095797533831737
120.0,56,bench_56_front,-8.876714593999615,1.800533804493532,-0.16973757973047968,-0.790942762712872,0.8089507400705135
120.0,57,bench_57_front,-8.387441785940092,3.37632197620435,-0.3102972745014361,-0.7463865077512557,0.8083175227075897
120.0,58,bench_58_front,-7.619934499720225,4.836948665482603,-0.44054448385301254,-0.6769546757373124,0.8076800574831143
120.0,59,bench_59_front,-6.599336860923019,6.1334305925867145,-0.5560853844854501,-0.5848759375646433,0.8070382996986273
120.0,60,bench_60_front,-5.359402229819976,7.2220334638317745,-0.6529863997897475,-0.47315659201475285,0.8063922115679139
120.0,61,bench_61_front,-3.9414483912015474,8.065772427647401,-0.72791445326469,-0.3454856178143132,0.8057417473286153
120.0,62,bench_62_front,-2.3930150115605393,8.635734936198766,-0.7782545670314701,-0.20611812534006918,0.8050868603443019
120.0,63,bench_63_front,-0.7663275912939402,8.912121961713948,-0.8022062991192518,-0.05973833688627037,0.8044275077597384
120.0,64,bench_64_front,0.8834455602381701,8.88501188850448,-0.7988549707692482,0.0886965795891057,0.8037638630552775
120.0,65,bench_65_front,2.5000586088106616,8.554785459099858,-0.7682117714041441,0.23412242977154563,0.8030956592125407
120.0,66,bench_66_front,4.028095384200611,7.9322019237685595,-0.7112241144898642,0.3715404948249629,0.8024226319880751
120.0,67,bench_67_front,5.414870654183696,7.038130894342252,-0.6297538615657858,0.4961905321053175,0.8017449534034979
120.0,68,bench_68_front,6.612285620029813,5.902924671034591,-0.5265226199372758,0.6037180844207568,0.8010627907737826
120.0,69,bench_69_front,7.578540410622412,4.565445707926924,-0.4050267722820976,0.6903295302235541,0.8003758782996443
120.0,70,bench_70_front,8.279631588115125,3.071806906514177,-0.2694253180039904,0.7529307853970397,0.7996841686441932
120.0,71,bench_71_front,8.690621127397899,1.4738137522106978,-0.12440051405518796,0.7892437593278057,0.7989876091248739
120.0,72,bench_72_front,8.796584294397881,-0.1727766449472194,0.024998641152344604,0.7978946339589366,0.7982861510510683
120.0,73,bench_73_front,8.593233276996981,-1.8101965072859227,0.1735316875853584,0.7784729906203297,0.7975797412933595
120.0,74,bench_74_front,8.087166963695035,-3.3806687966276447,0.3159481399248102,0.7315571803508784,0.7968683299296535
120.0,75,bench_75_front,7.295737200275068,-4.828470704279561,0.44717524991935875,0.6587048532500833,0.796151862294911
120.0,76,bench_76_front,6.246531777066521,-6.101923325024435,0.5624991026948258,0.5624091934758324,0.7954302869759363
120.0,77,bench_77_front,4.976503837938696,-7.155260552906237,0.657738743738342,0.4460195875342544,0.7947035469146458
120.0,78,bench_78_front,3.5307054950294847,-7.950357007229964,0.7294010751694243,0.3136323966541542,0.7939717933839595
120.0,79,bench_79_front,1.9607868425408979,-8.458137286817996,0.7748145091606011,0.16995159224879147,0.7932345600852769
120.0,80,bench_80_front,0.3231459575679796,-8.65973779648434,0.7922366189639861,0.020125202496587512,0.7924921981969393
120.0,81,bench_81_front,-1.3230213407354996,-8.54726887481227,0.7809261470397957,-0.13043504848925833,0.7917442446932064
120.0,82,bench_82_front,-2.9178676035681073,-8.12421977400533,0.7411834966820439,-0.2762496294303168,0.7909910451542475
120.0,83,bench_83_front,-4.403080849808444,-7.405436049366626,0.674350399498658,-0.4119692772036343,0.7902323371412262
120.0,84,bench_84_front,-5.72401761973231,-6.416691626993212,0.5827741635259791,-0.5325730917562158,0.7894680637848369
120.0,85,bench_85_front,-6.8317688112692885,-5.193837473555412,0.4697311063962778,-0.6335593668215569,0.788698157474457
120.0,86,bench_86_front,-7.685010399315611,-3.7815775995073384,0.33931928309126214,-0.7111148920460135,0.7879225631793911
120.0,87,bench_87_front,-8.251605102262406,-2.2319110311691213,0.1963129698254497,-0.7622680052321816,0.7871412159976996
120.0,88,bench_88_front,-8.50990032671381,-0.6022520008646276,0.04599377703285035,-0.7850078122779177,0.7863540505797055
120.0,89,bench_89_front,-8.449635465126791,1.0466459283964937,-0.10604022682455752,-0.7783710958240924,0.7855610049635877
120.0,90,bench_90_front,-8.072442933986494,2.652954281917865,-0.25408286925106066,-0.7424912865491555,0.7847620117260212
120.0,91,bench_91_front,-7.391901872142497,4.156077436271956,-0.3925326767929838,-0.6786066494663421,0.7839571972054341
120.0,92,bench_92_front,-6.433150842427183,5.498950194177251,-0.5161068802631658,-0.5890261588173993,0.7831463002697246
120.0,93,bench_93_front,-5.232049770176635,6.63025096197309,-0.6200466112974837,-0.4770547727347645,0.7823292506167149
120.0,94,bench_94_front,-3.833900511845029,7.5064283159078204,-0.700304169183426,-0.34687990659397433,0.7815059814066255
120.0,95,bench_95_front,-2.29183889679099,8.093418205798171,-0.7537080806904797,-0.2034202594690547,0.7806764200746581
120.0,96,bench_96_front,-0.6648607480845323,8.36806953659368,-0.7780951103973022,-0.052145894741167285,0.7798404934103811
120.0,97,bench_97_front,0.9844094060785032,8.319149473695756,-0.7724064182389284,0.10112573448246398,0.7789981316481499
120.0,98,bench_98_front,2.5920974067244464,7.947894119871096,-0.7367424840798629,0.25045315242746485,0.7781492590814579
120.0,99,bench_99_front,4.095550963872289,7.268089815455334,-0.6723735088891554,0.3899997475308906,0.7772939846223393
120.0,100,bench_100_front,5.43579409953728,6.305670897422943,-0.5817036584731775,0.51426411335604,0.7764320476171453
120.0,101,bench_101_front,6.559896503932303,5.097820536426832,-0.46819074894201174,0.6183008667396926,0.7755633689170325
120.0,102,bench_102_front,7.423107277001886,3.6916347475487017,-0.3362231558747751,0.697921922361172,0.7746876920790127
120.0,103,bench_103_front,7.9907286775615125,2.1423382548494185,-0.19095709864115135,0.7498733375248473,0.7738052958284144
120.0,104,bench_104_front,8.239580808582815,0.5112077217577812,-0.03812095943530169,0.7719752660259418,0.7729159196860235
120.0,105,bench_105_front,8.159063842013072,-1.1368240438519017,0.11620650146644051,0.7632236902732907,0.7720196580252668
120.0,106,bench_106_front,7.751710273164015,-2.735752729406357,0.2658363902180107,0.7238446054686719,0.7711160737724507
120.0,107,bench_107_front,7.033224684046147,-4.221109723840136,0.4047172485685615,0.6553015264968315,0.7702052596016106
120.0,108,bench_108_front,6.031987751402466,-5.5326123733952395,0.5271824205165421,0.5602514156679229,0.7692873021567377
120.0,109,bench_109_front,4.788049389640516,-6.616639401107173,0.6281857784780543,0.4424507785498314,0.7683619353673314
120.0,110,bench_110_front,3.3516098392231206,-7.42850603701656,0.7035144500457048,0.30661833522681053,0.7674290748469016
120.0,111,bench_111_front,1.7810763499102351,-7.934381636502692,0.7499741366564467,0.15825173534414896,0.7664886283520567
120.0,112,bench_112_front,0.14075431699533292,-8.112797626104411,0.7655329004546886,0.0034118422106968584,0.7655405033999435
120.0,113,bench_113_front,-1.5017469085675765,-7.955671110381508,0.7494204168423984,-0.15152114549781345,0.7645846053336437
120.0,114,bench_114_front,-3.0782811443992317,-7.4687869298605625,0.7021766752641835,-0.3001078305575147,0.7636208439055344
120.0,115,bench_115_front,-4.522991755965374,-6.671715150518583,0.6256460373275156,-0.43612035158019796,0.7626492805254972
120.0,116,bench_116_front,-5.7751103566251825,-5.597140352657618,0.5229170554236707,-0.5538035887787228,0.7616696539820627
120.0,117,bench_117_front,-6.781555820610082,-4.289641225719961,0.39820850997064405,-0.6481256665635258,0.7606818632460322
120.0,118,bench_118_front,-7.4992795027359325,-2.803919912207684,0.2567067536501689,-0.7149994244614388,0.759685812918602
120.0,119,bench_119_front,-7.8971840352431455,-1.2026138126323778,0.10435514828741436,-0.7514701984152504,0.7586813929973135
120.0,120,bench_120_front,-7.957591663380434,0.44627879263021825,-0.05238634228721447,-0.7558552989807533,0.7576685039352745
120.0,121,bench_121_front,-7.677158558996003,2.072268966225993,-0.20681459952124243,-0.727834247462385,0.7566471901449632
120.0,122,bench_122_front,-7.067172232700632,3.6053803475186115,-0.3522670529585078,-0.6684796351394027,0.7556170320977295
120.0,123,bench_123_front,-6.1532408325203445,4.979150953239366,-0.4824108697707815,-0.5802310415368785,0.7545782324159456
120.0,124,bench_124_front,-4.974349757398742,6.13357862684539,-0.5915244039507024,-0.46680523317541905,0.7535305210734274
120.0,125,bench_125_front,-3.581296295289722,7.017826006482693,-0.674754064023138,-0.33305217185243535,0.7524737843216633
120.0,126,bench_126_front,-2.0346172474030904,7.592530373593028,-0.7283397137864931,-0.18475687112306283,0.7514079052723458
120.0,127,bench_127_front,-0.4020366187957085,7.831677230689739,-0.7497953439694779,-0.028397650060327927,0.7503329156896
120.0,128,bench_128_front,1.2444377613244366,7.723910395088025,-0.738036495415838,0.12913287043725344,0.7492484012615955
120.0,129,bench_129_front,2.831690606153433,7.2732082158970215,-0.6934483750223993,0.28082833537040564,0.7481545313423685
120.0,130,bench_130_front,4.288714305365026,6.498889887744251,-0.6178874680630498,0.41988131765655723,0.7470510317952671
120.0,131,bench_131_front,5.549853575856515,5.43492161133237,-0.514619993244518,0.5399902219034054,0.7459377837315099
120.0,132,bench_132_front,6.557801208211673,4.128570613107615,-0.38819186921591586,0.6356539464648483,0.7448146527705285
120.0,133,bench_133_front,7.26630183953404,2.638429906014977,-0.24424187153823768,0.7024302827928878,0.7436816482857415
120.0,134,bench_134_front,7.642402140651691,1.031864269903483,-0.08925847672069416,0.7371540838199545,0.7425383619443074
120.0,135,bench_135_front,7.668102855033544,-0.6179396558559004,0.06970565604003441,0.7381006266207085,0.7413847944905899
120.0,136,bench_136_front,7.34137866633612,-2.235264040640919,0.22534956902279574,0.7050848311998642,0.7402209450204046
120.0,137,bench_137_front,6.676462230523221,-3.7453558547181847,0.3704602481736633,0.6394911922702633,0.7390465347108631
120.0,138,bench_138_front,5.7033842404890684,-5.077877125858795,0.49824796957601203,0.5442319707123187,0.7378614213604291
120.0,139,bench_139_front,4.466770943598587,-6.170248964759535,0.6026701461871025,0.42363273845103233,0.7366654615174408
120.0,140,bench_140_front,3.0239221739227125,-6.970688094368117,0.6787264818984455,0.2832485827599488,0.7354586302884483
120.0,141,bench_141_front,1.4422986815395,-7.440762936510322,0.722708682439304,0.12962058668990245,0.7342406527610612
120.0,142,bench_142_front,-0.2035690131264963,-7.557401479727089,0.7323962841990268,-0.030022507088666682,0.733011369652907
120.0,143,bench_143_front,-1.8355398522517299,-7.314173007239202,0.7071830045048431,-0.18809691447469268,0.7317706273795066
120.0,144,bench_144_front,-3.37553626176882,-6.721804911551555,0.6481300121094359,-0.33702315591094195,0.7305183914297767
120.0,145,bench_145_front,-4.749312468466176,-5.807883104224168,0.5579376792659823,-0.46959270849889806,0.7292542532066858
120.0,146,bench_146_front,-5.890066552953383,-4.615751046798175,0.4408400177049961,-0.5793206931088801,0.7279782872272322
120.0,147,bench_147_front,-6.741812893596128,-3.2025870841235244,0.3024197804773145,-0.6607729793359658,0.726690204863445
120.0,148,bench_148_front,-7.262232657954057,-1.636808678278281,0.1493559891555752,-0.7098473110995025,0.7253898376540949
120.0,149,bench_149_front,-7.424937561464664,0.0051449793619679435,-0.010889548349240575,-0.7239952307813262,0.7240771205178053
120.0,150,bench_150_front,-7.220977332443312,1.6424876514726696,-0.17042916925983512,-0.7023702765411627,0.7227517603597426
120.0,151,bench_151_front,-6.659511331246592,3.1940163455317236,-0.3213347643625345,-0.6458959058523955,0.7214135790133231
120.0,152,bench_152_front,-5.767589542842544,4.582170985244006,-0.45603441793989596,-0.5572455562856173,0.7200624975277123
120.0,153,bench_153_front,-4.589041228205394,5.736952680831881,-0.5676976693974426,-0.4407340290582911,0.7186982177584988
120.0,154,bench_154_front,-3.1824816113584786,6.599566471790076,-0.6505915944989008,-0.30212447648329366,0.7173204459116765
120.0,155,bench_155_front,-1.6185544666916696,7.125537617674348,-0.7003888454847118,-0.1483579441098402,0.7159291965410448
120.0,156,bench_156_front,0.02350811176930174,7.287179698373872,-0.7144097609948725,0.012785386948989641,0.7145241582509204
120.0,157,bench_157_front,1.659839590798198,7.075238894364621,-0.6917844222843754,0.17307004985535163,0.7131051318510202
120.0,158,bench_158_front,3.2061728237894265,6.499619874850042,-0.6335258176988828,0.324225356218736,0.7116720054253957
120.0,159,bench_159_front,4.5822239810338345,5.589127928603416,-0.5425056394098393,0.45837367943772855,0.7102244707082123
120.0,160,bench_160_front,5.715884630924474,4.3902520686438935,-0.4233326823060829,0.568448282550247,0.7087623084241913
120.0,161,bench_161_front,6.547157155613024,2.964945458242099,-0.2821386606092213,0.6485755762711191,0.7072853044887752
120.0,162,bench_162_front,7.031444637638638,1.387612800782119,-0.12627669695894236,0.6944049846208952,0.7057932323713555
120.0,163,bench_163_front,7.142148679313022,-0.2586651900242796,0.036048984493604934,0.7033627598180371,0.7042859512881582
120.0,164,bench_164_front,6.872334697695588,-1.8864567739689733,0.19620940667768752,0.6748169288622032,0.7027631313236531
120.0,165,bench_165_front,6.235378887966473,-3.408556591796665,0.34560480482010886,0.6101419308869354,0.7012245410288942
120.0,166,bench_166_front,5.264540847696709,-4.742712162433915,0.4761322114466638,0.5126755722396725,0.6996700116114498
120.0,167,bench_167_front,4.011445503973508,-5.816142296733015,0.5806310900479599,0.3875695627794098,0.698099297180068
120.0,168,bench_168_front,2.543536986503038,-6.569636134246715,0.6532915401649124,0.24153511076667716,0.696512057457812
120.0,169,bench_169_front,0.9406246577878902,-6.960992387522559,0.6899932855845723,0.08250123616647012,0.6949080429242338
120.0,170,bench_170_front,-0.7093629725869696,-6.967602151320177,0.6885615625127739,-0.08080724367985796,0.6932869795410618
120.0,171,bench_171_front,-2.31510258486685,-6.5879782126524065,0.6489182681073405,-0.23933860602902673,0.6916486731132707
120.0,172,bench_172_front,-3.7869218265068105,-5.84216214449824,0.5731200967262928,-0.3842178789014332,0.6899927707875435
120.0,173,bench_173_front,-5.041878941372317,-4.770908331055816,0.4652780495208747,-0.5072469503769927,0.688319062668403
120.0,174,bench_174_front,-6.008516030598903,-3.4337027507841817,0.33135690380267147,-0.6013813270535093,0.686627190130374
120.0,175,bench_175_front,-6.631099594429022,-1.9056661540222137,0.17886655616048217,-0.6611488960604939,0.6849168618706366
120.0,176,bench_176_front,-6.873041859294343,-0.2735016676742253,0.016456862628541853,-0.6829895440859965,0.683187782134877
120.0,177,bench_177_front,-6.719294509700793,1.3693232425762936,-0.1465630357181456,-0.6654918028536665,0.68143969880272
120.0,178,bench_178_front,-6.177546444146211,2.927855490054441,-0.3007531555120413,-0.6095095504157266,0.6796722390964863
120.0,179,bench_179_front,-5.2781325118300195,4.311169713598543,-0.43709152617976,-0.518149835732147,0.6778851337265058
120.0,180,bench_180_front,-4.072601142237021,5.437759797265314,-0.5475106789242673,-0.39662768470535187,0.6760780012771013
120.0,181,bench_181_front,-2.6310193209276225,6.240471900645251,-0.6253902634903298,-0.25199359789391645,0.6742505135689738
120.0,182,bench_182_front,-1.0380977804008007,6.6707226590048965,-0.6659755714735173,-0.09274422619959713,0.67240237454432
120.0,183,bench_183_front,0.6116128834143706,6.701682562608146,-0.6666928436788496,0.0716621127453415,0.6705332252884394
120.0,184,bench_184_front,2.2192607759466116,6.330239202189931,-0.6273408647205363,0.2313578508382907,0.668642666670938
120.0,185,bench_185_front,3.6875865694124914,5.577559900897085,-0.5501434508932403,0.37665836008054615,0.6667303328777606
120.0,186,bench_186_front,4.926855846966273,4.488204497610844,-0.43965518506191686,0.49865508546481463,0.664795890489517
120.0,187,bench_187_front,5.8604968765749526,3.1277592745909426,-0.3025204499129931,0.5897769088840835,0.6628389132122708
120.0,188,bench_188_front,6.430005893619624,1.5791560673636904,-0.14710039637380587,0.6442795372814658,0.6608590233725726
120.0,189,bench_189_front,6.598882294554209,-0.06217795977237299,0.017020350136531213,0.6586359617113915,0.6588558433969146
120.0,190,bench_190_front,6.355276705892502,-1.6940985914846027,0.1796116337913129,0.6317941951432797,0.6568289305518823
120.0,191,bench_191_front,5.713138720659092,-3.214024130167847,0.3304307641972634,0.5652871891232032,0.6547778983096479
120.0,192,bench_192_front,4.711773074937172,-4.525426825486828,0.45987442326651473,0.4631800912227112,0.6527022920748697
120.0,193,bench_193_front,3.413763820433079,-5.54408640217022,0.5596029387269097,0.33185400428141104,0.6506016670662628
120.0,194,bench_194_front,1.9013469820275815,-6.203703387020502,0.6230978298095755,0.17963769490783096,0.6484756024286509
120.0,195,bench_195_front,0.2714536128085118,-6.460475458273341,0.6461180598052729,0.016299838664264304,0.6463236278730736
120.0,196,bench_196_front,-1.3703661903929967,-6.2963397314229175,0.6270156326647944,-0.1475619076760821,0.6441452632776531
120.0,197,bench_197_front,-2.916663872016609,-5.7205970917312445,0.5668901111149884,-0.3012019101892768,0.6419400196136965
120.0,198,bench_198_front,-4.2651650437571345,-4.769788664362348,0.46956503279725315,-0.4344355586712624,0.6397074133257308
120.0,199,bench_199_front,-5.325665146988757,-3.505732319578427,0.34138094352709614,-0.5383285590866767,0.6374469280903219
120.0,200,bench_200_front,-6.026248777396884,-2.0118498480338185,0.19081559409546683,-0.6058177600896558,0.6351580507165548
120.0,201,bench_201_front,-6.318469899604689,-0.3879338060391094,0.02794876262876169,-0.632222778819284,0.6328402447620222
120.0,202,bench_202_front,-6.181059803043946,1.2563390512798092,-0.13619387053948,-0.6156075285239393,0.6304929813628993
120.0,203,bench_203_front,-5.6218703967540264,2.808698827244849,-0.29038197050756287,-0.5569628491827946,0.6281156773761275
120.0,204,bench_204_front,-4.677873340743352,4.16197549417121,-0.423951309782741,-0.460190726961779,0.625707773843439
120.0,205,bench_205_front,-3.413113990410885,5.22163846352511,-0.5275559820305193,-0.33188631804585655,0.6232686758390967
120.0,206,bench_206_front,-1.914762378150067,5.912601067334065,-0.5938485845431052,-0.18092477179798463,0.6207978047754376
120.0,207,bench_207_front,-0.287384189616422,6.184891318093397,-0.6180361100003661,-0.01787455722247075,0.618294535848639
120.0,208,bench_208_front,1.3541202946259936,6.017651192277043,-0.5982670501938016,0.14572126954587006,0.6157581925932069
120.0,209,bench_209_front,2.8925373931994853,5.4211886703295855,-0.5358197618833989,0.29815588034260176,0.6131881817253608
120.0,210,bench_210_front,4.216742764386608,4.436825991061025,-0.4350671284570614,0.4284030460553974,0.6105837994357664
120.0,211,bench_211_front,5.229870788888323,3.1344975108135342,-0.30321655818531157,0.5269308453591837,0.6079444028434593
120.0,212,bench_212_front,5.856674541058593,1.6081843603747341,-0.14983331783488674,0.5864305633059611,0.6052692200275487
120.0,213,bench_213_front,6.049481568704872,-0.030511157162821743,0.013823658954035482,0.6023990054096113,0.6025575949777469
120.0,214,bench_214_front,5.792294651899808,-1.6603428836428025,0.17560727482115546,0.5735264960436833,0.5998087667200755
120.0,215,bench_215_front,5.10260513523262,-3.1592858292985273,0.3233822583537719,0.5018556863297507,0.5970219551402535
120.0,216,bench_216_front,4.030746962128574,-4.413727228893086,0.4459407841709009,0.39269094328829157,0.5941963984471853
120.0,217,bench_217_front,2.6567328584536782,-5.327280339815056,0.533879946872197,0.2542535932817123,0.5913312839423619
120.0,218,bench_218_front,1.0847138992898149,-5.828530665198453,0.5803580984634626,0.09710541341441387,0.588425852394769
120.0,219,bench_219_front,-0.5645695019504308,-5.877061899398517,0.5816757057032733,-0.0666273417030506,0.5854791450323539
120.0,220,bench_220_front,-2.1628681248556667,-5.4672488186418615,0.5376252936927103,-0.2241743057836309,0.582490408325962
120.0,221,bench_221_front,-3.5843287436514726,-4.629427746724729,0.4515744785995631,-0.36311550482344324,0.5794586953059306
120.0,222,bench_222_front,-4.71554822714997,-3.428237932862435,0.3302673552118997,-0.47237788574625766,0.5763830261733665
120.0,223,tail_rear,-5.46487290247463,-1.9582044331518984,0.18334685714385382,-0.5431518520834395,0.5732625964130219
130.0,0,head_front,3.103714124937618,9.516571253201695,-0.7976188155341745,0.2689744348712892,0.8417499756510058
130.0,1,bench_1_front,5.656848188500561,8.227747808020096,-0.6882029083899022,0.4833848147695,0.8410018562797967
130.0,2,bench_2_front,6.925363691188687,7.1725809446243,-0.598809550195645,0.5898943415491125,0.8405642221729233
130.0,3,bench_3_front,8.002477251138968,5.922647285285797,-0.4929735844328726,0.6802835483686441,0.8401241938723274
130.0,4,bench_4_front,8.85834251870125,4.511981219217549,-0.3735486291956687,0.7520151498610324,0.8396817039774501
130.0,5,bench_5_front,9.469082054916475,2.9791784635138474,-0.2437815668137077,0.8030498537672962,0.8392368676087949
130.0,6,bench_6_front,9.817476630296609,1.366375570252062,-0.10722524450776869,0.8319078201465654,0.8387895291911798
130.0,7,bench_7_front,9.893492250433786,-0.281870541798646,0.03235749851046514,0.8377149799242358,0.8383396658272335
130.0,8,bench_8_front,9.69461993582872,-1.919841974052669,0.17109468777119602,0.8202324171111857,0.8378869913440482
130.0,9,bench_9_front,9.225995171279875,-3.5018951985018103,0.30511438992894596,0.779869955664054,0.8374317516604959
130.0,10,bench_10_front,8.50031459825051,-4.983745192389436,0.4306521563017299,0.7176799533662823,0.836974190277788
130.0,11,bench_11_front,7.537529588369131,-6.323726587582568,0.5441567564135854,0.6353338736212573,0.8365140205167788
130.0,12,bench_12_front,6.364347985375141,-7.483966162088071,0.6423942237445859,0.5350806485471348,0.8360512180183888
130.0,13,bench_13_front,5.0135307251460945,-8.43148790829262,0.7225401300486931,0.41968955796206764,0.8355857613633553
130.0,14,bench_14_front,3.5230094138728996,-9.139184161753922,0.7822646881240607,0.29237545524199826,0.8351176259149364
130.0,15,bench_15_front,1.9348383453983844,-9.586630556315804,0.8198025914890644,0.15671303091345457,0.8346467894087098
130.0,16,bench_16_front,0.2940495379305432,-9.76070803443388,0.8340092770615712,0.016537924308500474,0.8341732297102313
130.0,17,bench_17_front,-1.352631513177002,-9.65603820484537,0.8243995787184171,-0.1241607640027099,0.833696923773166
130.0,18,bench_18_front,-2.958077036427992,-9.27519624514884,0.7911675540298113,-0.2613539358681086,0.833217845670186
130.0,19,bench_19_front,-4.476146248052311,-8.628696203236247,0.7351876014503198,-0.3910861679457869,0.8327359726136457
130.0,20,bench_20_front,-5.862995697400078,-7.734750312167854,0.6579957895180902,-0.5095917340898006,0.8322512808498314
130.0,21,bench_21_front,-7.078377377016296,-6.6187952228598785,0.5617516599326157,-0.6134055999609275,0.8317640034892556
130.0,22,bench_22_front,-8.086815436972524,-5.312822879355408,0.44918139325599177,-0.6994654197589171,0.8312735996565223
130.0,23,bench_23_front,-8.858686995879168,-3.854494662708617,0.32350390965741965,-0.7652068711090934,0.8307805577625204
130.0,24,bench_24_front,-9.371128766908697,-2.28608907663686,0.18834200390498632,-0.8086404470273262,0.8302843386476104
130.0,25,bench_25_front,-9.608759643379766,-0.6532896796366495,0.04762043145620507,-0.828417862736678,0.8297854305742421
130.0,26,bench_26_front,-9.564183685222893,0.9961076774038435,-0.09454747157191332,-0.8238761935381685,0.8292835502164404
130.0,27,bench_27_front,-9.238273411336156,2.6136054032293106,-0.2339784772874697,-0.7950646112065517,0.8287784166028868
130.0,28,bench_28_front,-8.64021327788784,4.151401246655796,-0.36654239491712237,-0.7427507759528125,0.828270512845945
130.0,29,bench_29_front,-7.787285596314591,5.56384659725077,-0.488285640414159,-0.6684030193341576,0.8277593025086964
130.0,30,bench_30_front,-6.704420000956919,6.808799048342772,-0.5955498403088515,-0.5741560039797937,0.8272452654430507
130.0,31,bench_31_front,-5.4235197798581645,7.848898636595885,-0.6850842726176619,-0.4627514705882458,0.8267281198312145
130.0,32,bench_32_front,-3.9825617112347116,8.652731508844681,-0.7541469543124552,-0.33746372306819683,0.8262078389157301
130.0,33,bench_33_front,-2.4245037868124673,9.195821074863172,-0.8005924714795645,-0.20200597900971431,0.8256843954837891
130.0,34,bench_34_front,-0.7960212829414247,9.461420398067421,-0.8229426017623599,-0.0604218557120757,0.8251577585183896
130.0,35,bench_35_front,0.8538510217905813,9.441072259358249,-0.8204370207212607,0.08303173437277862,0.824627900257401
130.0,36,bench_36_front,2.475205049179713,9.134935472627458,-0.7930638358540938,0.22401333406391033,0.8240947891948098
130.0,37,bench_37_front,4.018748391739192,8.551849222023051,-0.7415674266402512,0.35822644249303426,0.8235583964449998
130.0,38,bench_38_front,5.437320023094475,7.709136885069194,-0.6674335750620303,0.4815518582964543,0.8230186931952708
130.0,39,bench_39_front,6.687351857399349,6.632144619182285,-0.5728513784458191,0.5901758155759197,0.8224756501428946
130.0,40,bench_40_front,7.730240544998488,5.353519709321686,-0.4606522623460097,0.6807107748028702,0.8219292340203145
130.0,41,bench_41_front,8.533559047713903,3.9122801990589124,-0.3342301955037675,0.7503030836269632,0.8213796569714984
130.0,42,bench_42_front,9.072121742364624,2.3526465302462425,-0.19744219440139324,0.7967261507416021,0.8208264002854487
130.0,43,bench_43_front,9.328813737712785,0.7227336220912735,-0.05449343283199108,0.8184575784144823,0.8202696763174371
130.0,44,bench_44_front,9.295197459897489,-0.926921981343348,0.09019042093014347,0.8147328825620871,0.8197096937059388
130.0,45,bench_45_front,8.971844093385664,-2.5449287900955144,0.23209853133839156,0.7855764367697624,0.8191459370938214
130.0,46,bench_46_front,8.368390986150102,-4.080618714869849,0.36677610540724653,0.7318102470923541,0.8185786151904287
130.0,47,bench_47_front,7.503310834321837,-5.48566395394249,0.4899648617852246,0.6550354284756441,0.8180079329337124
130.0,48,bench_48_front,6.403414177297267,-6.715596349645323,0.597738664907722,0.557589639508007,0.8174336166395013
130.0,49,bench_49_front,5.103062027396327,-7.731265709005112,0.6866325945992658,0.4424802785858121,0.8168556279438232
130.0,50,bench_50_front,3.643142202746526,-8.500117017423179,0.7537556583109125,0.3132978525016959,0.8162739349127176
130.0,51,bench_51_front,2.0698253230820556,-8.997280656908945,0.7968907470720905,0.1741059148141435,0.8156885020290432
130.0,52,bench_52_front,0.4331397656537071,-9.206431836854465,0.8145718972604493,0.02931697033991041,0.8150992949060863
130.0,53,bench_53_front,-1.2146130040577239,-9.120387703049243,0.8061393307379445,-0.11644677353683461,0.8145062747638964
130.0,54,bench_54_front,-2.8204978177556903,-8.741413331487768,0.7717689294107238,-0.2584980491022652,0.8139094063797592
130.0,55,bench_55_front,-4.332668244302242,-8.081228687524439,0.7124756957555741,-0.39223682207748517,0.8133088845179512
130.0,56,bench_56_front,-5.702032653167545,-7.16071573131997,0.6300890239744411,-0.5132994488083474,0.8127044372218089
130.0,57,bench_57_front,-6.883884691967411,-6.009318769808698,0.5272023285226022,-0.6177032340280553,0.8120957951672771
130.0,58,bench_58_front,-7.83940257124348,-4.664150593441681,0.40709689816882577,-0.7019807844006243,0.8114831521149376
130.0,59,bench_59_front,-8.53695969362793,-3.168848852812756,0.2736415321970861,-0.763298594794968,0.810866470486443
130.0,60,bench_60_front,-8.953220228262193,-1.572221901740118,0.13117062406593757,-0.79955761192988,0.8102457080496386
130.0,61,bench_61_front,-9.073996003256156,0.07334767950664987,-0.015652005165526162,-0.8094695158059075,0.8096208262419835
130.0,62,bench_62_front,-8.894782217566645,1.7135867738862984,-0.1619853299996891,-0.7926088730329337,0.8089920103101422
130.0,63,bench_63_front,-8.420995715972253,3.2941018661390267,-0.3029693799978042,-0.7494356627486963,0.808358990681635
130.0,64,bench_64_front,-7.667885649020753,4.7622001872043995,-0.43388699762424066,-0.6812900231488241,0.8077215004873296
130.0,65,bench_65_front,-6.660104574885325,6.0686713124267335,-0.5503231855837181,-0.5903578883712853,0.807079949542308
130.0,66,bench_66_front,-5.430966160340892,7.169456883889262,-0.6483174615944163,-0.4796043894291614,0.806434065108826
130.0,67,bench_67_front,-4.021413305071723,8.027171350431235,-0.7245003740787898,-0.35268505697860186,0.80578380565528
130.0,68,bench_68_front,-2.4786987433703724,8.61243496422541,-0.7762152588974208,-0.21382887065393752,0.805129128817439
130.0,69,bench_69_front,-0.8548313212351837,8.904941542018761,-0.8016162727752626,-0.06770016826600245,0.8044699879805022
130.0,70,bench_70_front,0.7951321088768781,8.89422405421025,-0.7997396099752597,0.08075387214870529,0.8038063396306289
130.0,71,bench_71_front,2.414956938615366,8.580103363825087,-0.7705464125241749,0.22647094802948353,0.8031381351643371
130.0,72,bench_72_front,3.9491235307881367,7.972787909428154,-0.7149343766352281,0.3644440186264867,0.8024653298476048
130.0,73,bench_73_front,5.344760796312132,7.092614945698925,-0.6347170102803193,0.48989602256389253,0.801787874729413
130.0,74,bench_74_front,6.553477800908417,5.969448333713669,-0.5325717838302476,0.5984460510814055,0.8011057239759682
130.0,75,bench_75_front,7.533095336285755,4.64172246791367,-0.41195604744968933,0.6862670864774175,0.8004188272476941
130.0,76,bench_76_front,8.249155427228976,3.1551980403712734,-0.2769961872475462,0.7502245961809643,0.7997273488286921
130.0,77,bench_77_front,8.676205409822519,1.5614175076785326,-0.13235132682102616,0.7879934697941351,0.7990310270255383
130.0,78,bench_78_front,8.798762924876398,-0.08402376256728954,0.016946428985808448,0.7981499213452574,0.7983298055307793
130.0,79,bench_79_front,8.61195939678712,-1.723417071116462,0.16566068658346916,0.7802307393071867,0.7976236390924892
130.0,80,bench_80_front,8.121808364476605,-3.298933281516209,0.3085385201925841,0.7347608215315279,0.796912469033027
130.0,81,bench_81_front,7.345093440130282,-4.754687494886635,0.4404916977660183,0.6632464555023525,0.7961964559938856
130.0,82,bench_82_front,6.30887875937939,-6.038726476461875,0.556782994152386,0.5681314753772083,0.795475125878603
130.0,83,bench_83_front,5.049632317478109,-7.1049347720101625,0.6531981092989811,0.4527228224829806,0.7947488433390263
130.0,84,bench_84_front,3.6120225385245535,-7.914726348127662,0.7262032492080511,0.32107951581382577,0.7940171374948853
130.0,85,bench_85_front,2.0473643931030057,-8.438519487369573,0.7730803432193496,0.17787691251045187,0.7932801605211102
130.0,86,bench_86_front,0.41187655541322016,-8.65686901907924,0.7920346295471342,0.028243952042679776,0.7925380591674165
130.0,87,bench_87_front,-1.235351279139806,-8.561287320725082,0.7822699510311217,-0.1224174460612643,0.7917905704076021
130.0,88,bench_88_front,-2.8344603877547985,-8.154647468234971,0.7440299063285666,-0.26862620376425045,0.7910376342880838
130.0,89,bench_89_front,-4.32699224620524,-7.4511935614949,0.6786011976411139,-0.40502051709920106,0.7902791941530907
130.0,90,bench_90_front,-5.6580615700343735,-6.476124692030171,0.5882781867973613,-0.5265576960827852,0.7895151881791774
130.0,91,bench_91_front,-6.778392558837568,-5.264783913009143,0.4762907727717531,-0.6287026050199597,0.7887457548452461
130.0,92,bench_92_front,-7.6462110785342405,-3.8614393046971,0.34669478852598024,-0.7076016719364204,0.7879704325152637
130.0,93,bench_93_front,-8.228855165877844,-2.317735930703725,0.20423362140427118,-0.7602339914732716,0.7871893634337837
130.0,94,bench_94_front,-8.504079798634109,-0.6908563609092743,0.05416593658534892,-0.7845350330201687,0.7864026746661822
130.0,95,bench_95_front,-8.460997582847927,0.9585782108930059,-0.09792245790274112,-0.7794834372895034,0.785610104804141
130.0,96,bench_96_front,-8.100594465853796,2.568738130308189,-0.24632516066903526,-0.7451528990671781,0.7848113963028609
130.0,97,bench_97_front,-7.435816168644618,4.078894046716883,-0.3854295246925141,-0.6827228963438392,0.7840066783496286
130.0,98,bench_98_front,-6.4911943556151925,5.4317423383212295,-0.5099306540724442,-0.5944463955720491,0.7831958817379928
130.0,99,bench_99_front,-5.302040288616143,6.575597849509399,-0.6150362235305362,-0.48357785820622423,0.7823791288128938
130.0,100,bench_100_front,-3.913194772091407,7.46643908571806,-0.69665599701727,-0.3542604282703211,0.7815561587105548
130.0,101,bench_101_front,-2.3774134119551817,8.069659024005707,-0.751567615724604,-0.21137788450299805,0.7807268991541977
130.0,102,bench_102_front,-0.7534213073933677,8.361490907657952,-0.7775506818647628,-0.06037672840172033,0.7798912822957138
130.0,103,bench_103_front,0.8962811191145994,8.330038127212914,-0.7734857382120771,0.09293980269740168,0.7790494170095462
130.0,104,bench_104_front,2.5078233172867117,7.975860858187176,-0.7394100583313484,0.2426306427407062,0.7782010428920898
130.0,105,bench_105_front,4.01841514105869,7.312082627718419,-0.6765312244867834,0.3828474312310778,0.7773459032540285
130.0,106,bench_106_front,5.368838553036147,6.363997218026452,-0.5871944968424294,0.5080654206885652,0.7764842875560861
130.0,107,bench_107_front,6.505773178550562,5.168217959329595,-0.47480397411132963,0.613303566993868,0.7756159353180633
130.0,108,bench_108_front,7.383979309749038,3.771350409825901,-0.3437015883309972,0.6943287933443832,0.7747407663782238
130.0,109,bench_109_front,7.968179477683605,2.228232506761529,-0.19900767733932562,0.7478323607995612,0.7738587051258377
130.0,110,bench_110_front,8.234544366173134,0.5998765062560574,-0.046425245053511,0.7715742393972166,0.7729696697022929
130.0,111,bench_111_front,8.17178006877891,-1.0489278433577447,0.1079802477735899,0.7644853648852252,0.7720735761784248
130.0,112,bench_112_front,7.781707195463442,-2.6521569195105132,0.2580194713714108,0.7267252895339851,0.7711703404923174
130.0,113,bench_113_front,7.079328019970216,-4.145199559026258,0.39762750721791207,0.6596913240416425,0.7702598766079837
130.0,114,bench_114_front,6.092368335401913,-5.4674740730870885,0.5211106545641822,0.5659781064120526,0.7693422718387981
130.0,115,bench_115_front,4.8602791624424215,-6.564950057831507,0.6233831045847271,0.4492867662507697,0.7684172651689748
130.0,116,bench_116_front,3.4327595786831764,-7.392408295819391,0.7001827438990839,0.3142880728048224,0.7674847669898207
130.0,117,bench_117_front,1.8678316814698486,-7.915389874720666,0.7482560793409756,0.1664439953987013,0.7665446913748808
130.0,118,bench_118_front,0.2295588442967182,-8.11172898850536,0.7655061477087978,0.01179038990877257,0.7655969406118108
130.0,119,bench_119_front,-1.4145667646514823,-7.972609026587675,0.7510932723619588,-0.14330267114324058,0.764641588814121
130.0,120,bench_120_front,-2.996345855263727,-7.503069581772018,0.7054861971102913,-0.29239293932144406,0.7636782079372008
130.0,121,bench_121_front,-4.44973545417293,-6.721952247761541,0.6304606174912919,-0.42923324694621934,0.7627068706203551
130.0,122,bench_122_front,-5.713633663649277,-5.661256064582208,0.5290405853948043,-0.5480374548177079,0.7617276369398372
130.0,123,bench_123_front,-6.734474815272336,-4.364965104414184,0.4053879933872239,-0.6437284323228828,0.7607402446061311
130.0,124,bench_124_front,-7.4686190718468035,-2.8872893001845257,0.2646422305812971,-0.7121631444336727,0.759744598201725
130.0,125,bench_125_front,-7.884284695983213,-1.290504367823211,0.1127120300703012,-0.7503221171546536,0.758740588880027
130.0,126,bench_126_front,-7.9630452138889645,0.3576185527173475,-0.043964547257313843,-0.756451590459003,0.7577281109497627
130.0,127,bench_127_front,-7.700771538749969,1.986637877628965,-0.1986892093007083,-0.7301564276201644,0.7567072159610883
130.0,128,bench_128_front,-7.107969249249785,3.5264733867571585,-0.3447898123401392,-0.6724347145861961,0.7556774841651479
130.0,129,bench_129_front,-6.209499233224548,4.910395944992032,-0.4759090911361844,-0.5856541038284702,0.7546391139857499
130.0,130,bench_130_front,-5.043649018042548,6.0780011488112775,-0.5862852430671848,-0.47346599196538375,0.7535916877103361
130.0,131,bench_131_front,-3.6606417683860855,6.977880627052645,-0.6710121354458952,-0.34066440100938544,0.7525353945368576
130.0,132,bench_132_front,-2.120547248579543,7.57000761383545,-0.7262658824261605,-0.19299016057533566,0.75147011521094
130.0,133,bench_133_front,-0.49078340815803395,7.827610471445385,-0.7494880891898228,-0.03689054798867192,0.7503954346664938
130.0,134,bench_134_front,1.1568112008100564,7.738524199541214,-0.7395171895732979,0.12075633180711418,0.7493115275677393
130.0,135,bench_135_front,2.7490886860699963,7.305894341621376,-0.6966581875105607,0.27294271857423713,0.7482181218389427
130.0,136,bench_136_front,4.214842598983272,6.548228246370734,-0.6226899218733563,0.41284139597458047,0.7471149557015219
130.0,137,bench_137_front,5.488052214563865,5.498734568203941,-0.5208055419131232,0.5341168909247956,0.7460021887760062
130.0,138,bench_138_front,6.510890179505689,4.204011519098437,-0.3954865773445072,0.6312177960514973,0.7448795465790309
130.0,139,bench_139_front,7.236448680536947,2.7220978372531146,-0.2523187226673809,0.6996389882304531,0.743746900269595
130.0,140,bench_140_front,7.631007794404796,1.1199670189998987,-0.09775135116090725,0.7361424760239947,0.7426042496919343
130.0,141,bench_141_front,7.675735416825495,-0.529423927953699,0.06118446232772745,0.7389225466056326,0.7414513256529295
130.0,142,bench_142_front,7.367731843699348,-2.150424507280763,0.21719336707083756,0.7077097927508197,0.7402878558067637
130.0,143,bench_143_front,6.720358961820858,-3.668128222081058,0.3630483544711381,0.6438053682592942,0.7391139694821676
130.0,144,bench_144_front,5.7628296243490515,-5.0118633250200855,0.4919289210617931,0.5500415595886978,0.7379293873073405
130.0,145,bench_145_front,4.539017076984,-6.1185691981865515,0.5977448901394171,0.43067176136023394,0.7367340902394229
130.0,146,bench_146_front,3.105615729168892,-6.9357984170414655,0.675432230953034,0.29119143722952134,0.7355278048625945
130.0,147,bench_147_front,1.529600458979262,-7.424355298639538,0.7212083806097545,0.13809489607158082,0.7343103761916789
130.0,148,bench_148_front,-0.11479278692957147,-7.560299564455856,0.7327687429863273,-0.021416819156357913,0.733081653597018
130.0,149,bench_149_front,-1.7495150937588262,-7.336285113963181,0.7094185653699905,-0.1797700075909026,0.7318414831921245
130.0,150,bench_150_front,-3.296395937766792,-6.762117140631524,0.652129027522563,-0.32937675021166896,0.7305897016229588
130.0,151,bench_151_front,-4.680879699371388,-5.864502443372691,0.5635148853810085,-0.46299849549510236,0.7293261498648594
130.0,152,bench_152_front,-5.835683244682596,-4.685978230756524,0.44773163899873164,-0.5741030540512908,0.7280507792946245
130.0,153,bench_153_front,-6.704163198576296,-3.2830398797392317,0.31029546217160886,-0.6571922266530619,0.7267633016446976
130.0,154,bench_154_front,-7.243205225435883,-1.7235699047534192,0.15783369413703083,-0.7080861849954575,0.725463658901232
130.0,155,bench_155_front,-7.425514922681934,-0.0836771596663212,-0.0022251155850211536,-0.7241481414049051,0.7241515599924819
130.0,156,bench_156_front,-7.241181227868789,1.555995685615891,-0.1620058626274517,-0.7044378816303101,0.7228268316834009
130.0,157,bench_157_front,-6.698385562729221,3.1141628113249267,-0.3135734014920307,-0.6497834375104716,0.721489288753622
130.0,158,bench_158_front,-5.823242209779417,4.512956664708237,-0.44932612237170133,-0.5627662542839313,0.7201387513572337
130.0,159,bench_159_front,-4.658720514591528,5.68188316051198,-0.5623849917828083,-0.4476168079225763,0.7187751287554028
130.0,160,bench_160_front,-3.2627055177768187,6.561460752953616,-0.6469492069070868,-0.3100268515353982,0.7173980241056289
130.0,161,bench_161_front,-1.7052792016876048,7.106375718897788,-0.6986092407640216,-0.1568814536062744,0.7160074453289577
130.0,162,bench_162_front,-0.06530091551810935,7.287991756177397,-0.7145915850121277,0.004073267361685395,0.7146031940014994
130.0,163,bench_163_front,1.5734928234407644,7.096037012489102,-0.6939265840005878,0.16461637156843426,0.7131848664764849
130.0,164,bench_164_front,3.1267630589251185,6.539380863053301,-0.6375258599800357,0.3164685219213864,0.7117524481941675
130.0,165,bench_165_front,4.5138833856251095,5.645841926738654,-0.5481633676157636,0.45172005965052886,0.7103056313211462
130.0,166,bench_166_front,5.662214888862628,4.460999700155221,-0.43035947709335753,0.5632502293464908,0.7088442003592487
130.0,167,bench_167_front,6.511006779689264,3.046064003123175,-0.2901709266831318,0.6451126725956859,0.7073680279993549
130.0,168,bench_168_front,7.014774132897366,1.4748472166358002,-0.13489360291423538,0.6928677800559851,0.7058767914777284
130.0,169,bench_169_front,7.145898585446445,-0.1699306752727807,0.02730299158198765,0.7038409085855302,0.7043702704883495
130.0,170,bench_170_front,6.896362276972298,-1.800954834444906,0.18780103318834027,0.6772935247926737,0.7028483099451063
130.0,171,bench_171_front,6.278453257761784,-3.330882901112566,0.33798826629526235,0.6144920370048423,0.7013105814798731
130.0,172,bench_172_front,5.324387751127542,-4.677087977052869,0.4697220525488081,0.5186721938957554,0.6997568516072574
130.0,173,bench_173_front,4.084867613741969,-5.766160893185841,0.5757816584647708,0.3948928709786269,0.6981868645099136
130.0,174,bench_174_front,2.6265639428210203,-6.538073913536336,0.6502745069080318,0.24979041395774085,0.6966004487794014
130.0,175,bench_175_front,1.0287156807928743,-6.949639012411196,0.688982539990004,0.09123736205568943,0.6949972637686845
130.0,176,bench_176_front,-0.6210554800799291,-6.9771422899723765,0.6896212379664803,-0.07207135563366619,0.6933770490557755
130.0,177,bench_177_front,-2.231479880684597,-6.617945668925552,0.6519978832715106,-0.23108967469817493,0.6917396024102124
130.0,178,bench_178_front,-3.7126820282166046,-5.89094033862697,0.5780555030682277,-0.3769198279592402,0.6900845754951237
130.0,179,bench_179_front,-4.981223100794247,-4.835811947221472,0.47179864843354624,-0.5013149636247697,0.6884116918079073
130.0,180,bench_180_front,-5.9649197649485215,-3.5111056807879106,0.33909976328501734,-0.5971571884807124,0.686720727234983
130.0,181,bench_181_front,-6.607096319923928,-1.9911994415897385,0.18739511640050588,-0.6588805520224137,0.6850113221576121
130.0,182,bench_182_front,-6.870065764555714,-0.3622930918086742,0.0252847117440842,-0.6828152488003081,0.6832832360318875
130.0,183,bench_183_front,-6.737583660285497,1.2823748705867535,-0.1379442489933441,-0.6674300293409805,0.6815361031496716
130.0,184,bench_184_front,-6.216109186378049,2.847799153616226,-0.2928449933565944,-0.6134562179113255,0.6797696090794966
130.0,185,bench_185_front,-5.3347805907856625,4.242704228196814,-0.43035878214764145,-0.5238825545281772,0.677983489703525
130.0,186,bench_186_front,-4.1440712305622265,5.384936676980308,-0.5423539570700975,-0.40381672233110333,0.6761773140115162
130.0,187,bench_187_front,-2.713130405955936,6.206467079044535,-0.6221213930705394,-0.26021921242182283,0.6743508480230913
130.0,188,bench_188_front,-1.1260078648707506,6.657616198885695,-0.6647968962856827,-0.10152030607857185,0.6725037441214463
130.0,189,bench_189_front,0.5231453457549817,6.710327790835287,-0.66768321384245,0.06285896368246054,0.6706356114628984
130.0,190,bench_190_front,2.135567279220773,6.360185523800511,-0.630449217487959,0.22305867140049213,0.6687461302453515
130.0,191,bench_191_front,3.6137480762640113,5.627064614425632,-0.5551893027364029,0.3693692030525321,0.6668348896365546
130.0,192,bench_192_front,4.8674150396240705,4.554307981647701,-0.44633788411555064,0.4928251015385595,0.664901562265602
130.0,193,bench_193_front,5.819151123136092,3.206453414179403,-0.31043593354991633,0.5857700643842795,0.6629457271660864
130.0,194,bench_194_front,6.409364497870291,1.6656288046958057,-0.15576269633972578,0.6423514172372347,0.6609669891891014
130.0,195,bench_195_front,6.600300262680418,0.02671791695392333,0.008147947810426034,0.6589145823143864,0.658964957975812
130.0,196,bench_196_front,6.378740726024164,-1.6083357466490917,0.171084657777812,0.6342706412530325,0.6569392715331335
130.0,197,bench_197_front,5.757245222668649,-3.13681346189575,0.32278962960131896,0.5698131711654593,0.6548894525122493
130.0,198,bench_198_front,4.773796277383101,-4.461695895774408,0.45360793440515434,0.4694756415463569,0.652815085733069
130.0,199,bench_199_front,3.4897960173742364,-5.497960430734364,0.5551170520673046,0.3395232559323668,0.6507157465551375
130.0,200,bench_200_front,1.986541562194144,-6.178209765429206,0.6206886770036032,0.18819086833518092,0.6485909625374321
130.0,201,bench_201_front,0.36031713647815333,-6.457334400539892,0.6459494919105471,0.025185574403608607,0.6464402982933023
130.0,202,bench_202_front,-1.2836073508437194,-6.3158305747013825,0.6291069593424657,-0.13892297656314717,0.6442632689439058
130.0,203,bench_203_front,-2.837708036596581,-5.761522400704687,0.5711119458303447,-0.2933792719725079,0.6420593834632755
130.0,204,bench_204_front,-4.1992734626287564,-4.829512072930105,0.4756454668117442,-0.4279503086354593,0.6398281618995423
130.0,205,bench_205_front,-5.277269152822301,-3.580344524676672,0.34892094028666537,-0.5336183334310094,0.6375690929963737
130.0,206,bench_206_front,-5.9986570966127415,-2.096400829496944,0.19931386048808736,-0.6032054174184612,0.6352816624030988
130.0,207,bench_207_front,-6.313623751729857,-0.476737065626938,0.03683352045122564,-0.6318927149534901,0.6329653319417451
130.0,208,bench_208_front,-6.199370287336372,1.1693015062755605,-0.12752744425512005,-0.6175902991910988,0.6306195578105659
130.0,209,bench_209_front,-5.662168887969843,2.729401119638492,-0.2825298425590504,-0.5611302412991654,0.6282437899708213
130.0,210,bench_210_front,-4.737453090800326,4.095930653189053,-0.41745907679506955,-0.4662621953431748,0.625837451423953
130.0,211,bench_211_front,-3.4879003334680063,5.173487906108284,-0.5228810772559815,-0.33944497501057197,0.6233999615113106
130.0,212,bench_212_front,-1.999572599932507,5.8857834420391,-0.5913254644970574,-0.18944421449399818,0.620930684833588
130.0,213,bench_213_front,-0.3762629491620681,6.1813806901953114,-0.6178499918722966,-0.026755781599524808,0.6184290454899402
130.0,214,bench_214_front,1.2674738055425074,6.037785169548691,-0.6004387398837945,0.13711033405985623,0.6158944098295132
130.0,215,bench_215_front,2.8143521138928183,5.463611714094307,-0.5402004403626209,0.2904348497084997,0.6133261103957408
130.0,216,bench_216_front,4.152695506854628,4.498559374721976,-0.44134665125196193,0.4221330399351456,0.6107234807801385
130.0,217,bench_217_front,5.184679932158195,3.2111196186996365,-0.3109425125591783,0.5225736107574562,0.6080858695749312
130.0,218,bench_218_front,5.833727465427031,1.694134087326033,-0.158441935505041,0.584311992540574,0.6054125465773891
130.0,219,bench_219_front,6.050563266293866,0.05844880882903401,0.004966911720974615,0.602682327014634,0.6027027936784582
130.0,220,bench_220_front,5.8174189492795625,-1.5750003325290804,0.16716386012536194,0.5761972575303387,0.5999558614744046
130.0,221,bench_221_front,5.149977581732925,-3.083986072112232,0.315987828675683,0.5067197442648762,0.5971710032302593
130.0,222,bench_222_front,4.096874012765114,-4.354205654641594,0.4401599720359705,0.3993846000991069,0.594347423464618
130.0,223,tail_rear,2.736635267101878,-5.28815156663782,0.5301586640534357,0.2622700532608847,0.5914843953211201
140.0,0,head_front,-6.3440850540356575,7.85502340092953,-0.6620672966288947,-0.5239915224912904,0.8443341879304861
140.0,1,bench_1_front,-3.8742771397036266,9.297118305155658,-0.7818809749767803,-0.31676572231805367,0.8436103258414509
140.0,2,bench_2_front,-2.299979892114469,9.791187059238942,-0.8227182417336364,-0.1846602028800574,0.8431872246476403
140.0,3,bench_3_front,-0.6660902649321415,10.021197265185506,-0.8414204057705461,-0.04752778299372133,0.8427616444780629
140.0,4,bench_4_front,0.9834125573259541,9.980570550034775,-0.8374095720781817,0.09094421302123741,0.8423334501788562
140.0,5,bench_5_front,2.6039234513703193,9.670020118590458,-0.8107201760109426,0.22700994139018987,0.8419030331820828
140.0,6,bench_6_front,4.151440318046539,9.097585772100768,-0.7620024584096706,0.35696620197174117,0.8414705080824353
140.0,7,bench_7_front,5.583761140925368,8.278463053825956,-0.6925103294254846,0.4772523846680368,0.8410353114063173
140.0,8,bench_8_front,6.861634823917316,7.2346472366934895,-0.6040741674280055,0.5845505478336267,0.8405979673580177
140.0,9,bench_9_front,7.9498669858081055,5.994379122910929,-0.49905383831094896,0.6758779763639192,0.840158183002866
140.0,10,bench_10_front,8.818314588689828,4.591416621680826,-0.38027981132630334,0.7486719363347731,0.8397156680434321
140.0,11,bench_11_front,9.442754439550056,3.0641442624119306,-0.25098009344801475,0.8008649746043002,0.8392709424584653
140.0,12,bench_12_front,9.805596726782829,1.4545362458966105,-0.11469304075146836,0.8309456844949823,0.8388237146013772
140.0,13,bench_13_front,9.896412508995125,-0.19295865662826464,0.024826349030470273,0.8380062987394024,0.838373964489055
140.0,14,bench_14_front,9.712281058427788,-1.8326535704364897,0.16370992969513593,0.8217732882307022,0.837921403432498
140.0,15,bench_15_front,9.257925162135356,-3.41886700740985,0.29808262621633097,0.7826218515171197,0.8374665453163544
140.0,16,bench_16_front,8.545639345600254,-4.907207433494762,0.42417126377320324,0.7215697979316452,0.8370091004870088
140.0,17,bench_17_front,7.59500011952916,-6.255830560880482,0.5384116031048408,0.6402556127737314,0.8365490446149532
140.0,18,bench_18_front,6.4323631348669,-7.4266379820625295,0.637548640507151,0.5408993721458841,0.8360863590564841
140.0,19,bench_19_front,5.09018403600494,-8.386362562737023,0.7187341840274969,0.4262436643508469,0.8356210197744605
140.0,20,bench_20_front,3.606139490755626,-9.10755791307678,0.7796095207926544,0.299482113347154,0.8351530046197702
140.0,21,bench_21_front,2.0220999555047987,-9.569418338015176,0.8183777479712034,0.16417181402559092,0.8346822885954103
140.0,22,bench_22_front,0.3829607326125166,-9.758421892717253,0.8338598345212478,0.024137534282107076,0.8342091129860801
140.0,23,bench_23_front,-1.2646005477734727,-9.668766342430473,0.8255338879567434,-0.11663787888004384,0.8337329278339753
140.0,24,bench_24_front,-2.8734617699800613,-9.302594954782277,0.7935575577372316,-0.25412317485167396,0.8332539741510833
140.0,25,bench_25_front,-4.397377368847115,-8.670001511026358,0.7387688062871417,-0.3843569056463228,0.8327722257982338
140.0,26,bench_26_front,-5.792354243082479,-7.788792195066918,0.6626688769577745,-0.5035600340726467,0.8322876596488279
140.0,27,bench_27_front,-7.01791918225112,-6.684030032260673,0.5673850524467865,-0.6082485422131536,0.8318005090431654
140.0,28,bench_28_front,-8.03830575924619,-5.387381872555262,0.4556146114442745,-0.6953359105687692,0.8313102325173296
140.0,29,bench_29_front,-8.823562300447923,-3.9362144798132324,0.3305525237121304,-0.7622283268997219,0.8308170636552957
140.0,30,bench_30_front,-9.350434271138939,-2.3725951994084697,0.1958023852561257,-0.8069044401984524,0.8303212328273716
140.0,31,bench_31_front,-9.603123066503635,-0.7420564749077138,0.05527478841753512,-0.8279794720084505,0.8298224558916176
140.0,32,bench_32_front,-9.573793435530511,0.907684006515414,-0.08692356759021772,-0.8247527690658683,0.829320707979988
140.0,33,bench_33_front,-9.262872415078878,2.528121031372255,-0.22661003972008859,-0.797234826059594,0.8288157080945143
140.0,34,bench_34_front,-8.67909635592629,4.071397373046253,-0.35964835992207767,-0.7461548764818646,0.8283079394116097
140.0,35,bench_35_front,-7.8393218632374575,5.491703816527367,-0.48207211258807925,-0.6729446854757386,0.8277971197371821
140.0,36,bench_36_front,-6.7680820749539015,6.746675409193019,-0.5902045087128512,-0.5797035134277706,0.8272832196929172
140.0,37,bench_37_front,-5.496926137206821,7.798663445384595,-0.6807698579844894,-0.4691425907987906,0.8267662124455881
140.0,38,bench_38_front,-4.063530199246931,8.615907057223192,-0.7509963611206347,-0.34450984868377027,0.8262460712502959
140.0,39,bench_39_front,-2.5106147816800086,9.173534155174512,-0.7987044946509452,-0.20949754489594183,0.8257227689079724
140.0,40,bench_40_front,-0.8846887170478119,9.454365299100795,-0.8223786156228924,-0.06813445441303505,0.8251962744171758
140.0,41,bench_41_front,0.7653028727559781,9.449486222592503,-0.8212187401675989,0.07533071107388398,0.8246665600309954
140.0,42,bench_42_front,2.389461159680037,9.158587923832075,-0.795172269315511,0.21655771355462003,0.8241335942602901
140.0,43,bench_43_front,3.9384196945955994,8.590045724153054,-0.7449431096801682,0.3512440125781571,0.8235973488495235
140.0,44,bench_44_front,5.364865256634514,7.760736650064358,-0.6719779867842288,0.4752575293638509,0.8230577950178328
140.0,45,bench_45_front,6.625008689685338,6.695584219564159,-0.578428902708424,0.5847655643589114,0.8225149000160833
140.0,46,bench_46_front,7.679937222911599,5.426870833381022,-0.4670951437789938,0.6763538738037409,0.8219686344084217
140.0,47,bench_47_front,8.496863426778507,3.9933005091941682,-0.34134290295973496,0.7471375654391094,0.8214192103251898
140.0,48,bench_48_front,9.050188876050997,2.4388505248772048,-0.20500717440038674,0.7948544684302183,0.820866351813202
140.0,49,bench_49_front,9.322351293131922,0.8114479640748153,-0.06227742011162076,0.8179425790566579,0.8203100265689895
140.0,50,bench_50_front,9.304431168142047,-0.8384579667012201,0.08242914448644208,0.8155953833564581,0.8197502017158242
140.0,51,bench_51_front,8.996510576781933,-2.459474949190545,0.2246029787223848,0.7877947625244879,0.8191868443230654
140.0,52,bench_52_front,8.407743411317975,-4.000854688537143,0.359782556228664,0.7353194505234992,0.818619680978055
140.0,53,bench_53_front,7.5561379640214,-5.4141049810741935,0.48369510925552356,0.6597298453592934,0.8180491596325431
140.0,54,bench_54_front,6.468071846154008,-6.654514664847991,0.5923936013148821,0.5633247847004865,0.817474765321025
140.0,55,bench_55_front,5.177526664781369,-7.682610315361328,0.6823846019934499,0.4490789118701913,0.8168969421685174
140.0,56,bench_56_front,3.7250658854892063,-8.465455171673415,0.7507439146101937,0.3205533235608581,0.8163154161046758
140.0,57,bench_57_front,2.1566047845119507,-8.977742704356755,0.7952158539028478,0.18178951729147352,0.8157301532342067
140.0,58,bench_58_front,0.5220034636562897,-9.202667022529882,0.8142925746037519,0.03718389287484132,0.8151411159695814
140.0,59,bench_59_front,-1.126506216981298,-9.132541303312646,0.8072699479557777,-0.10864848433802239,0.8145485019453866
140.0,60,bench_60_front,-2.735989748501224,-8.769118774765825,0.7742780548563928,-0.2510199932700946,0.8139518064686124
140.0,61,bench_61_front,-4.254488494512071,-8.123617888470749,0.7162871480079741,-0.3853218657959718,0.8133512271226289
140.0,62,bench_62_front,-5.632721611554321,-7.216442524459909,0.63508375049913,-0.5071743951913794,0.8127467239465088
140.0,63,bench_63_front,-6.8257151912500245,-6.076591293259979,0.5332222403538214,-0.6125704829749214,0.8121382605320827
140.0,64,bench_64_front,-7.794294392246643,-4.740788574472002,0.41394941004397623,-0.6980114681142106,0.8115257997714623
140.0,65,bench_65_front,-8.5064051028637,-3.25237230832585,0.28110470548829,-0.7606273979034616,0.8109093006551652
140.0,66,bench_66_front,-8.938253847687715,-1.659885864814668,0.13900131381038322,-0.7982774076909855,0.8102889514678406
140.0,67,bench_67_front,-9.075136827392098,-0.01557024522978528,-0.007711320871265137,-0.8096277596013813,0.809664482107701
140.0,68,bench_68_front,-8.912019557918605,1.626347257955841,-0.15419713759732698,-0.7942054237147242,0.8090358535325203
140.0,69,bench_69_front,-8.453785044882839,3.211442342606875,-0.29559336388738844,-0.752422760325559,0.8084030226503336
140.0,70,bench_70_front,-7.715160611390069,4.686884349488283,-0.4271706618706753,-0.6855735224002902,0.80776594938099
140.0,71,bench_71_front,-6.720307123085599,6.003232712800369,-0.5444944037890561,-0.5957985784425757,0.8071245887914663
140.0,72,bench_72_front,-5.502103238306682,7.116103727582515,-0.643574951964418,-0.4860241731272164,0.8064788996991784
140.0,73,bench_73_front,-4.101106928609405,7.987723943991928,-0.7210083247031807,-0.3598709631279516,0.8058288369088852
140.0,74,bench_74_front,-2.5642687129099175,8.588252225000465,-0.774096631991131,-0.2215404060876469,0.8051743582538455
140.0,75,bench_75_front,-0.943383748718718,8.89687102526879,-0.8009481977709065,-0.07567721670913749,0.8045154172800575
140.0,76,bench_76_front,0.7066080321155979,8.90256859859485,-0.8005502581594506,0.07278237977406292,0.8038519706045006
140.0,77,bench_77_front,2.3294773015181733,8.604608842976466,-0.7728138543328715,0.21877748931146296,0.8031841901321614
140.0,78,bench_78_front,3.8696340747456537,8.012641419675184,-0.7185859265504577,0.35729416268021164,0.8025115902725227
140.0,79,bench_79_front,5.274000574210281,7.146477499325737,-0.6396324069519144,0.4835380518844764,0.8018345612676807
140.0,80,bench_80_front,6.493916361419662,6.035478634146218,-0.5385857305207974,0.5931030928184858,0.8011528367493149
140.0,81,bench_81_front,7.486812614584866,4.717660235234781,-0.4188638255183779,0.6821286531913926,0.8004663664593243
140.0,82,bench_82_front,8.217792279479612,3.238409733538838,-0.2845607138733506,0.7474392389712552,0.7997751032846921
140.0,83,bench_83_front,8.660881336171178,1.6490204002929862,-0.14030978778409814,0.7866640989332522,0.7990789955307824
140.0,84,bench_84_front,8.800047364428712,0.004898689283303584,0.008871376799106235,0.7983284918569269,0.7983777816528133
140.0,85,bench_85_front,8.629838053117703,-1.6362992233463747,0.157754225886639,0.7819168479483214,0.7976718328301
140.0,86,bench_86_front,8.155682191627074,-3.216698558653743,0.30107985928720493,0.7379007901042856,0.7969608884411656
140.0,87,bench_87_front,7.393793918360028,-4.680259952394407,0.4337475774327153,0.6677342059701166,0.796244893705003
140.0,88,bench_88_front,6.370697799857523,-5.974776076149636,0.5509967735660956,0.5738123923361006,0.7955237935339999
140.0,89,bench_89_front,5.122388487695488,-7.053764413587528,0.6485804498740311,0.45939800102998307,0.7947975360487379
140.0,90,bench_90_front,3.6931208019607333,-7.87819963973784,0.7229247204958231,0.32851346020215183,0.7940662724470514
140.0,91,bench_91_front,2.1339135832925646,-8.417974664127236,0.7712642234849749,0.1858043209407708,0.7933295331122763
140.0,92,bench_92_front,0.5007449280924213,-8.653083244551159,0.7917521095053921,0.03637983549176105,0.7925874685715426
140.0,93,bench_93_front,-1.147377342091212,-8.574428867492342,0.7835374714941263,-0.11436770633091975,0.7918402247213792
140.0,94,bench_94_front,-2.7505817801380505,-8.184272344495554,0.7468071368948376,-0.26095645548343527,0.7910873348597757
140.0,95,bench_95_front,-4.250288054845813,-7.496250539991897,0.6827926320113274,-0.39801304277153166,0.7903291469667616
140.0,96,bench_96_front,-5.5913639614652375,-6.5349884447498825,0.5937351662083495,-0.5204729242980629,0.7895653947076414
140.0,97,bench_97_front,-6.724181087771779,-5.335308453181027,0.4828167938982726,-0.6237684703915458,0.7887960199727276
140.0,98,bench_98_front,-7.606515674724437,-3.9410337915698883,0.35405252879475174,-0.7040055676109,0.7880209593488641
140.0,99,bench_99_front,-8.205173506738436,-2.40346734866915,0.21215244784415638,-0.7581150298123752,0.7872401536721092
140.0,100,bench_100_front,-8.497325840808118,-0.7795376679834785,0.06235259254148873,-0.7839778829407094,0.7864535375575862
140.0,101,bench_101_front,-8.471455810559776,0.8702628463668708,-0.08977391072577379,-0.7805151647329781,0.7856610448693171
140.0,102,bench_102_front,-8.127906360293371,2.484100179514295,-0.23852174187939754,-0.7477412656481028,0.7848628043818924
140.0,103,bench_103_front,-7.47898608668003,4.001134308797452,-0.37826747505801056,-0.6867761909209638,0.7840585559144615
140.0,104,bench_104_front,-6.548620358044154,5.363820576571905,-0.5036842322131991,-0.5998166258748977,0.7832482304200545
140.0,105,bench_105_front,-5.371560647722596,6.520124580769655,-0.6099465971243443,-0.4900659265674846,0.7824317629838492
140.0,106,bench_106_front,-3.9921796636845728,7.425555684364946,-0.6929229380475768,-0.36162211326380456,0.7816090780395695
140.0,107,bench_107_front,-2.462854798180446,8.044961616037224,-0.7493397927867504,-0.21933411147409107,0.7807801082954273
140.0,108,bench_108_front,-0.8420440152174777,8.353963493492424,-0.7769200233806405,-0.06862321775742156,0.7799447857029095
140.0,109,bench_109_front,0.8078958428540041,8.34000781488405,-0.7744829221412951,0.0847215243745861,0.7791030313000155
140.0,110,bench_110_front,2.4231049381529006,8.002978750927772,-0.7420028867497497,0.23475990223403048,0.7782547755342677
140.0,111,bench_111_front,3.940681305382033,7.355325661201813,-0.6806250042352564,0.375633163117872,0.7773999418730236
140.0,112,bench_112_front,5.301143744423549,6.421708164575292,-0.5926349806999586,0.5017928218097627,0.776538638040017
140.0,113,bench_113_front,6.450803235790665,5.238155370451342,-0.481382135744854,0.6082237397413733,0.7756705990298065
140.0,114,bench_114_front,7.343931946884411,3.850775198380489,-0.3511624497881346,0.6906470799540859,0.7747957506274217
140.0,115,bench_115_front,7.944670335729169,2.314020174496811,-0.20705824629762176,0.745700864740422,0.7739140113956199
140.0,116,bench_116_front,8.228544521356495,0.6886211034388298,-0.05474654907683487,0.7710842557881463,0.7730252998189527
140.0,117,bench_117_front,8.18356576620943,-0.9607613177459355,0.09972059804076575,0.7656629919663004,0.7721295324881667
140.0,118,bench_118_front,7.8108434514400225,-2.5681121140322327,0.25015314543787504,0.7295299312910626,0.7712266312971857
140.0,119,bench_119_front,7.124681411996029,-4.068667235497189,0.3904736241257224,0.664016669958062,0.7703166810605037
140.0,120,bench_120_front,6.15213227882539,-5.401579993798664,0.5149622685022524,0.5716546716049038,0.7693992471719064
140.0,121,bench_121_front,4.932053790829837,-6.5123959726983935,0.618494739696002,0.456089014511992,0.7684744186959936
140.0,122,bench_122_front,3.5136394751954536,-7.355368748835547,0.6967599121110872,0.321942177174212,0.7675422728219741
140.0,123,bench_123_front,1.9545190352241335,-7.895417693218289,0.7464453738455221,0.17463900015366599,0.7666025544635586
140.0,124,bench_124_front,0.3184948542271993,-8.109684261828065,0.7653889090240431,0.020190368849071882,0.765655165888193
140.0,125,bench_125_front,-1.327055693883698,-7.988616336610379,0.7526811295194202,-0.13504528319844308,0.7647000138935385
140.0,126,bench_126_front,-2.9139081925493673,-7.536501435587032,0.7087203754165685,-0.28462237103442367,0.7637371698587537
140.0,127,bench_127_front,-4.375820804809875,-6.771451321713548,0.6352124092595238,-0.4222765478945524,0.7627662078114296
140.0,128,bench_128_front,-5.651358485478347,-5.724783896635897,0.5351168262599175,-0.5421899652379022,0.7617873562557759
140.0,129,bench_129_front,-6.686491216570255,-4.439873860672383,0.4125378298184887,-0.6392413240390096,0.7608001915026668
140.0,130,bench_130_front,-7.436990555978669,-2.9704299515634234,0.27256639628852775,-0.7092327522084061,0.7598049336446987
140.0,131,bench_131_front,-7.870389133061389,-1.3783664088553396,0.12107685308006196,-0.7490793292925321,0.7588013217734406
140.0,132,bench_132_front,-7.967516440311537,0.2687674016009017,-0.035515101550181095,-0.7569565500848944,0.7577892458688926
140.0,133,bench_133_front,-7.723459944262415,1.9006189462415388,-0.1905175172285106,-0.7323945640682836,0.7567686052207022
140.0,134,bench_134_front,-7.147941650814268,3.4469909060457664,-0.3372498545773334,-0.6763169675423232,0.755739442531668
140.0,135,bench_135_front,-6.265060895177671,4.840914715628842,-0.4693307709333375,-0.5910185828386529,0.7547014892031754
140.0,136,bench_136_front,-5.1124197711310035,6.021563878850691,-0.5809587268326816,-0.4800856951463023,0.753654640380565
140.0,137,bench_137_front,-3.739648607739245,6.936981963777729,-0.6671758920321207,-0.348254572824899,0.7525987765086447
140.0,138,bench_138_front,-2.2063473064010757,7.546478795171151,-0.7240947623645283,-0.20122077709673108,0.7515337823538972
140.0,139,bench_139_front,-0.5796035097490311,7.8225307998495275,-0.7490849736273628,-0.04540073012433673,0.7504595418875888
140.0,140,bench_140_front,1.0688951507045676,7.752161426111779,-0.7409070887102542,0.11234313123428259,0.7493759358537128
140.0,141,bench_141_front,2.665987928094049,7.337687995602328,-0.6997866950939347,0.2650015014644197,0.7482828438557765
140.0,142,bench_142_front,4.140298328290255,6.596794375289304,-0.6274242968842568,0.40573036054725603,0.7471802819872259
140.0,143,bench_143_front,5.425427237171031,5.561934357946681,-0.5269387894396863,0.5281599573508128,0.7460679783806395
140.0,144,bench_144_front,6.463042159467043,4.279026280222402,-0.40274772009517934,0.6266885491960756,0.7449458126168286
140.0,145,bench_145_front,7.205585334322167,2.8055521229805103,-0.26038208119935097,0.6967496794098443,0.7438137831254718
140.0,146,bench_146_front,7.618578066107297,1.2080776977922532,-0.10625254620177235,0.7350316553983802,0.7426716219245508
140.0,147,bench_147_front,7.682354718598961,-0.4406891626919081,0.05263436306460199,0.7396487898975238,0.7415191896182375
140.0,148,bench_148_front,7.3931422017724895,-2.065145061405439,0.2089885253516497,0.7102473674257807,0.7403563511336342
140.0,149,bench_149_front,6.763433745935147,-3.5902551724560836,0.35557051949173907,0.6480440313832451,0.7391829685152882
140.0,150,bench_150_front,5.821603218007947,-4.945047352760709,0.4855293330080973,0.5557911770702485,0.7379990282652276
140.0,151,bench_151_front,4.610786376373577,-6.065953564370323,0.5927273869964337,0.43766968133521217,0.7368042516541868
140.0,152,bench_152_front,3.1870432371320883,-6.899890095781811,0.6720388204568855,0.2991133189916926,0.7355983644620943
140.0,153,bench_153_front,1.6168680152267825,-7.406891852229355,0.7196062684789915,0.146570691075436,0.7343814738380791
140.0,154,bench_154_front,-0.02580772861786192,-7.562157228119074,0.7330417516984451,-0.01278823448669022,0.7331532913889233
140.0,155,bench_155_front,-1.6630567783920926,-7.357425210423754,0.7115615037797578,-0.17139967850916973,0.7319136721324155
140.0,156,bench_156_front,-3.2166091407797324,-6.80157793423233,0.6560470726033426,-0.3216675762964324,0.7306625699403498
140.0,157,bench_157_front,-4.611628439042416,-5.9204298558448105,0.5690262872771819,-0.4563255486291274,0.72939969971486
140.0,158,bench_158_front,-5.780349623644601,-4.755705210828584,0.45457583129232015,-0.5687940621375083,0.7281249010423909
140.0,159,bench_159_front,-6.665475854622333,-3.363208229848111,0.3181444123396771,-0.6535117568612815,0.7268380035873724
140.0,160,bench_160_front,-7.2230995072172615,-1.810284962064071,0.16630705716984034,-0.7062214458992999,0.7255389499624333
140.0,161,bench_161_front,-7.425027659667407,-0.1726836138833888,0.006458119005915164,-0.7241986557130577,0.7242274506242459
140.0,162,bench_162_front,-7.260387062603916,1.4690781480158268,-0.15354242517010033,-0.7064091889888602,0.7229033259122655
140.0,163,bench_163_front,-6.7363830006987335,3.0336622413444054,-0.30575131586827176,-0.6535856520935327,0.7215664015028056
140.0,164,bench_164_front,-5.878182501905126,4.442913664458755,-0.44254018415216156,-0.5682166182931516,0.720216592348395
140.0,165,bench_165_front,-4.727888464348797,5.625844601213913,-0.5569806106468747,-0.4544481286273431,0.718853602793684
140.0,166,bench_166_front,-3.3426486941704425,6.522292424495902,-0.6432057645838206,-0.3178992543986211,0.7174772411310735
140.0,167,bench_167_front,-1.791973029689128,7.086111155180704,-0.6967237251121139,-0.16539981826722466,0.7160873194079974
140.0,168,bench_168_front,-0.15433507178166953,7.287719466872988,-0.7146684531824962,-0.004657415768886753,0.7146836289547327
140.0,169,bench_169_front,1.4866844894276432,7.115825784188043,-0.6959702214623231,0.15612111120921995,0.7132659746038057
140.0,170,bench_170_front,3.0466576911798358,6.578268344533298,-0.6414389017945401,0.3086488617972053,0.7118342395699269
140.0,171,bench_171_front,4.444662741038398,5.701862527444441,-0.5537505155424463,0.4449849968853141,0.7103881199151264
140.0,172,bench_172_front,5.6075192244693515,4.531281733416867,-0.4373358334643231,0.55795658500345,0.7089274871103859
140.0,173,bench_173_front,6.473754227923099,3.1269490885167217,-0.2981753123803679,0.6415447988194332,0.7074519388660949
140.0,174,bench_174_front,6.996974107561732,1.562105528370635,-0.14350777121542593,0.6912214295602404,0.7059614331410189
140.0,175,bench_175_front,7.148551205371059,-0.08091891290842514,0.018535095204270213,0.7042117644317338,0.7044556472328738
140.0,176,bench_176_front,6.919382900035265,-1.714928780347549,0.1793473307689791,0.67966994692837,0.7029343509969981
140.0,177,bench_177_front,6.32066315572942,-3.2524702513872055,0.3303038215200182,0.6187548556205602,0.7013973095648061
140.0,178,bench_178_front,5.383563617218345,-4.610541069130363,0.4632259046788684,0.5245987877599247,0.699844359043308
140.0,179,bench_179_front,4.157840456840904,-5.715129558896851,0.5708317950438293,0.40216821294972116,0.698275167638183
140.0,180,bench_180_front,2.709394123463326,-6.505383972348934,0.647148340453836,0.2580220251578758,0.6966895578510743
140.0,181,bench_181_front,1.1168830070824953,-6.937139139803022,0.6878596713929017,0.09997638215900057,0.6950871920258301
140.0,182,bench_182_front,-0.5324035455191167,-6.985582317001266,0.6905721787845012,-0.06330618096995713,0.6934678122740622
140.0,183,bench_183_front,-2.1472720964525114,-6.646918024211466,0.6549784040932117,-0.2227860534164013,0.6918311466140753
140.0,184,bench_184_front,-3.6376390911852763,-5.93888515603658,0.5829075751210141,-0.36954436313979616,0.6901769899539235
140.0,185,bench_185_front,-4.919589073540338,-4.900091189666459,0.4782565170139357,-0.4952876108166276,0.6885049843644881
140.0,186,bench_186_front,-5.920223294435675,-3.5881299490112224,0.34680428734595975,-0.5928249557786984,0.6868148527190969
140.0,187,bench_187_front,-6.581930984835836,-2.0766249738455134,0.1959120018736058,-0.6564976831435047,0.6851063570358351
140.0,188,bench_188_front,-6.865932032094031,-0.4512500542077468,0.03412887436751254,-0.6825263860654636,0.6833791390883802
140.0,189,bench_189_front,-6.754781982294792,1.1950013138768376,-0.12928192675537714,-0.669260476500025,0.6816328938590208
140.0,190,bench_190_front,-6.2537076438666785,2.7670748365252393,-0.2848683961521058,-0.6173083701948074,0.6798673598863549
140.0,191,bench_191_front,-5.390647334068967,4.173359930882795,-0.4235365350758111,-0.5295396405153221,0.678082168635277
140.0,192,bench_192_front,-4.214984607373842,5.331075205284363,-0.5370920973669158,-0.4109533347767032,0.6762769879406556
140.0,193,bench_193_front,-2.7949548505652477,6.171314885515369,-0.618737482184333,-0.2684191955298769,0.6744515819454455
140.0,194,bench_194_front,-1.2139069447669346,6.64332495772419,-0.6634998578665687,-0.11029981487510968,0.6726054642585357
140.0,195,bench_195_front,0.4344125690170325,6.717816188014386,-0.668559238162049,0.05402338405350189,0.6707383848837126
140.0,196,bench_196_front,2.0513269651632435,6.389073093637731,-0.6334541979433783,0.21469981963964732,0.6688499334270624
140.0,197,bench_197_front,3.5391287200097694,5.675666331577941,-0.5601496003983704,0.3619960009093809,0.6669397870129196
140.0,198,bench_198_front,4.806993644345954,4.61972416656479,-0.45295825971931036,0.4868920200554056,0.6650075369810328
140.0,199,bench_199_front,5.776675894357333,3.28473279906891,-0.3183156253787768,0.5816478479817342,0.6630528307925879
140.0,200,bench_200_front,6.387524762675181,1.7519675186698,-0.164419204905498,0.640302149961348,0.661075274221386
140.0,201,bench_201_front,6.600519938606252,0.11577768203306275,-0.0007485814896757454,0.659074008113245,0.6590744332355067
140.0,202,bench_202_front,6.401079383805369,-1.5221204799831347,0.1625050396085249,0.636637015719247,0.6570499050164127
140.0,203,bench_203_front,5.800368519852869,-3.0588866122053084,0.3150689570819683,0.5742457932334448,0.6550012814972406
140.0,204,bench_204_front,4.835035995491532,-4.397030678537976,0.44724082133264587,0.4757003396902221,0.6529281472319082
140.0,205,bench_205_front,3.565304815322422,-5.450728205095077,0.5505159020652869,0.34714837088688405,0.6508300468142003
140.0,206,bench_206_front,2.07151483161168,-6.15150728103516,0.6181561976956587,0.1967310544622048,0.648706553488837
140.0,207,bench_207_front,0.4492862194080908,-6.452962980976403,0.6456578952868908,0.03408935780051484,0.6465571916401125
140.0,208,bench_208_front,-1.1964285904764074,-6.334154791544932,0.6310834183749838,-0.13023525667295588,0.6443814887382516
140.0,209,bench_209_front,-2.7580594579815223,-5.801416155653723,0.5752350277808821,-0.28547941317881403,0.6421789723550532
140.0,210,bench_210_front,-4.132438771514782,-4.888417915802472,0.4816494491637954,-0.42136528150301966,0.6399491326159498
140.0,211,bench_211_front,-5.227750756231308,-3.6544019893979045,0.3564120220346294,-0.5287919118373379,0.6376914735790342
140.0,212,bench_212_front,-5.969834748882552,-2.1806999295052294,0.20779433440388778,-0.6004678550132917,0.6354054849579269
140.0,213,bench_213_front,-6.3075182687410605,-0.5656267891533179,0.04573265844144932,-0.6314366599564181,0.6330906187782595
140.0,214,bench_214_front,-6.2164801457760825,1.081863797554322,-0.11881442422748978,-0.6194546722364185,0.6307463502550281
140.0,215,bench_215_front,-5.701403672019799,2.649411164871467,-0.2746020844469494,-0.5651948322993713,0.6283721057148574
140.0,216,bench_216_front,-4.796186062910664,4.028933569809825,-0.4108674689646648,-0.4722531373346248,0.6259673336331744
140.0,217,bench_217_front,-3.5621173927298884,5.124191875334067,-0.5180889552015138,-0.3469514135101832,0.6235314337212763
140.0,218,bench_218_front,-2.0841248108110046,5.857709185613025,-0.5886750912583093,-0.19794412668227956,0.6210637973316342
140.0,219,bench_219_front,-0.46523126753093846,6.176584640894162,-0.6175355827148571,-0.03565147394485578,0.6185638394809535
140.0,220,bench_220_front,1.1804090776515723,6.056696331964912,-0.6024900830622318,0.12845129670765232,0.6160308724521948
140.0,221,bench_221_front,2.735427829862187,5.5049671385727965,-0.544477712121432,0.28263480272478814,0.6134642701154395
140.0,222,bench_222_front,4.08765121356944,4.559454069119703,-0.44754734488868964,0.41575895326325896,0.6108634324752763
140.0,223,tail_rear,5.138300378594082,3.2871966320657964,-0.318620474074523,0.5180943814760355,0.6082275845573839
150.0,0,head_front,-10.137631807640277,-0.9632591966241129,0.07185388593156246,-0.8437815631315166,0.8468354664302457
150.0,1,bench_1_front,-9.980771311035046,1.8924333616590232,-0.1657739477302794,-0.829736625897502,0.8461346642833234
150.0,2,bench_2_front,-9.529001143484042,3.4793768870231516,-0.29786600880630887,-0.7915344864522689,0.8457251340982229
150.0,3,bench_3_front,-8.825930864271957,4.9720916254113705,-0.42213036136483684,-0.7323662426410478,0.8453131699826839
150.0,4,bench_4_front,-7.8898489228623845,6.330865479642297,-0.535243198516673,-0.6537350137234526,0.8448992541873624
150.0,5,bench_5_front,-6.745321465302376,7.519377291317645,-0.6341571385526603,-0.557670105153041,0.8444828136550215
150.0,6,bench_6_front,-5.422572537896802,8.505699609686886,-0.7161853712968607,-0.4466796762916162,0.8440641085081187
150.0,7,bench_7_front,-3.9567143380759067,9.26317715156209,-0.7790771223482811,-0.32368588007760996,0.8436431185804194
150.0,8,bench_8_front,-2.3868634127313877,9.771168982619864,-0.8210813079079584,-0.19195214414797238,0.8432201016572408
150.0,9,bench_9_front,-0.755081594939104,10.015664328776575,-0.8409984658019702,-0.05499629211943313,0.8427947624589
150.0,10,bench_10_front,0.894718371724443,9.989693534306026,-0.8382183268544635,0.08350053168300083,0.8423670828481132
150.0,11,bench_11_front,2.5179277194088363,9.693572904503435,-0.8127413518794633,0.21979313084988936,0.8419367704428012
150.0,12,bench_12_front,4.070487170345774,9.134947527811574,-0.7651848746083749,0.3501731323708494,0.8415040789941822
150.0,13,bench_13_front,5.5100577057555,8.328638066495426,-0.69677136521474,0.4710697509939714,0.8410689898484754
150.0,14,bench_14_front,6.797208007775618,7.296281602860123,-0.6093007102586587,0.5791497125104235,0.8406317535179195
150.0,15,bench_15_front,7.896490869725004,6.065806474026592,-0.5051055324614275,0.6714098060867408,0.8401920772255456
150.0,16,bench_16_front,8.777474813394608,4.670687924199024,-0.3869932043837983,0.7452625204321437,0.8397499417089064
150.0,17,bench_17_front,9.415600548919814,3.1490740506292587,-0.2581721159018747,0.7986116642618496,0.8393053268771337
150.0,18,bench_18_front,9.792895773715028,1.542791197768842,-0.1221660096403667,0.8299147923303399,0.8388582099736293
150.0,19,bench_19_front,9.898537432497626,-0.10382291621930897,0.01727912645587395,0.8382304957756815,0.8384085711986865
150.0,20,bench_20_front,9.72919471845301,-1.745108045224773,0.15629825433848735,0.8232507315656938,0.8379563898752181
150.0,21,bench_21_front,9.289177582407772,-3.3353589423480603,0.2910137451062736,0.7853152272624168,0.8375016453780855
150.0,22,bench_22_front,8.590381253452431,-4.830072193713266,0.4176444816142252,0.7254076587942331,0.8370443145139601
150.0,23,bench_23_front,7.6519907632557,-6.187252240309494,0.5326115138800259,0.6451343994441932,0.8365843759381315
150.0,24,bench_24_front,6.500022387835934,-7.368552573670339,0.6326418475271511,0.5466845218173142,0.8361218055027584
150.0,25,bench_25_front,5.166616482363067,-8.340427792563105,0.7148619280191494,0.43277517364608276,0.8356565844027393
150.0,26,bench_26_front,3.6891938539325966,-9.07509300404909,0.7768851150680351,0.30657733608570914,0.8351886882709104
150.0,27,bench_27_front,2.1094276375995746,-9.551365441033761,0.8168825578866625,0.17163094196930245,0.8347180923046574
150.0,28,bench_28_front,0.47207895099765096,-9.755316964719588,0.8336404058126454,0.03174935748454146,0.8342447769714554
150.0,29,bench_29_front,-1.1762351220719838,-9.680719940743668,0.8266014517388685,-0.10909054283549709,0.8337689767273355
150.0,30,bench_30_front,-2.788372295834405,-9.329289755626277,0.7958855793966632,-0.24685747272682032,0.8332901459471574
150.0,31,bench_31_front,-4.318024011507462,-8.710690803573124,0.7422949978527373,-0.37758258054278004,0.832808782954731
150.0,32,bench_32_front,-5.721033063039066,-7.842323872472683,0.6672951555294891,-0.4974746072143793,0.8323243414776634
150.0,33,bench_33_front,-6.956704581214239,-6.748875446328706,0.5729813686330586,-0.6030300534964856,0.831837059898504
150.0,34,bench_34_front,-7.988988481382978,-5.461677131569872,0.4620217024063142,-0.6911393732410448,0.8313469111859699
150.0,35,bench_35_front,-8.787591229971005,-4.017821450156523,0.33758652130586125,-0.7591794887939678,0.8308538713714121
150.0,36,bench_36_front,-9.328885125077312,-2.4591347959279535,0.20325989989705864,-0.8050963327534039,0.8303581708631174
150.0,37,bench_37_front,-9.596648767950596,-0.8310025939527602,0.06293867785756783,-0.8274693679495521,0.8298595255013284
150.0,38,bench_38_front,-9.582607199318218,0.8189399113937885,-0.07927794421235616,-0.8255601438739752,0.829357910429361
150.0,39,bench_39_front,-9.286738035619555,2.4421937212634486,-0.21920791764937492,-0.7993407798755132,0.8288533003687497
150.0,40,bench_40_front,-8.71733176745936,3.990830621060985,-0.35271001220231823,-0.7495012944089933,0.8283456663908588
150.0,41,bench_41_front,-7.890815755638076,5.418894420536592,-0.47580509712661556,-0.6774365418024958,0.8278349827236058
150.0,42,bench_42_front,-6.831323643945595,6.683800801338643,-0.5847977735473961,-0.5852110432339908,0.8273212200040607
150.0,43,bench_43_front,-5.570048455890578,7.747613873654416,-0.6763878157431543,-0.4755049518243334,0.8268043520055134
150.0,44,bench_44_front,-4.1443622757870875,8.57822860593367,-0.7477738802184442,-0.35153954890450617,0.82628435201263
150.0,45,bench_45_front,-2.5967339607828146,9.150382497082713,-0.7967427994275971,-0.21698491572114245,0.8257611895035002
150.0,46,bench_46_front,-0.9735118894297747,9.44645876120497,-0.821741125270151,-0.0758555173840714,0.8252348371693109
150.0,47,bench_47_front,0.6764527751271382,9.457087354839697,-0.821929357091453,0.06760850336579796,0.8247052672174056
150.0,48,bench_48_front,2.303270689289532,9.181493018959044,-0.7972143602076296,0.20906814820695513,0.8241724496220105
150.0,49,bench_49_front,3.857513625163912,8.627585872128046,-0.7482595204894085,0.3442164118580414,0.8236365995968515
150.0,50,bench_50_front,5.291725092475367,7.811790649705985,-0.6764718021352444,0.46890862268250977,0.8230974398636614
150.0,51,bench_51_front,6.561884897529751,6.758614593580813,-0.58396670724092,0.5792922525811374,0.8225549398467744
150.0,52,bench_52_front,7.628790890226988,5.4999571736155195,-0.47351006181144595,0.6719276209436696,0.8220088238113379
150.0,53,bench_53_front,8.459289181052746,4.074209204136624,-0.3484403375338543,0.7438985992346936,0.8214595515081954
150.0,54,bench_54_front,9.02737420854195,2.5250823625219625,-0.21256978749532096,0.7929073936252125,0.8209068457634724
150.0,55,bench_55_front,9.315023795566756,0.9003495498793872,-0.07007185061444698,0.8173522905653086,0.8203504319136365
150.0,56,bench_56_front,9.312845639036329,-0.7496492601028085,0.07464489509440138,0.8163851042614615,0.8197905213062978
150.0,57,bench_57_front,9.020432386089544,-2.3735284239792276,0.21707236730844065,0.7899449295374875,0.819227321535895
150.0,58,bench_58_front,8.44644892083156,-3.9204727359448546,0.3527427908517542,0.7387676436775736,0.818660557155894
150.0,59,bench_59_front,7.608439265487624,-5.341818539573204,0.47736931488203077,0.6643719636583454,0.8180901960579806
150.0,60,bench_60_front,6.532340868865663,-6.592621767142011,0.5869842241834974,0.5690186823769718,0.817516201878793
150.0,61,bench_61_front,5.251746956903327,-7.633089636412786,0.6780661038651401,0.45564782421174066,0.816938541702951
150.0,62,bench_62_front,3.8068927924159572,-8.429901129941289,0.7476573165811009,0.32779198524204506,0.8163571820142049
150.0,63,bench_63_front,2.2434490911041736,-8.957307793359401,0.793464264660851,0.18946914374679416,0.8157720856501087
150.0,64,bench_64_front,0.6111025518587724,-9.198029175079812,0.8139369043505941,0.045059841115548546,0.8151832147101574
150.0,65,bench_65_front,-1.0380104651195252,-9.143876645642498,0.8083263994641314,-0.100827462324162,0.8145905383868492
150.0,66,bench_66_front,-2.650939884133228,-8.796091269930448,0.776717886589622,-0.2435068376294906,0.813994014302663
150.0,67,bench_67_front,-4.175639722497026,-8.165383841596393,0.7200367118127533,-0.37836050938568844,0.8133938415188054
150.0,68,bench_68_front,-5.562641495316912,-7.271673510069075,0.6400260892447829,-0.5009924149873969,0.8127895144432382
150.0,69,bench_69_front,-6.766698598982952,-6.143513664492419,0.5392012408696073,-0.6073720009901756,0.8121814610923682
150.0,70,bench_70_front,-7.748281128536628,-4.817246393795556,0.42077299130252416,-0.6939701873212294,0.8115691782592143
150.0,71,bench_71_front,-8.474931137165758,-3.3358682050264266,0.2885525215196341,-0.7578801717514921,0.8109530889079899
150.0,72,bench_72_front,-8.922375508500224,-1.7476955531161742,0.14683075679717114,-0.7969191765316476,0.8103329223630923
150.0,73,bench_73_front,-9.075405697751481,-0.10480431686010641,0.00024252418542980436,-0.8097086005085339,0.8097086368289947
150.0,74,bench_74_front,-8.928454838914204,1.5386402119607305,-0.14638207074597476,-0.7957279992560805,0.8090801934517767
150.0,75,bench_75_front,-8.485868619132374,3.1281781337309202,-0.2881775088901448,-0.7553417526701043,0.8084475492923919
150.0,76,bench_76_front,-7.761849735960037,4.610845635852532,-0.420402975919985,-0.6897966420239365,0.8078106643947444
150.0,77,bench_77_front,-6.780071676834912,5.9369672939077915,-0.538603422476664,-0.6011893104664198,0.8071692720381922
150.0,78,bench_78_front,-5.572955606132756,7.061859491036944,-0.6387622574934879,-0.49240570727118155,0.8065237765567792
150.0,79,bench_79_front,-4.180688742251169,7.947343966573066,-0.7174398076977297,-0.3670325414262103,0.8058739132985621
150.0,80,bench_80_front,-2.649906245939343,8.563128574853508,-0.771898312562918,-0.2292422523338849,0.8052198551902411
150.0,81,bench_81_front,-1.032183070237277,8.887885568941217,-0.8001997139497709,-0.08366007551651251,0.8045611166597125
150.0,82,bench_82_front,0.6176644819123779,8.910058302963229,-0.8012829643323081,0.06479006857857039,0.8038980917476958
150.0,83,bench_83_front,2.243436561796146,8.628347206654881,-0.7750079014297148,0.2110489592798741,0.8032302972943739
150.0,84,bench_84_front,3.789450074506678,8.051843489010876,-0.7221720534368193,0.35009579576076433,0.802558123112909
150.0,85,bench_85_front,5.202448910835786,7.199817471596855,-0.6444920974633289,0.4771200690844354,0.8018813029468996
150.0,86,bench_86_front,6.433473741157319,6.101146783006472,-0.5445554821657248,0.5876904651191808,0.8011995731081889
150.0,87,bench_87_front,7.4396002695145,4.793396798677249,-0.42574083037596716,0.6779129537615921,0.8005131026579044
150.0,88,bench_88_front,8.185475083567113,3.3216003784870414,-0.2921088476916493,0.7445721882009486,0.7998220566739155
150.0,89,bench_89_front,8.64461675127538,1.7367664591047602,-0.14826790385304262,0.7852510834671189,0.7991261698876213
150.0,90,bench_90_front,8.800432839882088,0.09414451201286496,0.0007813025035017906,0.798425007769713,0.7984253900432202
150.0,91,bench_91_front,8.64689191086193,-1.5486974941937277,0.14981601209841983,0.7835252597217377,0.7977196688706443
150.0,92,bench_92_front,8.188831111573602,-3.133842594861879,0.2935758375150074,0.7409701944566339,0.7970091602019013
150.0,93,bench_93_front,7.441894264004683,-4.60509005732212,0.42694568941365674,0.6721611018975262,0.7962933935510198
150.0,94,bench_94_front,6.432062939262642,-5.909985470577979,0.5451417973159467,0.5794446182184663,0.7955725264004564
150.0,95,bench_95_front,5.194855057378621,-7.001682644537627,0.6438858594980037,0.4660385852446243,0.7948465027905036
150.0,96,bench_96_front,3.774108858313194,-7.840720355653069,0.7195637658038294,0.33592763148570837,0.7941154743822754
150.0,97,bench_97_front,2.220519709320834,-8.396475361114033,0.7693633809656504,0.1937279228500123,0.7933791779865897
150.0,98,bench_98_front,0.5898562202798425,-8.648369013896772,0.7913858586096423,0.04452771049959359,0.7926375553868593
150.0,99,bench_99_front,-1.0589913317330164,-8.586702746738107,0.7847247760631886,-0.10629051204631128,0.7918905524872036
150.0,100,bench_100_front,-2.6661429212616325,-8.213118573096128,0.749510971401601,-0.25324456899153736,0.791138109292607
150.0,101,bench_101_front,-4.1728916264706575,-7.540644270653855,0.6869194594010122,-0.39095071524864705,0.7903801651466258
150.0,102,bench_102_front,-5.523856144981319,-6.593334405304106,0.5991392489168913,-0.5143215295725597,0.7896166635618539
150.0,103,bench_103_front,-6.669068382045612,-5.40548569120636,0.48930389973662314,-0.6187585470773568,0.7888475428615779
150.0,104,bench_104_front,-7.565861326977271,-4.020471659310778,0.3613868078160504,-0.700327222346058,0.7880727398041503
150.0,105,bench_105_front,-8.180516801428196,-2.489235903631273,0.22006376398978014,-0.7559106645622846,0.7872921903717478
150.0,106,bench_106_front,-8.489620207915388,-0.8684450472496382,0.07054805938193279,-0.7833354322536544,0.7865058347568543
150.0,107,bench_107_front,-8.481022677184447,0.781535729847773,-0.08160013447793293,-0.7814648360700414,0.7857136068319
150.0,108,bench_108_front,-8.154421157863773,2.39888605467747,-0.23067716981112754,-0.7502536889241226,0.7849156352222358
150.0,109,bench_109_front,-7.521478965142297,3.922662994253251,-0.3710497072916867,-0.6907627735922592,0.7841116595626654
150.0,110,bench_110_front,-6.6055133688218595,5.2950745509366675,-0.4973696499475473,-0.6051318394845182,0.7833014182591925
150.0,111,bench_111_front,-5.440720015926218,6.463735418999695,-0.6047795624676272,-0.49651265316372256,0.7824852292089696
150.0,112,bench_112_front,-4.070992418535729,7.3836995166847395,-0.6891054368016876,-0.368958634094714,0.7816628280164547
150.0,113,bench_113_front,-2.5483146949268645,8.019275235801208,-0.7470240268282738,-0.22728190071131094,0.7808341431121438
150.0,114,bench_114_front,-0.9308806603607791,8.345467525994628,-0.7762012562650076,-0.07687793368163878,0.7799991069959852
150.0,115,bench_115_front,0.7191142364899862,8.349067236976932,-0.7753952482118777,0.07647774419156077,0.779157645349251
150.0,116,bench_116_front,2.337828597146479,8.029276819943536,-0.7445175943516528,0.22684753963211826,0.7783098705119431
150.0,117,bench_117_front,3.8622436422851636,7.397869964605342,-0.6846503155719429,0.36836224938723355,0.7774553372293379
150.0,118,bench_118_front,5.232621753054219,6.478869637315891,-0.5980191496937644,0.49545116790214044,0.7765943363018095
150.0,119,bench_119_front,6.394905717862965,5.307724372573566,-0.48791885547237335,0.603064405458756,0.7757264251376212
150.0,120,bench_120_front,7.30289951478132,3.9300238503260587,-0.35859768874475306,0.6868792790423515,0.774851886718242
150.0,121,bench_121_front,7.920159339747109,2.3998280424783003,-0.21510053425247025,0.7434796808575983,0.7739704617644102
150.0,122,bench_122_front,8.221564578572467,0.7775874789020314,-0.06307784557245069,0.7705044261861421,0.773082068977478
150.0,123,bench_123_front,8.194432661638107,-0.872185101340864,0.09143256091486324,0.7667543742751657,0.7721866248942356
150.0,124,bench_124_front,7.839159108634059,-2.483481923203088,0.24224168645783478,0.7322554562818423,0.7712840513795582
150.0,125,bench_125_front,7.1693378944051895,-3.991410031792073,0.3832598359967733,0.668272695833853,0.7703742583220956
150.0,126,bench_126_front,6.211362294442407,-5.334828867971126,0.5087414809375755,0.577275232107253,0.7694573334701803
150.0,127,bench_127_front,5.0034766464405065,-6.458893080262084,0.6135243391250002,0.46285053534184045,0.7685328442981448
150.0,128,bench_128_front,3.594367275948566,-7.317325918000885,0.6932481416311181,0.3295730219867038,0.7676010439651885
150.0,129,bench_129_front,2.0412573631452253,-7.87443053578816,0.7445426129266529,0.18282893369296435,0.7666616733989995
150.0,130,bench_130_front,0.4076789077280071,-8.106653895356843,0.7651803597103664,0.028603823951403817,0.765714804369831
150.0,131,bench_131_front,-1.2391047067848464,-8.003705958797996,0.7541822017713831,-0.12675597786503073,0.7647600090180261
150.0,132,bench_132_front,-2.830849279583165,-7.569123387862436,0.7118756017524049,-0.27680235088157545,0.7637973643735069
150.0,133,bench_133_front,-4.301133752728246,-6.820280809920287,0.6398970050174355,-0.4152550465621889,0.7628269336655921
150.0,134,bench_134_front,-5.588185890736612,-5.787815151305249,0.5411401315780683,-0.5362650262339924,0.7618482922249505
150.0,135,bench_135_front,-6.637526732596754,-4.514477315151684,0.4196515617755406,-0.6346676620468432,0.7608616658425211
150.0,136,bench_136_front,-7.40433193767036,-3.0534856565553112,0.2804732823216992,-0.7062097941283024,0.7598667879431544
150.0,137,bench_137_front,-7.855465626078547,-1.46635688829404,0.1294437849467424,-0.7477420763422574,0.7588635623048249
150.0,138,bench_138_front,-7.971005067784876,0.17959597716381512,-0.027043822971981844,-0.7573691977833015,0.7578518787413946
150.0,139,bench_139_front,-7.7452507920103075,1.81408323476638,-0.18230580759942616,-0.7345466033302688,0.7568316324972907
150.0,140,bench_140_front,-7.187133979800288,3.3668296436855503,-0.3296526962601199,-0.6801228432711964,0.755802872507682
150.0,141,bench_141_front,-6.319998485053197,4.770606101334694,-0.46267995213577234,-0.5963201590526491,0.7547651755353696
150.0,142,bench_142_front,-5.180754093985789,5.964182703664357,-0.5755484656980628,-0.4866578855432865,0.7537187366178824
150.0,143,bench_143_front,-3.8184168269728693,6.895070924935197,-0.6632474587877881,-0.3558157426810062,0.7526632941283204
150.0,144,bench_144_front,-2.2921247775545344,7.521907658901429,-0.7218271206921397,-0.20944272300673564,0.7515987269728316
150.0,145,bench_145_front,-0.6686245470030188,7.816424390010336,-0.7485853000622372,-0.05392312070034756,0.7505249192500766
150.0,146,bench_146_front,0.9805648051334452,7.764834690926139,-0.74220506052225,0.10389701327146664,0.7494417530612822
150.0,147,bench_147_front,2.5822877202713017,7.368620499310938,-0.7028322159688697,0.25700870687997857,0.7483492494923949
150.0,148,bench_148_front,4.064977720103422,6.6446477840597575,-0.6320882317503858,0.3985508144626259,0.7472471374492858
150.0,149,bench_149_front,5.361895296075955,5.62459551370172,-0.5330184070090371,0.5221199604770157,0.7461352929187655
150.0,150,bench_150_front,6.414190722395153,4.353706400773445,-0.4099731700838712,0.6220669094361557,0.7450135837715103
150.0,151,bench_151_front,7.173668040557286,2.8888911833315523,-0.2684304589970756,0.6937618848640199,0.743882023043613
150.0,152,bench_152_front,7.605093164455114,1.2962881490773281,-0.11475938568027218,0.7338210172349928,0.742740198143007
150.0,153,bench_153_front,7.687962171003535,-0.3516260582305121,0.04405686510570469,0.7402784109342422,0.741588250350738
150.0,154,bench_154_front,7.417629808533017,-1.9793345944872236,0.20073535193095302,0.7126961760216067,0.7404259050240373
150.0,155,bench_155_front,6.805715152913224,-3.511670729849716,0.3480260204663613,0.6522061900520342,0.7392530184340421
150.0,156,bench_156_front,5.879760224198064,-4.877355840312758,0.4790476824718303,0.5614800388848293,0.7380694521166291
150.0,157,bench_157_front,4.682140182814417,-6.012348161257621,0.587616566101708,0.4446252594926111,0.7368750573442113
150.0,158,bench_158_front,3.2682744160669848,-6.862924578041929,0.668544877015588,0.30701407323569796,0.7356696906550942
150.0,159,bench_159_front,1.704167732202014,-7.388351976713651,0.7179011585596904,0.15504714613052065,0.7344533279824966
150.0,160,bench_160_front,0.06343562561998815,-7.562968165032383,0.7332140143794462,-0.004136295334176132,0.7332256813706912
150.0,161,bench_161_front,-1.5761168215693016,-7.377597395363366,0.7136108769426246,-0.1629849134073431,0.731986725077184
150.0,162,bench_162_front,-3.136149418920116,-6.840192023599807,0.659882946195853,-0.3138943732641809,0.7307360537478851
150.0,163,bench_163_front,-4.541533493924671,-5.975676029381551,0.5744714682212176,-0.4495714380194549,0.7294737457120182
150.0,164,bench_164_front,-5.724040624118113,-4.82495150280973,0.4613730812779034,-0.5633909967534222,0.7281995161703154
150.0,165,bench_165_front,-6.625728827312383,-3.4431206458082086,0.325968099758741,-0.6497288598552179,0.7269131952228449
150.0,166,bench_166_front,-7.201900402813784,-1.8969853878172012,0.1747785063738287,-0.7042508136190143,0.7256147288839375
150.0,167,bench_167_front,-7.4234677225530135,-0.26193236222131794,0.01516290151403602,-0.7241449832049222,0.7243037141166552
150.0,168,bench_168_front,-7.278594930752557,1.3816989012580652,-0.14503411543316452,-0.7082834675221239,0.7229801968274401
150.0,169,bench_169_front,-6.773505843800018,2.952491548911618,-0.2978640281932804,-0.6573027609735071,0.7216438864668104
150.0,170,bench_170_front,-5.932415758918503,4.3720224014992,-0.4356707271155476,-0.5735985756675348,0.7202945983923623
150.0,171,bench_171_front,-4.796557053087142,5.568817036593717,-0.5514790448222201,-0.4612314362798677,0.7189322462449559
150.0,172,bench_172_front,-3.42232891815892,6.482043723016132,-0.6393560132934253,-0.3257472471815041,0.7175565349021571
150.0,173,bench_173_front,-1.8786386338653884,7.064735083202824,-0.6947290668001964,-0.17391685082729336,0.7161672620685441
150.0,174,bench_174_front,-0.24359148148749815,7.286354677668471,-0.7146383975951982,-0.01341185052758398,0.7147642387892716
150.0,175,bench_175_front,1.3994175848782786,7.134596276223482,-0.6979147756163473,0.1475785101001757,0.713347356248696
150.0,176,bench_176_front,2.965891135299653,6.616256648595025,-0.6452658518004805,0.30076038050363263,0.711916305460473
150.0,177,bench_177_front,4.3745965497157675,5.757151443485651,-0.5592687988574202,0.438163530442279,0.7104708782104046
150.0,178,bench_178_front,5.551836065360765,4.601035416571527,-0.4442642942505941,0.5525629051993276,0.7090109500905466
150.0,179,bench_179_front,6.43541280008234,3.2075523117729516,-0.3061557773195214,0.6378684210171884,0.7075362057994499
150.0,180,bench_180_front,6.978047044128196,1.6493348223696054,-0.15212312493168725,0.689463639924168,0.7060464261763986
150.0,181,bench_181_front,7.150097107934107,0.00832820159027279,0.009739946499428442,0.7044740497590503,0.7045413780195798
150.0,182,bench_182_front,6.941377811134311,-1.628416711207817,0.1708413885050389,0.6819468545022671,0.7030208335404192
150.0,183,bench_183_front,6.361984421578737,-3.1733461977412722,0.3225454072413373,0.622932707358283,0.7014846381990132
150.0,184,bench_184_front,5.442042316042232,-4.543088109179697,0.4566379837591926,0.5304594203153432,0.6999324573220981
150.0,185,bench_185_front,4.23034974949305,-5.6630479881357365,0.5657771278100928,0.4094002808550714,0.6983640514210689
150.0,186,bench_186_front,2.7920145163569687,-6.471562438593659,0.6439098584355272,0.2662356097740405,0.6967792374218794
150.0,187,bench_187_front,1.20510963151618,-6.923486583825558,0.6866229643603929,0.1087240312436069,0.695177682435875
150.0,188,bench_188_front,-0.44343037752049985,-6.992911522423577,0.6914139816021313,-0.054506543170815935,0.6935591230770052
150.0,189,bench_189_front,-2.062493189352561,-6.674881739165212,0.6578605575134069,-0.21442348140444495,0.6919233646217281
150.0,190,bench_190_front,-3.5618006438213423,-5.985981880095639,0.5876770992458878,-0.3620889093756075,0.6902700567682754
150.0,191,bench_191_front,-4.856982625252211,-4.963728195880811,0.48465283867390774,-0.48916273661632365,0.6885989812137742
150.0,192,bench_192_front,-5.874426907714244,-3.664758713886364,0.3544715136528436,-0.588383306582566,0.686909724386234
150.0,193,bench_193_front,-6.555598520550566,-2.1619304964181354,0.2044189494804966,-0.6539991170278613,0.6852021249090899
150.0,194,bench_194_front,-6.860632659461085,-0.5403674928063876,0.042990381173580214,-0.6821224294664884,0.6834758091218109
150.0,195,bench_195_front,-6.7708845005605625,1.107185598023961,-0.1205754393385429,-0.6709829298662717,0.6817305396882325
150.0,196,bench_196_front,-6.290343232843402,2.6856606461438544,-0.27682225978117153,-0.6210661207344902,0.6799659475551277
150.0,197,bench_197_front,-5.445746785298757,4.103106556291868,-0.4166240686795629,-0.5351213720019258,0.6781817583630044
150.0,198,bench_198_front,-4.285368917003105,5.276144505333703,-0.5317239578435501,-0.41803861549505683,0.676377595274883
150.0,199,bench_199_front,-2.876516490201299,6.13499652890032,-0.6152373841448135,-0.2765951601750373,0.6745531272491496
150.0,200,bench_200_front,-1.301842535915816,6.6278332337977535,-0.6620839083132406,-0.11908411114058781,0.6727080549342928
150.0,201,bench_201_front,0.3453455066846384,6.724145761725009,-0.6693205870075621,0.04515450675734371,0.6708419915841931
150.0,202,bench_202_front,1.9664934413267783,6.416909739683558,-0.6363556732626906,0.2062805854562181,0.6689545745637534
150.0,203,bench_203_front,3.4636711050427853,5.723393463964209,-0.5650236318026158,0.35453909105163406,0.6670454793933746
150.0,204,bench_204_front,4.745542964024161,4.684494720874336,-0.459514820159602,0.48085669124260944,0.665114296537897
150.0,205,bench_205_front,5.733048888483437,3.362622893061009,-0.32615870748053466,0.5774102430180708,0.663160682796832
150.0,206,bench_206_front,6.364466857300432,1.8382202597471515,-0.17306844601223892,0.6381315439871365,0.6611842061305593
150.0,207,bench_207_front,6.599534154007958,0.20505009038335884,-0.009669094295787634,0.6591135859010782,0.6591845041442334
150.0,208,bench_208_front,6.422298080163304,-1.4354036271835569,0.1538712928449451,0.6388930937755999,0.6571611370401724
150.0,209,bench_209_front,5.8425316676477985,-2.9801871439377883,0.30726843785783675,0.578584550418048,0.6551137114166136
150.0,210,bench_210_front,4.895535892475583,-4.3313749768713405,0.4407718845082117,0.4818544505629686,0.6530417794446698
150.0,211,bench_211_front,3.6403401072245822,-5.402350330638475,0.5457977718698026,0.3547309899628206,0.6509449155021059
150.0,212,bench_212_front,2.1563140881452485,-6.123573658226734,0.6154994078103057,0.2052591636289845,0.648822660877768
150.0,213,bench_213_front,0.5383902196669181,-6.44735250893305,0.6452424374078406,0.04301363347205526,0.6466745516072822
150.0,214,bench_214_front,-1.108814679007288,-6.35130827517968,0.6329446779553164,-0.12149671569277976,0.644500129771974
150.0,215,bench_215_front,-2.6776895750461693,-5.840284931893118,0.5792587776051995,-0.27750166114753794,0.6422989205753914
150.0,216,bench_216_front,-4.064653872438668,-4.94650337197052,0.4875772375400774,-0.41467888580096357,0.6400704187012095
150.0,217,bench_217_front,-5.177099171872081,-3.7279086515040283,0.36385530666975185,-0.5238474670750071,0.6378141210044191
150.0,218,bench_218_front,-5.939774359739155,-2.264748446319558,0.21625849235812428,-0.5976035721536623,0.6355295154183057
150.0,219,bench_219_front,-6.300148388003275,-0.6545806700680815,0.05464945993762227,-0.6308534115074161,0.633216069191251
150.0,220,bench_220_front,-6.232382711965075,0.9940256016239657,-0.11005123088918448,-0.6212002610793219,0.630873234323063
150.0,221,bench_221_front,-5.739576660695716,2.56870998238353,-0.2665938796402956,-0.5691577448919846,0.6285004655783429
150.0,222,bench_222_front,-4.854072885008678,3.9609734106235845,-0.4041708896871573,-0.47816688143493735,0.6260971766201487
150.0,223,tail_rear,-3.635774214388582,5.07373606288289,-0.513174945223302,-0.35441043797887095,0.6236627958707447
160.0,0,head_front,-4.907007335404408,-9.020607861700803,0.742057420035767,-0.4130248005660354,0.8492577350326296
160.0,1,bench_1_front,-7.189756094309215,-7.297614212794381,0.5986748729286894,-0.601394492976859,0.8485793655628657
160.0,2,bench_2_front,-8.257300068240646,-6.039502669806436,0.4940466397810136,-0.6894429373641568,0.8481825547370255
160.0,3,bench_3_front,-9.108697492228877,-4.62612758763545,0.376515381118609,-0.7595876220625091,0.8477836916392463
160.0,4,bench_4_front,-9.721451413007507,-3.0941297244342754,0.24910767949071774,-0.8099402987109567,0.8473829851119528
160.0,5,bench_5_front,-10.079219319682888,-1.4833819844703628,0.11512586920988163,-0.839119128094992,0.8469798562517472
160.0,6,bench_6_front,-10.172267107890674,0.163992246268445,-0.021934480352952958,-0.8462903643293196,0.8465745697722125
160.0,7,bench_7_front,-9.997781306040253,1.8047454522737572,-0.15847633161966015,-0.8311946212842221,0.8461673865940744
160.0,8,bench_8_front,-9.559991334241852,3.395604353734042,-0.29089416199239637,-0.7941578733755034,0.8457577320518924
160.0,9,bench_9_front,-8.870102330231298,4.894453280522266,-0.4156703160372349,-0.7360895483246926,0.845345866960586
160.0,10,bench_10_front,-7.946051948399441,6.261427255340842,-0.5294686447400464,-0.6584626969688356,0.8449320499675309
160.0,11,bench_11_front,-6.812072598039212,7.460006879409718,-0.6292241141552379,-0.5632795023322694,0.8445157094939875
160.0,12,bench_12_front,-5.498100765384668,8.457998893313599,-0.7122286886996166,-0.4530234168411799,0.8440971041374522
160.0,13,bench_13_front,-4.039014795299676,9.228436363251163,-0.7762057437462307,-0.3305967356036157,0.8436762164577156
160.0,14,bench_14_front,-2.4737331467453862,9.750340679771979,-0.8193760881899891,-0.19924597191700957,0.8432533019340526
160.0,15,bench_15_front,-0.8441854870931953,10.009329114324968,-0.8405088925092166,-0.06247791619846277,0.8428277928495073
160.0,16,bench_16_front,0.8057752579242882,9.998042975148113,-0.8389616656694784,0.07603282783558565,0.8423999450211173
160.0,17,bench_17_front,2.431557801491665,9.71640272435651,-0.8147019796076875,0.21254219321258896,0.841970011029076
160.0,18,bench_18_front,3.9890429420595663,9.17165786454427,-0.7683132109965155,0.34333664162097277,0.8415374261857547
160.0,19,bench_19_front,5.435766565122419,8.37824735277661,-0.7009862849311009,0.4648354639113451,0.8411027167779106
160.0,20,bench_20_front,6.732104577525373,7.357456718237097,-0.6144899184514762,0.5736900869309511,0.8406653173060871
160.0,21,bench_21_front,7.84237485763027,6.136886207233159,-0.5111302321470506,0.6668771986274742,0.8402257507741152
160.0,22,bench_22_front,8.73585036489702,4.7497312831674074,-0.3936904940643048,0.7417843687377118,0.8397834571008184
160.0,23,bench_23_front,9.387629729827045,3.233921646453391,-0.2653590876395704,0.7962879085961598,0.8393389534445256
160.0,24,bench_24_front,9.779375180562962,1.6310954815640062,-0.12964609917820452,0.8288133653068858,0.8388919510541569
160.0,25,bench_25_front,9.899861191535873,-0.01449803810470281,0.009712779448312503,0.8383861671733499,0.8384424269991541
160.0,26,bench_26_front,9.745348058278223,-1.6572454733527355,0.14885605259255377,0.8246633986354196,0.8379903611870235
160.0,27,bench_27_front,9.319731975482132,-3.2514111928746243,0.28390390050334685,0.7879496682093101,0.8375357331792932
160.0,28,bench_28_front,8.63450235700672,-4.752394722864433,0.4110673513595843,0.7291941305960947,0.8370785192857229
160.0,29,bench_29_front,7.708466734329447,-6.118025336523174,0.5267535932840126,0.6499703831526196,0.8366186986992235
160.0,30,bench_30_front,6.567277316794325,-7.309744653944876,0.6276699590308297,0.5524379579414775,0.8361562502572788
160.0,31,bench_31_front,5.242776890551114,-8.293708085763315,0.7109201540598565,0.43928604790058223,0.8356911494856235
160.0,32,bench_32_front,3.7721096750592715,-9.041808137772172,0.7740886060769746,0.313663698595499,0.8352233748374153
160.0,33,bench_33_front,2.1967549575822947,-9.532480038557457,0.8153148218626965,0.1790937979164347,0.8347531654334311
160.0,34,bench_34_front,0.5613376921999935,-9.751390091774644,0.8333501949276265,0.03937672365436966,0.8342799732413968
160.0,35,bench_35_front,-1.0875914371202327,-9.691885959351989,0.8276011870127622,-0.10151575473187062,0.8338040376513622
160.0,36,bench_36_front,-2.702884077012729,-9.35525124587506,0.7981512442326906,-0.23955312980575377,0.8333253330302184
160.0,37,bench_37_front,-4.2381525800554645,-8.750723913606445,0.7457657123891623,-0.3707597508026338,0.8328440974099209
160.0,38,bench_38_front,-5.649089083494054,-7.895295820256315,0.6718753324313445,-0.49133164185085826,0.8323600450607835
160.0,39,bench_39_front,-6.894773134667507,-6.813281442335753,0.5785417816849286,-0.5977473682107569,0.8318728925491309
160.0,40,bench_40_front,-7.938888961094177,-5.535660589079069,0.46840425007368003,-0.6868733084727909,0.8313828741196467
160.0,41,bench_41_front,-8.750799069776333,-4.099244613457413,0.34460811831383875,-0.7560577888538292,0.8308899658163806
160.0,42,bench_42_front,-9.306494311267885,-2.5456329408477405,0.21071759188790273,-0.8032141388508223,0.8303943980909942
160.0,43,bench_43_front,-9.589336620267487,-0.9200533123336134,0.07061555490580237,-0.8268861029356325,0.8298958873393287
160.0,44,bench_44_front,-9.590612347734371,0.7299456719742352,-0.0716066600044782,-0.8262975078502013,0.8293944087323295
160.0,45,bench_45_front,-9.309847298866604,2.3558859051413097,-0.21176921635816748,-0.8013815079814901,0.8288899337859276
160.0,46,bench_46_front,-8.754885282491422,3.9097604856995942,-0.3457244994577834,-0.7527895008728728,0.8283824371326107
160.0,47,bench_47_front,-7.9417237150505535,5.345470576510127,-0.4694814431268168,-0.6818790550418194,0.827871892955162
160.0,48,bench_48_front,-6.894098328101595,6.620213489016307,-0.5793262580350823,-0.5906795911895872,0.8273580196606719
160.0,49,bench_49_front,-5.642839116656248,7.695776201235644,-0.6719347454556399,-0.4818400259157154,0.8268410444124027
160.0,50,bench_50_front,-4.225004874562841,8.539714486948975,-0.7444764364847506,-0.3585542210734284,0.8263209388189349
160.0,51,bench_51_front,-2.6828235680364676,9.126370102432203,-0.7947041854691542,-0.2244715396471515,0.8257979259563168
160.0,52,bench_52_front,-1.0624578249109426,9.43769773033625,-0.8210275413519753,-0.08358942526837732,0.8252717223285717
160.0,53,bench_53_front,0.5873312133443147,9.46386700361968,-0.8225670921350708,0.059860216972177714,0.8247423031708161
160.0,54,bench_54_front,2.216676096247589,9.203633207656258,-0.7991890106787686,0.20154120415392152,0.8242098833194865
160.0,55,bench_55_front,3.7760896524924292,8.664435495944842,-0.751515224912408,0.3371403613783194,0.8236739382458638
160.0,56,bench_56_front,5.217963787377234,7.862246913555816,-0.6809136354326706,0.4625011704910875,0.8231346861989002
160.0,57,bench_57_front,6.4980521306807635,6.821155886392996,-0.5894630052220651,0.573751797696795,0.8225920981177318
160.0,58,bench_58_front,7.576859280691374,5.572685851021592,-0.47989582533464015,0.6674277906141276,0.8220461415624254
160.0,59,bench_59_front,8.420880080659318,4.154897969854262,-0.35552177130087714,0.7405816908771402,0.8214967868052542
160.0,60,bench_60_front,9.003694735168724,2.6112548727736127,-0.22012992048403154,0.790880439329815,0.8209440000431377
160.0,61,bench_61_front,9.306833582790732,0.9893385957640635,-0.07787781243786582,0.8166829911408715,0.8203877508159835
160.0,62,bench_62_front,9.320424720067699,-0.660602819619008,0.06683542784394239,0.8170993707194076,0.8198282478941152
160.0,63,bench_63_front,9.043570101966996,-2.2872084183240955,0.20950342988479198,0.7920251296614401,0.8192652153904211
160.0,64,bench_64_front,8.484443694765236,-3.8395917521610308,0.34565221399860036,0.7421536093927198,0.8186986215798681
160.0,65,bench_65_front,7.660122886418929,-5.26892155480909,0.4709822917335342,0.668961740888438,0.8181284311763414
160.0,66,bench_66_front,6.596103884104724,-6.53002261740448,0.5815045099131328,0.5746721222186901,0.8175546116955404
160.0,67,bench_67_front,5.325597408862966,-7.5827804329435535,0.6736708168418117,0.46218963274646035,0.8169771270253665
160.0,68,bench_68_front,3.888502226977053,-8.393501041792097,0.7444902331126135,0.3350173577165434,0.8163959438724865
160.0,69,bench_69_front,2.3302397725093065,-8.935997677196639,0.79163090898136,0.19715002629949455,0.8158110252531193
160.0,70,bench_70_front,0.7002992146604137,-9.192519396936305,0.8135007372944166,0.05295289608358973,0.815222337023587
160.0,71,bench_71_front,-0.9492566926929167,-9.154370722229475,0.8093066414526806,-0.0929760039783177,0.8146298406117921
160.0,72,bench_72_front,-2.565488102363259,-8.822279803050435,0.7790881895429985,-0.23594943020696751,0.8140335009693274
160.0,73,bench_73_front,-4.096256444900809,-8.206448066178751,0.72372554249236,-0.37134272650694883,0.8134335138076593
160.0,74,bench_74_front,-5.491910127829413,-7.3263077601211455,0.6449185636336943,-0.4947440115189045,0.81282937364072
160.0,75,bench_75_front,-6.706933926521614,-6.209964028133296,0.5451424305173271,-0.602099252328919,0.8122215087064502
160.0,76,bench_76_front,-7.7014514862841015,-4.893364241883881,0.4275730868223044,-0.6898488789092131,0.8116096477414817
160.0,77,bench_77_front,-8.442591148015108,-3.4191773663519296,0.2959915423086987,-0.755049335837629,0.8109935219637249
160.0,78,bench_78_front,-8.905611075124103,-1.8354727257484478,0.154666192026142,-0.7954770009002748,0.8103735496159553
160.0,79,bench_79_front,-9.074795579744313,-0.1941733291984683,0.008217611992893569,-0.809707535976392,0.8097492346176227
160.0,80,bench_80_front,-8.944049889838697,1.4506335874685197,-0.1385309621436855,-0.7971734976515915,0.8091207652943578
160.0,81,bench_81_front,-8.51718166441055,3.044458724904531,-0.2807114548888737,-0.7581915675272498,0.8084883264310353
160.0,82,bench_82_front,-7.80786700716655,4.534211105110246,-0.4135728438457808,-0.6939606782451923,0.8078514220555744
160.0,83,bench_83_front,-6.839276692423119,5.8699995858904686,-0.532640378011219,-0.6065335592456687,0.8072104625060017
160.0,84,bench_84_front,-5.643393704307675,7.00681460449859,-0.6338700008887929,-0.49875465409797615,0.8065651759226592
160.0,85,bench_85_front,-4.260003896148876,7.906102158342333,-0.7137875529840686,-0.3741753014356324,0.8059155210066566
160.0,86,bench_86_front,-2.735427451687421,8.537110743729873,-0.7696136449258963,-0.2369406025388639,0.8052614554215317
160.0,87,bench_87_front,-1.121022689159316,8.877999122837435,-0.7993655795522872,-0.09165451092310854,0.8046029325981345
160.0,88,bench_88_front,0.5285208460245365,8.916667687869337,-0.8019331813904061,0.056770596608895496,0.803940127157656
160.0,89,bench_89_front,2.1570304106346363,8.65125725575485,-0.777126010346758,0.2032788983450664,0.8032727721452118
160.0,90,bench_90_front,3.708746852030769,8.09030051565642,-0.7256905219519714,0.3428425233311586,0.8026006039463219
160.0,91,bench_91_front,5.130233825260961,7.252530530307516,-0.649295169050768,0.47063563547199355,0.8019240100712739
160.0,92,bench_92_front,6.372261678392569,6.1663206445815195,-0.5504820754626454,0.5822021885197273,0.8012427245989954
160.0,93,bench_93_front,7.391536446181922,4.868793170458181,-0.4325894196745259,0.6736149342091083,0.8005564849552369
160.0,94,bench_94_front,8.152254166180883,3.404620019873771,-0.2996439658935902,0.741618894219264,0.7998656703218627
160.0,95,bench_95_front,8.62742913511426,1.824521164900589,-0.15622867339652396,0.7837505846267993,0.799169805044014
160.0,96,bench_96_front,8.799911354611352,0.18356418496428398,-0.007327560529779809,0.798435640516882,0.7984692637734537
160.0,97,bench_97_front,8.663086531541229,-1.4607499961807815,0.14184455467860208,0.7850523384218935,0.7977637819264887
160.0,98,bench_98_front,8.221201497468408,-3.0504795815780166,0.2860239915181887,0.7439652201872866,0.7970533059791639
160.0,99,bench_99_front,7.489322014525336,-4.529277589595376,0.4200829611462088,0.6765235958983478,0.7963377864026032
160.0,100,bench_100_front,6.4928935872239,-5.844429047814226,0.5392154840647232,0.5850242216055185,0.7956171680653306
160.0,101,bench_101_front,5.266933377460468,-6.94875145860607,0.6391114354767641,0.4726407046005243,0.7948916043099525
160.0,102,bench_102_front,3.8548786180444536,-7.8023304119369,0.7161168060495079,0.34331882758490684,0.7941606243580851
160.0,103,bench_103_front,2.3070919080524326,-8.374036632749684,0.7673731468716329,0.201644992199161,0.7934243816638561
160.0,104,bench_104_front,0.6791157982768549,-8.642723870349256,0.7909301277421925,0.05268690506565932,0.7926830242509794
160.0,105,bench_105_front,-0.970285367926993,-8.598088710476036,0.7858259879913172,-0.0981849229177291,0.7919360848521112
160.0,106,bench_106_front,-2.581218476045917,-8.241152960708142,0.7521352039156413,-0.24548852461518175,0.7911839107862103
160.0,107,bench_107_front,-4.094857487739104,-7.584335105363604,0.6909766632433435,-0.3838292479320117,0.7904262398952597
160.0,108,bench_108_front,-5.455587411440028,-6.651110284990026,0.6044860786402037,-0.5080986703223545,0.7896630155029138
160.0,109,bench_109_front,-6.61309830297973,-5.475247656961133,0.495747621260903,-0.6136679144130761,0.7888941710812283
160.0,110,bench_110_front,-7.524288060798044,-4.099658038762591,0.36869320672404965,-0.6965614834198822,0.7881196488278729
160.0,111,bench_111_front,-8.154909943970512,-2.574927402072638,0.22796527933412647,-0.7536149223423501,0.7873395835082552
160.0,112,bench_112_front,-8.480964991610204,-0.9574645173189887,0.07875195567753972,-0.7826011532290365,0.7865535172882103
160.0,113,bench_113_front,-8.489677300774813,0.6925173562251232,-0.07340008021147011,-0.7823260174933343,0.785761776508651
160.0,114,bench_114_front,-8.180093178415742,2.3132165247477134,-0.2227897897948142,-0.7526838925147464,0.7849639052134613
160.0,115,bench_115_front,-7.563234628508384,3.8435750583280264,-0.3637741773099521,-0.6946766230833263,0.7841602277187911
160.0,116,bench_116_front,-6.661807365676561,5.2255718960811945,-0.4909844003098975,-0.6103870020557738,0.7833504794319749
160.0,117,bench_117_front,-5.509440545229428,6.406483669998735,-0.5995317083924576,-0.5029136273098475,0.7825345908660696
160.0,118,bench_118_front,-4.149539542435265,7.3409112440105755,-0.6851996373517595,-0.37626571162301925,0.7817124975143737
160.0,119,bench_119_front,-2.6336956974514383,7.992620873677929,-0.7446153936918691,-0.23521891334202222,0.7808841282269087
160.0,120,bench_120_front,-1.0198214960696708,8.336005587048364,-0.775389184792963,-0.08514095461060978,0.7800495946065876
160.0,121,bench_121_front,0.6300431057804322,8.357197644453572,-0.776217671064256,0.0682072398804587,0.77920863730103
160.0,122,bench_122_front,2.25208256374644,8.054719774887296,-0.7469489300659709,0.21889135614011074,0.7783611821767292
160.0,123,bench_123_front,3.7831702535213982,7.439669792285025,-0.6886021502941733,0.3610320918640136,0.7775069727953986
160.0,124,bench_124_front,5.163328583383895,6.535424863808781,-0.6033427711054197,0.48903678381009286,0.7766463000391403
160.0,125,bench_125_front,6.338141026051769,5.376837580066679,-0.4944102277498016,0.597822238247886,0.775778900104484
160.0,126,bench_126_front,7.2609214262021435,4.0090032065580266,-0.36600541070915704,0.6830207405232233,0.7749046990780679
160.0,127,bench_127_front,7.894665977690128,2.4855593851232602,-0.22313383949010604,0.7411638427866196,0.774023612159103
160.0,128,bench_128_front,8.213604347144015,0.8666765430981797,-0.07141939707950033,0.7698297661942833,0.7731355632733138
160.0,129,bench_129_front,8.204361041962803,-0.7832951868130953,0.08311527410584707,0.7677548195864216,0.7722406437036766
160.0,130,bench_130_front,7.866616638228658,-2.398353472535347,0.23428354432919699,0.7348975762949803,0.7713385941256196
160.0,131,bench_131_front,7.213254902366272,-3.913485966155954,0.37598341032163407,0.6724563605585583,0.7704291542333714
160.0,132,bench_132_front,6.269995594736561,-5.267279616030607,0.5024446141433676,0.5828370529861908,0.7695125863917401
160.0,133,bench_133_front,5.074480156086297,-6.40448198500224,0.6084673625833522,0.46956996530475814,0.7685886309629179
160.0,134,bench_134_front,3.674860980747098,-7.278309618634083,0.689642714337779,0.3371798304320223,0.7676570272519798
160.0,135,bench_135_front,2.12797034033314,-7.852438525308024,0.7425430464933643,0.19101401886888522,0.7667180259391907
160.0,136,bench_136_front,0.4970458753029809,-8.102632003715357,0.7648754007087961,0.037032545695248234,0.7657713680009929
160.0,137,bench_137_front,-1.1507729088043965,-8.01785956306742,0.7555917000377637,-0.1184320793598185,0.7648169549555294
160.0,138,bench_138_front,-2.7472237658407126,-7.60090516049488,0.7149480009692807,-0.2689304793102545,0.7638548597685386
160.0,139,bench_139_front,-4.225719661737554,-6.868401266755848,0.6445104519468975,-0.4081660476988058,0.7628848177561656
160.0,140,bench_140_front,-5.52415877449783,-5.850295439312149,0.5471072697484679,-0.5302598445737126,0.7619067314172783
160.0,141,bench_141_front,-6.587611114621398,-4.5887151854506545,0.4267261220186974,-0.6300038316356296,0.7609205024762382
160.0,142,bench_142_front,-7.370670985671001,-3.1363633355764264,0.2883606456632842,-0.7030901156937448,0.7599260311067055
160.0,143,bench_143_front,-7.83952193858473,-1.554380495673443,0.13781118641350557,-0.7463060769365596,0.7589233713446543
160.0,144,bench_144_front,-7.97350025437575,0.0901718200876888,-0.018551708546048484,-0.7576850202089125,0.757912102910989
160.0,145,bench_145_front,-7.766120666922576,1.727089708973559,-0.1740531677340376,-0.7366080463791792,0.7568922771364522
160.0,146,bench_146_front,-7.225523144337703,3.286017963221586,-0.32199678671811377,-0.6838480348584269,0.7558637876208403
160.0,147,bench_147_front,-6.374289600778432,4.699484974907664,-0.45595489607994083,-0.6015550212328492,0.754826676018888
160.0,148,bench_148_front,-5.2486224332352265,5.905871227847079,-0.5700509384848689,-0.49318073080020364,0.7537806747987791
160.0,149,bench_149_front,-3.8969343942455956,6.852144037084231,-0.659223386003401,-0.3633462053189565,0.7527256721897256
160.0,150,bench_150_front,-2.3778601836694757,7.496290835962405,-0.7194591985242331,-0.21765467034094085,0.7516615553973448
160.0,151,bench_151_front,-0.7578228035679356,7.809284132910073,-0.747985168074179,-0.06245669433625019,0.7505882028958153
160.0,152,bench_152_front,0.8918555235266448,7.776530248918046,-0.7434069070907612,0.09541946810526346,0.7495056400079609
160.0,153,bench_153_front,2.4980053173408763,7.398676366455487,-0.7057896697706318,0.24896514632319403,0.7484134566124977
160.0,154,bench_154_front,3.9888993100011985,6.691766292313061,-0.6366761656212127,0.3913034729275438,0.7473118143019598
160.0,155,bench_155_front,5.297463630935133,5.6866985906169285,-0.539037360611528,0.5159979007609186,0.7462004487567112
160.0,156,bench_156_front,6.364344508656874,4.428022843464258,-0.4171574715244916,0.6173513597386634,0.7450792289548029
160.0,157,bench_157_front,7.140702882991743,2.972075334007412,-0.2764579311588459,0.690673345577643,0.7439480210283804
160.0,158,bench_158_front,7.590547916667157,1.3845762538853754,-0.12326737114543876,0.7325072991156217,0.7428066962856288
160.0,159,bench_159_front,7.692547316571473,-0.2622653072376982,0.03545665545853806,0.7408072243218496,0.7416552555087497
160.0,160,bench_160_front,7.441180780371663,-1.8930108687475937,0.19243895196197253,0.715050880306214,0.7404934244535288
160.0,161,bench_161_front,6.847189879185083,-3.432381882030251,0.3404188573099704,0.6562854809768509,0.7393210608073075
160.0,162,bench_162_front,5.9372718613131426,-4.808809317267792,0.472487291040648,0.5671009582766706,0.7381380203412151
160.0,163,bench_163_front,4.753046363725621,-5.957766519044692,0.5824137520730974,0.45153175117133415,0.7369441640448176
160.0,164,bench_164_front,3.349279123652942,-6.824906270609689,0.664950163595953,0.31488674080709905,0.735739342160253
160.0,165,bench_165_front,1.7914735308260241,-7.368732595890444,0.7160912666284043,0.1635179366243675,0.73452353109983
160.0,166,bench_166_front,0.15292143330613103,-7.562723847884384,0.7332824344679828,0.004533097130292518,0.7332964459677165
160.0,167,bench_167_front,-1.4887149994084077,-7.396788508917741,0.7155622505884466,-0.15452989806420342,0.7320579375042223
160.0,168,bench_168_front,-3.0550173804449603,-6.877949883569489,0.6636317615990039,-0.3060607173957638,0.7308079622827099
160.0,169,bench_169_front,-4.470596074437964,-6.030229435282101,0.579844469331815,-0.4427393201610374,0.7295462385835128
160.0,170,bench_170_front,-5.666756851131116,-4.893703168817396,0.4681166598968596,-0.5578958457739909,0.7282726014377231
160.0,171,bench_171_front,-6.584918155406005,-3.522766198152912,0.33375980547669426,-0.6458438839421847,0.7269868844603504
160.0,172,bench_172_front,-7.179601041399153,-1.9836632102132152,0.18324108716326973,-0.7021731325433052,0.7256889168855033
160.0,173,bench_173_front,-7.420827108080829,-0.35138792802914554,0.023882308707663703,-0.7239848339834738,0.7243786333867711
160.0,174,bench_174_front,-7.295793844342231,1.2938685178189555,-0.13648789852439852,-0.7100568055604054,0.7230557472050505
160.0,175,bench_175_front,-6.809744306955888,2.870651289095089,-0.28991766538607755,-0.6609293516746622,0.7217200708086223
160.0,176,bench_176_front,-5.985934135974344,4.300278829725104,-0.4287241205407118,-0.5789048054692639,0.7203715328417782
160.0,177,bench_177_front,-4.864712821418983,5.5108003574583755,-0.5458854301430099,-0.46795751847518396,0.7190098343832796
160.0,178,bench_178_front,-3.501722267793536,6.440717034856188,-0.635403749700221,-0.33355923545265986,0.7176347878195872
160.0,179,bench_179_front,-1.9652750895495248,7.042238861446918,-0.6926258632237462,-0.18242264873321126,0.7162461931328362
160.0,180,bench_180_front,-0.33306837517041915,7.283888826134425,-0.7144996913797257,-0.02217947854295097,0.7148438558525634
160.0,181,bench_181_front,1.3116819370710642,7.1523418553779825,-0.6997560136471972,0.13899842305415597,0.7134276699476679
160.0,182,bench_182_front,2.884424224581662,6.653354773044077,-0.6490003928184203,0.292811690304878,0.7119973285467184
160.0,183,bench_183_front,4.303636048374235,5.811736122954194,-0.5647104994990391,0.4312621879515569,0.7105526180383956
160.0,184,bench_184_front,5.495120583998576,4.670303250270282,-0.4511363222411692,0.5470734592569085,0.7090933302948268
160.0,185,bench_185_front,6.395953482661519,3.287914427434969,-0.31410321223445836,0.6340853946588357,0.707619329622684
160.0,186,bench_186_front,6.9579738742748685,1.7365822464695875,-0.16073045565180188,0.6875941572484146,0.7061303027460253
160.0,187,bench_187_front,7.150528302372025,0.09785565102662484,0.0009269775714368488,0.704625411267527,0.704626021014942
160.0,188,bench_188_front,6.962347599948594,-1.5413809176240656,0.16229262944079761,0.6841196000362375,0.7031063395565066
160.0,189,bench_189_front,6.402429167973346,-3.093468314212062,0.3147217775639989,0.6270183179113445,0.7015709288941605
160.0,190,bench_190_front,5.499834341051079,-4.4747033509869105,0.44996491512578346,0.5362452271019119,0.7000195486082761
160.0,191,bench_191_front,4.302409439409188,-5.609894801443677,0.5606222345391594,0.4165787339602936,0.6984519535713544
160.0,192,bench_192_front,2.8744456656830297,-6.436590926366956,0.6405610706494322,0.27442025479481613,0.6968679655954912
160.0,193,bench_193_front,1.2934241390446848,-6.908667455041856,0.6852717980355759,0.11746965631873045,0.6952672560523412
160.0,194,bench_194_front,-0.35409932129533034,-6.999123631605576,0.6921437636711495,-0.045681618105530016,0.6936496232404394
160.0,195,bench_195_front,-1.9770962177538254,-6.701842409311047,0.6606391788867969,-0.2060101105278534,0.6920146604804841
160.0,196,bench_196_front,-3.4851182304601878,-6.032249321052072,0.592357446722384,-0.35455981936943437,0.6903622311502476
160.0,197,bench_197_front,-4.79335265358149,-5.026761108460575,0.49097934227763657,-0.48294506830620615,0.6886919874259223
160.0,198,bench_198_front,-5.8274855125250475,-3.7410481433363456,0.3620925669775083,-0.583834717605089,0.6870036423057562
160.0,199,bench_199_front,-6.528071788538936,-2.247170404431836,0.21290567927997164,-0.6513855307629592,0.6852969706317169
160.0,200,bench_200_front,-6.85415340358963,-0.6297147041419563,0.051860577663622676,-0.6816015119590253,0.6835716060665729
160.0,201,bench_201_front,-6.785891801544992,1.018867817179937,-0.11183232670579805,-0.6725934842751656,0.6818272980644291
160.0,202,bench_202_front,-6.326034081448442,2.603491229141227,-0.26871500978518414,-0.6247230130344146,0.6800636731208696
160.0,203,bench_203_front,-5.500104116199449,4.031895208827374,-0.40962780305726215,-0.5406195226285608,0.6782804768564787
160.0,204,bench_204_front,-4.355260407700507,5.220103146314213,-0.5262543783702283,-0.4250622247709039,0.676477320891858
160.0,205,bench_205_front,-2.957869334288272,6.097476655266338,-0.6116239613052228,-0.28473504676964123,0.6746539238021242
160.0,206,bench_206_front,-1.3898540886330986,6.611123598707571,-0.6605488306918836,-0.1278606123778538,0.6728098497540405
160.0,207,bench_207_front,0.25590433349233815,6.7293087370451605,-0.669964066912457,0.03626476583019354,0.670944844375898
160.0,208,bench_208_front,1.8809972664224948,6.443707083967068,-0.6391474079137675,0.1978127242946346,0.6690585048676633
160.0,209,bench_209_front,3.3873092991752123,5.770274852707239,-0.5698028778749968,0.34700783344850844,0.6671504748624978
160.0,210,bench_210_front,4.682998918649452,4.7486710954569,-0.46599782601052747,0.47472547307231905,0.6652204511515524
160.0,211,bench_211_front,5.688204681164744,3.4402178098585074,-0.3339535459325972,0.5730614591076987,0.6632679750716145
160.0,212,bench_212_front,6.3401534073235615,1.9244833430744606,-0.1816985063719757,0.6358408889891891,0.6612926608759311
160.0,213,bench_213_front,6.597330479415752,0.2946458802877872,-0.018600026609059957,0.6590317130976784,0.6592941375883138
160.0,214,bench_214_front,6.442413413330246,-1.348070516301273,0.14519817702596619,0.6410334851938647,0.6572719678728559
160.0,215,bench_215_front,5.8837718800841925,-2.9006220580792914,0.2994011003135687,0.5828205397175883,0.6552257629135751
160.0,216,bench_216_front,4.955358687890884,-4.264644146209447,0.43421339742637927,0.4879244472453452,0.6531550663695678
160.0,217,bench_217_front,3.7149887406651483,-5.352757466166073,0.5409716734620146,0.3622541696470851,0.6510594711045925
160.0,218,bench_218_front,2.241045036351481,-6.094362257460222,0.6127230522649757,0.21375602532268498,0.6489385002746104
160.0,219,bench_219_front,0.6277579312215068,-6.440483589254162,0.6447030412999444,0.05193761856052227,0.6467917189351887
160.0,220,bench_220_front,-1.0206155401321169,-6.367308889621526,0.634685802262281,-0.11272589919961665,0.6446186438070787
160.0,221,bench_221_front,-2.596449762943724,-5.878187759266894,0.5831744186585246,-0.26946150990060574,0.6424187947870317
160.0,222,bench_222_front,-3.9957665801737074,-5.003883559579043,0.4934161791572027,-0.40790424664576186,0.640191690266079
160.0,223,tail_rear,-5.125198525871959,-3.801012127511623,0.37123540764239116,-0.5187944183915929,0.6379368122641015
170.0,0,head_front,4.703516593075064,-9.223755207944821,0.7623343912691751,0.379574494841998,0.8516046742745732
170.0,1,bench_1_front,1.9927261475387419,-10.135456497878156,0.8365029716390889,0.1561241770296243,0.8509476953457269
170.0,2,bench_2_front,0.3519316521362292,-10.309481860259984,0.8503082093289256,0.020828723839060093,0.8505632760641196
170.0,3,bench_3_front,-1.2956232418997766,-10.21966081583881,0.8423549863646228,-0.11506017303960832,0.8501769030462122
170.0,4,bench_4_front,-2.9076953330480295,-9.867940494576837,0.8127781341393346,-0.248055890543686,0.8497882207752937
170.0,5,bench_5_front,-4.442804081104743,-9.263005270582195,0.7622707374957856,-0.37472645050789677,0.8493977807556458
170.0,6,bench_6_front,-5.8612621449558615,-8.420107676899505,0.6920695754863745,-0.49178214086622607,0.8490052834870107
170.0,7,bench_7_front,-7.12624097046911,-7.360715274122353,0.6039283347190638,-0.5961633212098439,0.8486107111228877
170.0,8,bench_8_front,-8.204746652579315,-6.111988484890202,0.5000778048210874,-0.6851198904376559,0.8482140503127634
170.0,9,bench_9_front,-9.068487915683804,-4.706126637717278,0.38316981362068464,-0.7562880716302567,0.8478152825706331
170.0,10,bench_10_front,-9.694654523076485,-3.1795604050706867,0.25621349280406425,-0.8077535502219282,0.8474143920131326
170.0,11,bench_11_front,-10.066554563695922,-1.5720171421419524,0.12249818451736068,-0.8381064603256041,0.8470113600475278
170.0,12,bench_12_front,-10.17408660364656,0.0744791909879763,-0.01448890642556253,-0.8464821787758094,0.8466061701844902
170.0,13,bench_13_front,-10.014057169169115,1.7167033544231118,-0.15115331700244136,-0.8325893911210829,0.8461988061018617
170.0,14,bench_14_front,-9.590313756024162,3.311362164519932,-0.28388745263893167,-0.7967228951806993,0.8457892512150632
170.0,15,bench_15_front,-8.913686980459326,4.816248150057336,-0.4091667766466395,-0.739760530726152,0.845377486056755
170.0,16,bench_16_front,-8.00175849999496,6.191344480910737,-0.5236423131923181,-0.6631455599570177,0.8449634938008318
170.0,17,bench_17_front,-6.878439043233936,7.399917914881038,-0.6242325072720243,-0.5688530969793008,0.844547256864919
170.0,18,bench_18_front,-5.573368446215282,8.409524030188297,-0.7082081114310042,-0.45934202278814534,0.8441290321957743
170.0,19,bench_19_front,-4.121188266124392,9.192886362007593,-0.7732673428791574,-0.33749324509274514,0.8437085243415667
170.0,20,bench_20_front,-2.5606036505765126,9.728693693394248,-0.8176021694610245,-0.20653689741121717,0.843285715223272
170.0,21,bench_21_front,-0.9334270605332388,10.002185030201423,-0.8399511985206594,-0.06996777102677627,0.8428603116049228
170.0,22,bench_22_front,0.7165713721663354,10.005615181040971,-0.8396392503609202,0.06854606801469357,0.8424325695193196
170.0,23,bench_23_front,2.3448090104642927,9.738505931613703,-0.8166002748857609,0.20526117779199735,0.8420024703360782
170.0,24,bench_24_front,3.9071004042718434,9.207714732467377,-0.771385120219756,0.33646026412504665,0.8415702662472954
170.0,25,bench_25_front,5.360872071329317,8.427295550903892,-0.7051512696909823,0.45855254574007026,0.8411353935910102
170.0,26,bench_26_front,6.666314905783672,7.418174968659302,-0.6196380992926944,0.5681742071430586,0.8406981050042317
170.0,27,bench_27_front,7.787505647666512,6.207627923152442,-0.5171236678718182,0.6622821993193997,0.840258650302717
170.0,28,bench_28_front,8.693425978189335,4.828565647202307,-0.4003669807465925,0.7382397863257051,0.8398164688706486
170.0,29,bench_29_front,9.358836743608267,3.318687722308723,-0.2725369977229134,0.7938945910329052,0.8393718108199268
170.0,30,bench_30_front,9.765026884782188,1.719469403203274,-0.13712826637998998,0.8276417495805457,0.8389249233925096
170.0,31,bench_31_front,9.900379069689668,0.07503015443851979,0.0021325237410655617,0.838472537191634,0.8384752490575271
170.0,32,bench_32_front,9.760739058500427,-1.5690499005627032,0.14138871405538184,0.8260098574616175,0.8380233010400107
170.0,33,bench_33_front,9.349591856039691,-3.166999488000012,0.27675828376738865,0.7905228229260045,0.8375687919214574
170.0,34,bench_34_front,8.678015417169552,-4.674142658482479,0.4044445762080378,0.7329260397408917,0.8371116980154838
170.0,35,bench_35_front,7.764432510284237,-6.048136544793936,0.5208413721797566,0.6547601329140863,0.8366519985201515
170.0,36,bench_36_front,6.634139759576499,-7.250197392043029,0.6226371820674428,0.5581541969158399,0.8361896722799511
170.0,37,bench_37_front,5.318665479832652,-8.246197610005437,0.706911946205477,0.4457704183325302,0.8357246948298072
170.0,38,bench_38_front,3.8548994493086703,-9.007692925623376,0.7712219846718257,0.3207350635130313,0.8352570446322845
170.0,39,bench_39_front,2.284097598079018,-9.51275364295169,0.8136747570446836,0.18655354160432505,0.834786699784347
170.0,40,bench_40_front,0.6507532340142401,-9.746635548394835,0.8329879944194609,0.047013218530182276,0.8343136350099538
170.0,41,bench_41_front,-0.9986533893613008,-9.702261356539992,0.8285315383345819,-0.09392025019292598,0.8338378280045651
170.0,42,bench_42_front,-2.61697180618754,-9.3804819756778,0.8003518612198782,-0.23221658650846674,0.8333592531482251
170.0,43,bench_43_front,-4.15773735777453,-8.790108185058234,0.7491776848670749,-0.3638939511574909,0.8328781490661168
170.0,44,bench_44_front,-5.576495475876651,-7.947721551070355,0.6764040210068465,-0.4851363938826336,0.8323939694061198
170.0,45,bench_45_front,-6.832118287946164,-6.877247662547087,0.5840603998676811,-0.5924044686446797,0.8319072094673665
170.0,46,bench_46_front,-7.888001878585442,-5.609331256252485,0.47475611930186934,-0.6825407143718067,0.831417584364047
170.0,47,bench_47_front,-8.713176087409197,-4.180493745996692,0.3516108065149298,-0.7528651161550883,0.8309248115090162
170.0,48,bench_48_front,-9.283254471412114,-2.6320988048327014,0.2181688898416549,-0.8012583021839662,0.8304291247984215
170.0,49,bench_49_front,-9.581181283948887,-1.009214646186262,0.07829890313255242,-0.8262287296418537,0.8299304982450953
170.0,50,bench_50_front,-9.597803637219645,0.6407062282374182,-0.06391654212399911,-0.8269625050507454,0.8294289054023214
170.0,51,bench_51_front,-9.332198811853333,2.2691838006377827,-0.20429874608426593,-0.8033539384070589,0.8289243198300651
170.0,52,bench_52_front,-8.791759936812516,3.828168668247973,-0.33869565405432434,-0.7560158245632378,0.8284169681176978
170.0,53,bench_53_front,-7.99205266164867,5.271413543580178,-0.46310441323645957,-0.6862675653971474,0.8279063164846694
170.0,54,bench_54_front,-6.956406005033422,6.555906445600392,-0.5737930028230384,-0.5961040938292272,0.8273925916810251
170.0,55,bench_55_front,-5.715280702681403,7.643156777445775,-0.6674137749087865,-0.4881421930969786,0.8268760170784519
170.0,56,bench_56_front,-4.305427069617083,8.500374149718942,-0.7411067909993418,-0.3655481889377262,0.8263563118298267
170.0,57,bench_57_front,-2.768827718351756,9.101507529956672,-0.7925909535791533,-0.23194927406096263,0.8258334489671142
170.0,58,bench_58_front,-1.1514675858612418,9.428083076337698,-0.8202387312403081,-0.0913275721568825,0.8253073982842883
170.0,59,bench_59_front,0.4980038394700805,9.4698152779696,-0.8231312558521662,0.05209513421725491,0.824778132208825
170.0,60,bench_60_front,2.1297424591850316,9.224987019454288,-0.8010935031386378,0.19398463882376082,0.8242456192607394
170.0,61,bench_61_front,3.6941907081460106,8.700570186404645,-0.7547070213697012,0.3300230263382514,0.82370983120161
170.0,62,bench_62_front,5.143601349294805,7.912086284446865,-0.6853000169009166,0.45604161305482405,0.8231707392771213
170.0,63,bench_63_front,6.433517688800014,6.883194799869401,-0.5949136319588251,0.5681506043455543,0.8226283113950424
170.0,64,bench_64_front,7.524146831830779,5.645043012774584,-0.4862470388311146,0.6628603800184913,0.8220827611440872
170.0,65,bench_65_front,8.381635369551159,4.235358172126261,-0.3625807496195832,0.737192379928195,0.8215335690152259
170.0,66,bench_66_front,8.979150314129429,2.6973511744433543,-0.22768096679736508,0.7887784808427256,0.8209811900904557
170.0,67,bench_67_front,9.297776614339208,1.0784088133328138,-0.08568838379218524,0.8159380230485629,0.8204251072299739
170.0,68,bench_68_front,9.327163166935359,-0.5713263557382072,0.05900783634085527,0.817739542130429,0.8198657716439398
170.0,69,bench_69_front,9.065919580644248,-2.200513138502528,0.201903012118842,0.7940352866226034,0.8193026685569267
170.0,70,bench_70_front,8.521733617351705,-3.7581884721237615,0.3385186383252613,0.7454758015942178,0.8187362452317172
170.0,71,bench_71_front,7.711201691887853,-5.195388284592781,0.46454132961736533,0.6734960564038861,0.8181659886076029
170.0,72,bench_72_front,6.659388282359745,-6.466684157255525,0.5759620635633713,0.5802797187611097,0.8175921053126978
170.0,73,bench_73_front,5.399105152095719,-7.5316588469990835,0.6692056037167889,0.46869717451290366,0.8170147987902858
170.0,74,bench_74_front,3.9699164337596806,-8.35624001841736,0.7412481258102652,0.34222121152174806,0.8164337950089057
170.0,75,bench_75_front,2.416979991214169,-8.91380691284746,0.7897197311947305,0.20482292394401297,0.815849057124694
170.0,76,bench_76_front,0.7896120004860514,-9.186131942331729,0.812986423644978,0.06085097501437149,0.8152605511069766
170.0,77,bench_77_front,-0.860240830660938,-9.164019422844788,0.8102109868882998,-0.08510511255616779,0.8146684745696932
170.0,78,bench_78_front,-2.479631765609916,-8.847680526968555,0.7813869672537235,-0.22835969423897637,0.8140723202190886
170.0,79,bench_79_front,-4.0163365023932975,-8.246806752954774,0.7273494689293153,-0.3642799961336046,0.8134722893466353
170.0,80,bench_80_front,-5.420525488813053,-7.380341378178321,0.6497554898474412,-0.4884390908199922,0.8128683423703674
170.0,81,bench_81_front,-6.646412168014752,-6.275945781603778,0.55103904164869,-0.5967604179070947,0.812260439638517
170.0,82,bench_82_front,-7.653792395003239,-4.969155261940616,0.4343407644037211,-0.6856540381091414,0.8116485443824689
170.0,83,bench_83_front,-8.409370998428233,-3.502323978258492,0.3034115857694379,-0.7521404879647446,0.811032615876186
170.0,84,bench_84_front,-8.887949943269179,-1.9232495929486466,0.1624975003470417,-0.7939541373504007,0.810412617025954
170.0,85,bench_85_front,-9.073302148845587,-0.28368855711579205,0.016203196750630467,-0.8096263835429578,0.8097885060395635
170.0,86,bench_86_front,-8.958799157360607,1.3623347322291945,-0.13065522325959694,-0.7985423448736617,0.8091604685853983
170.0,87,bench_87_front,-8.547711321531244,2.9603065802150783,-0.2732079559208155,-0.7609699861959609,0.8085282351714819
170.0,88,bench_88_front,-7.853188544241011,4.457012310664951,-0.4066926495348769,-0.6980617416686843,0.8078917664930217
170.0,89,bench_89_front,-6.89790345565978,5.802344426006089,-0.5266164301032293,-0.6118243028623179,0.8072507925221447
170.0,90,bench_90_front,-5.713377599157339,6.950994978636037,-0.6289075169746872,-0.5050624961547174,0.8066057214831174
170.0,91,bench_91_front,-4.33901147015343,7.864015215246143,-0.710057796682482,-0.38129183060277616,0.8059562858579844
170.0,92,bench_92_front,-2.820810397679304,8.510201175532666,-0.7672478407903116,-0.24462782051981202,0.8053024399377346
170.0,93,bench_93_front,-1.2098941294858354,8.867208626860046,-0.7984493812134601,-0.09965326791166032,0.8046441375947696
170.0,94,bench_94_front,0.439183621390837,8.9223924138073,-0.8025030930202682,0.04873165168896032,0.8039813357183309
170.0,95,bench_95_front,2.0702815894481423,8.67332904799836,-0.7791681153251055,0.19547483078867126,0.803313986814083
170.0,96,bench_96_front,3.6275576477175977,8.12799245468457,-0.729140496702121,0.33554193784227465,0.8026420472302487
170.0,97,bench_97_front,5.057410802892876,7.304571407323835,-0.6540393351227257,0.46409175837934563,0.801965468136509
170.0,98,bench_98_front,6.310336050643616,6.230935389848958,-0.5563615860128805,0.5766441746178403,0.8012844179886804
170.0,99,bench_99_front,7.342667891191159,4.943769171228849,-0.43940435230904235,0.669239596223366,0.8005984149255749
170.0,100,bench_100_front,8.118166760032832,3.487365859014242,-0.30716112901426273,0.7385828306394526,0.7999078427498401
170.0,101,bench_101_front,8.609337083064625,1.9121698213566318,-0.16418744676013883,0.7821655799577221,0.7992124324259559
170.0,102,bench_102_front,8.798479976008839,0.27304214639403024,-0.01545059098010364,0.7983626441145508,0.7985121365885501
170.0,103,bench_103_front,8.678394555387046,-1.37258584722314,0.13384268692097565,0.7864998346842098,0.7978069032043504
170.0,104,bench_104_front,8.25274122786658,-2.9667335579975918,0.2784266002321718,0.7468880396696141,0.7970966789031081
170.0,105,bench_105_front,7.536002958398147,-4.452934361985855,0.41316172638102155,0.6808238199128426,0.7963816207741492
170.0,106,bench_106_front,6.553083870397437,-5.7782155395532735,0.533219683061192,0.5905536414075633,0.7956612556758127
170.0,107,bench_107_front,5.338510587682424,-6.895049228792461,0.6342588751672498,0.4792064715294021,0.7949359490450061
170.0,108,bench_108_front,3.9353004149403015,-7.763087351769619,0.712586042925369,0.35068943313026935,0.7942052298249273
170.0,109,bench_109_front,2.393473460075763,-8.35069529400827,0.7652965712354052,0.2095581326257414,0.7934692513854934
170.0,110,bench_110_front,0.7683507656591337,-8.636155117460978,0.7903886734451635,0.060857845713096825,0.7927281580057848
170.0,111,bench_111_front,-0.8814144292436891,-8.608563027847305,0.7868452062441336,-0.09005163403687119,0.7919814867672625
170.0,112,bench_112_front,-2.4959533049849347,-8.268323547895989,0.7546841216660364,-0.23768915380459274,0.7912295857279227
170.0,113,bench_113_front,-4.016316299156267,-7.627245114065477,0.6949678892356317,-0.3766509181486456,0.7904721887649476
170.0,114,bench_114_front,-5.386676456257063,-6.708210324300299,0.6097783785741684,-0.5018077443529415,0.7897092397009985
170.0,115,bench_115_front,-6.556369309709056,-5.5444652246895965,0.5021511740823598,-0.6084994568650708,0.7889406762471932
170.0,116,bench_116_front,-7.48185940905147,-4.178463221171938,0.3759757842833981,-0.6927110135871193,0.7881664409960694
170.0,117,bench_117_front,-8.12839052556399,-2.6604025815916064,0.2358589728215609,-0.7512309839511119,0.7873864656625725
170.0,118,bench_118_front,-8.471370993980972,-1.046444595144494,0.08696491088483567,-0.7817785825217339,0.7866006914660697
170.0,119,bench_119_front,-8.497402155974418,0.6033461057331222,-0.06517447948579372,-0.7831018178334702,0.7858092452181571
170.0,120,bench_120_front,-8.204884181077942,2.227204758113863,-0.2148606445765337,-0.755035452382376,0.7850118667524094
170.0,121,bench_121_front,-7.604194081538012,3.763972840087474,-0.35644248189142763,-0.6985210888970685,0.7842084891984191
170.0,122,bench_122_front,-6.71741402274695,5.155414601704246,-0.4845304393303033,-0.6155845326340147,0.7833990448397643
170.0,123,bench_123_front,-5.577610344245357,6.348456735939408,-0.5942046359901478,-0.5092717633095949,0.7825834641344322
170.0,124,bench_124_front,-4.227696313474334,7.2972537529987695,-0.6812075586341934,-0.3835460733112709,0.7817616825432497
170.0,125,bench_125_front,-2.7188666605908414,7.965034733165648,-0.7421171080793112,-0.2431450682058045,0.7809336247702524
170.0,126,bench_126_front,-1.1087459197407343,8.325585942493339,-0.7744864498295858,-0.09341058659569985,0.7800992235977345
170.0,127,bench_127_front,0.5407998566383863,8.364383775470309,-0.7769519927562769,0.05991285419300922,0.7792585893947546
170.0,128,bench_128_front,2.165979334358559,8.079269405884782,-0.7492980784727834,0.2108945336879413,0.7784112760889706
170.0,129,bench_129_front,3.7035628452621667,7.48066585594027,-0.692481082328684,0.35364595040070196,0.7775573982786874
170.0,130,bench_130_front,5.093349794311947,6.591297630542764,-0.6086054983740842,0.4825529920558809,0.7766968796082874
170.0,131,bench_131_front,6.280563499647836,5.445421252373171,-0.500855483104005,0.5924995331938208,0.7758298214107535
170.0,132,bench_132_front,7.218043003284188,4.087617671861381,-0.3733832214354994,0.6790741628307915,0.7749559656353975
170.0,133,bench_133_front,7.868213498938798,2.571118496174876,-0.23115592806013158,0.7387553060341021,0.7740752323068351
170.0,134,bench_134_front,8.20466839601897,0.9557814573351977,-0.07976783356196841,0.769061803787958,0.7731875356708471
170.0,135,bench_135_front,8.213334197270532,-0.694196937773979,0.07477273055179459,0.7686645609459226,0.7722927997128805
170.0,136,bench_136_front,7.893176076505561,-2.3128347426503466,0.22628242659663803,0.7374554314671775,0.7713911135000868
170.0,137,bench_137_front,7.256368374676726,-3.83499847549041,0.3686478378156446,0.6765658500121192,0.7704820424440606
170.0,138,bench_138_front,6.327954951600738,-5.199013609041275,0.49607452263198243,0.5883380522657177,0.7695658488708862
170.0,139,bench_139_front,5.144958246927643,-6.349237719209737,0.6033263486382192,0.47624390323047106,0.7686422694110182
170.0,140,bench_140_front,3.755011415169071,-7.238367247788701,0.6859457016978349,0.34475897219332524,0.7677110488885339
170.0,141,bench_141_front,2.214523955320751,-7.829470531377897,0.7404479199254104,0.19919046613008193,0.7667724329414733
170.0,142,bench_142_front,0.5864588192798941,-8.097619610210538,0.7644750384937888,0.045471173448287175,0.7658261631041631
170.0,143,bench_143_front,-1.0621930987027584,-8.031050613795994,0.7569095314415192,-0.11007890129923972,0.764872148334784
170.0,144,bench_144_front,-2.663158948475504,-7.631792745276819,0.7179360355022484,-0.26101106979481525,0.7639102889921824
170.0,145,bench_145_front,-4.14968790168377,-6.915736537573248,0.6490510119316009,-0.401012754371466,0.7629406564458502
170.0,146,bench_146_front,-5.45937092922883,-5.912126006242401,0.5530163449537144,-0.5241760333103481,0.7619629857696086
170.0,147,bench_147_front,-6.536810201327516,-4.662479925346046,0.4337601158506206,-0.6252504950218997,0.7609770164912173
170.0,148,bench_148_front,-7.336041049593956,-3.2189668319443148,0.29622646322674934,-0.6998742745305193,0.7599829719575626
170.0,149,bench_149_front,-7.822572423992065,-1.64232859267741,0.14617755965536536,-0.7447708718852724,0.7589805864154542
170.0,150,bench_150_front,-7.97499324808951,0.0006129939546279319,-0.010040491674600704,-0.7579034074114286,0.7579699113018415
170.0,151,bench_151_front,-7.786035320926294,1.6397572966065486,-0.1657616627502823,-0.738577805008825,0.7569505286935152
170.0,152,bench_152_front,-7.263044977360111,3.2046775111825974,-0.31428400995347927,-0.6874915249838189,0.7559226387911766
170.0,153,bench_153_front,-6.427831224409103,4.627676868233368,-0.4491572192723668,-0.6067210253358837,0.7548858259426462
170.0,154,bench_154_front,-5.315893503891237,5.846734864063652,-0.5644678374495354,-0.4996508858348605,0.7538401337356058
170.0,155,bench_155_front,-3.975032059317337,6.808287285368656,-0.6551042452165335,-0.37084307219598606,0.7527855978274833
170.0,156,bench_156_front,-2.4633892062917684,7.469671354460511,-0.7169912358175787,-0.22585273798637062,0.7517219509201251
170.0,157,bench_157_front,-0.8470184403625018,7.80111875029524,-0.7472841915755467,-0.07099712299204146,0.7506492219751283
170.0,158,bench_158_front,0.8029269931582099,7.787221404270507,-0.7445111718475796,0.08691384396838722,0.749567142609131
170.0,159,bench_159_front,2.413300841372775,7.427792509723342,-0.7086575009705509,0.24087350203149488,0.7484754489378679
170.0,160,bench_160_front,3.9122146648594383,6.738049441091896,-0.6411865482564918,0.3839897906624021,0.7473743031426956
170.0,161,bench_161_front,5.232260324630107,5.748112224173652,-0.5449943998815259,0.509794300873837,0.7462634421607887
170.0,162,bench_162_front,6.313596401892844,4.501827141933606,-0.4242975325425875,0.6125432974167937,0.7451427295035271
170.0,163,bench_163_front,7.106741547537277,3.054958994045131,-0.2844622258517031,0.6874846605389227,0.744012040502587
170.0,164,bench_164_front,7.574962647800947,1.4727833133322508,-0.13177408880632932,0.7310904659963493,0.7428712404929252
170.0,165,bench_165_front,7.696096505255704,-0.17276191332085836,0.026835664088890654,0.7412347105465187,0.7417203307083292
170.0,166,bench_166_front,7.463748286545873,-1.8063234452113508,0.18410070615735388,0.7173105458651747,0.7405589032730829
170.0,167,bench_167_front,6.8877772892159195,-3.3525303235053863,0.33275071844591786,0.6602804107241,0.7393870849644729
170.0,168,bench_168_front,5.994040301227522,-4.73951544665721,0.4658484781418551,0.5726527999914047,0.7382046016688586
170.0,169,bench_169_front,4.8233835428362815,-5.9022948543091305,0.577119397251107,0.4583872483075398,0.7370113079827467
170.0,170,bench_170_front,3.429917439018689,-6.785894513980615,0.6612548373017519,0.32272908758979846,0.7358070561169621
170.0,171,bench_171_front,1.8786390564467437,-7.348060642249976,0.7141761827954415,0.17198064273576044,0.7345916971679392
170.0,172,bench_172_front,0.2424928251064745,-7.561418927849972,0.7332460793481811,0.013217853781416522,0.7333652054318271
170.0,173,bench_173_front,-1.4009924597121144,-7.414961596466654,0.717414536544921,-0.1460374374787154,0.73212741404165
170.0,174,bench_174_front,-2.9733494519754684,-6.914781433539636,0.6672915221011472,-0.29816867629108873,0.7308779207153858
170.0,175,bench_175_front,-4.398935722843272,-6.083990757269762,0.5851429807224291,-0.43583048298762195,0.7296166923734357
170.0,176,bench_176_front,-5.608591275514583,-4.961839460790254,0.4748042617147359,-0.5523091789518295,0.7283436799320219
170.0,177,bench_177_front,-6.54311205314443,-3.601998926018027,0.3415163975509788,-0.6418572659051628,0.7270585943316048
170.0,178,bench_178_front,-7.1562389286436545,-2.0701492924816702,0.19169150737056267,-0.6999884175225215,0.7257612683683818
170.0,179,bench_179_front,-7.417104464392584,-0.44090066289127366,0.0326134540383895,-0.723717052714284,0.7244515234118594
170.0,180,bench_180_front,-7.3119467834663165,1.205745251510586,-0.12790660622768135,-0.7117273950375849,0.7231293001695267
170.0,181,bench_181_front,-6.845023165009835,2.788296662673392,-0.2819136865312287,-0.6644634524841118,0.7217942964174304
170.0,182,bench_182_front,-6.038630045234096,4.227817094889744,-0.4217002816375485,-0.5841333671605801,0.720446332604688
170.0,183,bench_183_front,-4.932225568402046,5.451897561289865,-0.5401984983251404,-0.4746252688698654,0.7190852268281757
170.0,184,bench_184_front,-3.580684128781151,6.398381075958475,-0.6313472590762064,-0.3413349560786103,0.7177108845379352
170.0,185,bench_185_front,-2.051714495196117,7.018659905040979,-0.690412668044573,-0.19091620902608278,0.7163230074940472
170.0,186,bench_186_front,-0.422594596679069,7.280320706374632,-0.7142507246542993,-0.03095973249835433,0.714921396172727
170.0,187,bench_187_front,1.223649182944917,7.169021641524981,-0.7014923455799061,0.1303810884386171,0.7135059489097739
170.0,188,bench_188_front,2.802422211295452,6.689480478301174,-0.6526406043652794,0.2848033975280123,0.7120763538482204
170.0,189,bench_189_front,4.231942361927417,5.865484619061679,-0.5700738212594219,0.42428079123837154,0.7106323602955172
170.0,190,bench_190_front,5.437497658694326,4.738922661942601,-0.45794959086716985,0.5414883627164647,0.7091737972688824
170.0,191,bench_191_front,6.3554620655309755,3.367846483325062,-0.3220151015389938,0.6301954177749858,0.7077004947036263
170.0,192,bench_192_front,6.936794505274402,1.8236463820099589,-0.1693275967503894,0.6856120846510493,0.7062122667023139
170.0,193,bench_193_front,7.149837440160953,0.1874626299564738,-0.00790234124067003,0.7046644934412625,0.7047088017854716
170.0,194,bench_194_front,6.982242613961905,-1.453999854916988,0.15370256153557466,0.6861862841822852,0.7031899416391627
170.0,195,bench_195_front,6.441899077175376,-3.013016612533107,0.30683266705287365,0.6310102814652601,0.7016553718782792
170.0,196,bench_196_front,5.556805701604279,-4.405535741244833,0.4432057611057404,0.5419552117019947,0.7001048479822665
170.0,197,bench_197_front,4.373840060253975,-5.555794809832256,0.5553652921946606,0.42370378680415577,0.6985381211692331
170.0,198,bench_198_front,2.956482422547062,-6.400549846768078,0.6371000697066902,0.28257686910545915,0.6969549381227694
170.0,199,bench_199_front,1.3815970953981338,-6.892714086358865,0.6838047245112614,0.1262134808418957,0.6953551207909162
170.0,200,bench_200_front,-0.2646309826433623,-7.0041970053827525,0.6927599276967307,-0.036831332618509544,0.6937383256566086
170.0,201,bench_201_front,-1.8913010274313227,-6.727723923778304,0.66331308335507,-0.1975451811401185,0.6921042877642735
170.0,202,bench_202_front,-3.4078067543769044,-6.077550521004732,0.5969480802097668,-0.346955409977207,0.6904527985160013
170.0,203,bench_203_front,-4.728884956102458,-5.088996988607008,0.49723620464934815,-0.47663285478936074,0.6887835084253573
170.0,204,bench_204_front,-5.779544603380403,-3.8167497745437418,0.36966850743926793,-0.5791773297843376,0.6870961975797067
170.0,205,bench_205_front,-6.4994303376210185,-2.3320780423318155,0.2213740931004536,-0.6486552040388149,0.6853904455291778
170.0,206,bench_206_front,-6.846509756537242,-0.7189919878099246,0.060739558785976935,-0.6809625615842385,0.6836660765906722
170.0,207,bench_207_front,-6.799747184241183,0.9303454069872298,-0.10305250708588024,-0.6740910853792721,0.6819227306700448
170.0,208,bench_208_front,-6.360650078112046,2.5208508587091347,-0.2605435605903274,-0.6282793023199844,0.6801601492948348
170.0,209,bench_209_front,-5.553525889852139,3.9599695250323808,-0.4025446904691128,-0.5460351864190229,0.678377957065625
170.0,210,bench_210_front,-4.424420627734967,5.163134484575039,-0.5206800482676817,-0.43202677940071066,0.6765758278148767
170.0,211,bench_211_front,-3.0387308114273615,6.058878851515498,-0.6078939717962321,-0.2928432688215946,0.6747534816807653
170.0,212,bench_212_front,-1.4776560392942657,6.593244121557049,-0.6588926394730539,-0.13663478270549753,0.6729105246589224
170.0,213,bench_213_front,0.16638968748571897,6.733281753020517,-0.6704891635932076,0.027347563041073143,0.6710466509119949
170.0,214,bench_214_front,1.7951488615120357,6.469361428697614,-0.6418308662459695,0.18928882499589053,0.6691615052693756
170.0,215,bench_215_front,3.310332431225205,5.816125862458648,-0.5744906421830226,0.33939551736490553,0.667254685381267
170.0,216,bench_216_front,4.619614076088918,4.8119855729363845,-0.4724113483748889,0.4684932792160493,0.6653258109708263
170.0,217,bench_217_front,5.64233429736821,3.517174741437674,-0.3417058609821233,0.5685973025375173,0.6633745456998446
170.0,218,bench_218_front,6.314686685560359,2.0103720601341415,-0.19031590646640786,0.6334275290305283,0.6614004677862356
170.0,219,bench_219_front,6.593912437995614,0.3841717011423638,-0.02754933021092871,0.658827425948682,0.6594031716463281
170.0,220,bench_220_front,6.461333333280545,-1.260492382368367,0.13647571851485904,0.6430597572489957,0.6573822884268212
170.0,221,bench_221_front,5.923911712474776,-2.820520215628585,0.29145690947943936,0.5869582029582789,0.6553373651054228
170.0,222,bench_222_front,5.014250698135376,-4.197111522291653,0.42755449548671065,0.49391926337314784,0.6532680042233575
170.0,223,tail_rear,3.788933938459241,-5.302152304948967,0.5360292704226497,0.3697294736364798,0.6511737574759493
180.0,0,head_front,10.339680489979095,-1.4291179648608434,0.12493657921287919,0.8446901570279103,0.8538797398962291
180.0,1,bench_1_front,9.540303338472564,-4.175130672201894,0.3495098743970245,0.7783738920778229,0.853242678356751
180.0,2,bench_2_front,8.748864118337867,-5.622928193025234,0.46794045521837546,0.7130350487903809,0.8528700079340821
180.0,3,bench_3_front,7.738402235063578,-6.927331048427616,0.5746412390967693,0.6297111355886453,0.8524955530411943
180.0,4,bench_4_front,6.534111269779184,-8.055247535307995,0.6668805630327524,0.5304497118190914,0.8521188779271576
180.0,5,bench_5_front,5.166195430232822,-8.977910994628298,0.7422781090031456,0.41771420754293587,0.8517405416489864
180.0,6,bench_6_front,3.6691244018368163,-9.671650571056077,0.7988663352258915,0.29432438011426915,0.851360242369172
180.0,7,bench_7_front,2.0807853883410248,-10.118520971923122,0.8351452076350855,0.1633875526303123,0.8509776790200628
180.0,8,bench_8_front,0.4415647621798975,-10.306793455019076,0.8501250715652133,0.028222487247614714,0.8505934082099396
180.0,9,bench_9_front,-1.2067060578176043,-10.23130815208287,0.8433548987764748,-0.10772499584379616,0.8502071277164313
180.0,10,bench_10_front,-2.8217820923181565,-9.893643749097723,0.8149391348355939,-0.2409683661762368,0.8498185376797986
180.0,11,bench_11_front,-4.362108907691998,-9.302122327102364,0.7655408617800914,-0.368069885688597,0.8494281910825787
180.0,12,bench_12_front,-5.787878893895918,-8.471644682202589,0.6963676513148689,-0.485730235542747,0.8490357869478762
180.0,13,bench_13_front,-7.062081135348503,-7.423351459170494,0.6091465439776494,-0.5908744037211817,0.8486413099848348
180.0,14,bench_14_front,-8.15148219952402,-6.184117223842008,0.506083338472175,-0.680734016601205,0.8482447446563709
180.0,15,bench_15_front,-9.027521020025985,-4.785881500198071,0.389808532482657,-0.7529224866465712,0.8478460726419265
180.0,16,bench_16_front,-9.667071005922073,-3.2648682239922406,0.26331379280673156,-0.8054994388824801,0.8474452781874807
180.0,17,bench_17_front,-10.053092343948823,-1.6606592152295063,0.12987603731850744,-0.837026253375741,0.8470423448150561
180.0,18,bench_18_front,-10.175119286560518,-0.015182591218635565,-0.00702627540226608,-0.8466083780025608,0.8466375341609628
180.0,19,bench_19_front,-10.02958029246073,1.6283824509217062,-0.14380207502943249,-0.833922439297482,0.8462302709940321
180.0,20,bench_20_front,-9.619938811695116,3.226718770012754,-0.27684299784636013,-0.799231679371841,0.8458210938301864
180.0,21,bench_21_front,-8.95664911278292,4.737530786697634,-0.40261655743087427,-0.7433821428841249,0.8454094290203309
180.0,22,bench_22_front,-8.056934642321384,6.120652643461279,-0.5177621430943802,-0.6677872575330556,0.8449955373522424
180.0,23,bench_23_front,-6.944375767888173,7.339145202293338,-0.6191813153190083,-0.5743943453838647,0.8445794013881321
180.0,24,bench_24_front,-5.648327223832158,8.36030076406494,-0.7041230924489632,-0.46563770351839634,0.8441610037532989
180.0,25,bench_25_front,-4.203164202283773,9.156552876696702,-0.7702612393813271,-0.34437744460709946,0.8437406006868307
180.0,26,bench_26_front,-2.6474139275756645,9.706238669508435,-0.8157593476989851,-0.21382647663768228,0.8433178970409432
180.0,27,bench_27_front,-1.0227413819542313,9.99423279351337,-0.8393251509745656,-0.07746757784871953,0.842892599727999
180.0,28,bench_28_front,0.6271627420748703,10.012401003649668,-0.8402511905187531,0.0610378222398988,0.8424652389932604
180.0,29,bench_29_front,2.2577267798711795,9.75986648413493,-0.8184377621463504,0.19794809387611761,0.8420355208518904
180.0,30,bench_30_front,3.824711989194525,9.24309033766604,-0.7744018125893674,0.3295416521257074,0.8416031534086825
180.0,31,bench_31_front,5.285427365372425,8.475742658069363,-0.7092694051375705,0.4522185643546385,0.8411686626421442
180.0,32,bench_32_front,6.5998839561669085,7.478389011460176,-0.6247487666312842,0.5626000921607899,0.8407317557382022
180.0,33,bench_33_front,7.731920632930067,6.277976419962632,-0.5230897061016468,0.6576230252045693,0.8402921420010524
180.0,34,bench_34_front,8.65022921636075,4.9071307030431885,-0.407027557454672,0.7346272294254457,0.8398503430616807
180.0,35,bench_35_front,9.329236006474899,3.403316698929737,-0.27971069010623767,0.7914319147144904,0.8394060672811176
180.0,36,bench_36_front,9.749859564336125,1.8078326924417392,-0.14461783137340628,0.8264008571961637,0.8389592921743588
180.0,37,bench_37_front,9.900086344054076,0.16468445304416054,-0.005466168991409326,0.8384919142408409,0.8385097311604155
180.0,38,bench_38_front,9.775350609942459,-1.480594549995689,0.13389150694233126,0.8272929702355535,0.8380576318084889
180.0,39,bench_39_front,9.378722006226164,-3.082210610249252,0.26957256677400565,0.7930383451243582,0.8376032387680378
180.0,40,bench_40_front,8.720870927295042,-4.595396218475424,0.3977725344321729,0.7366076804044427,0.8371462619993043
180.0,41,bench_41_front,7.8198316969153066,-5.977649617315933,0.514872048095206,0.6595084349492839,0.8366866807108896
180.0,42,bench_42_front,6.700542913129679,-7.1899646710170755,0.6175410264216152,0.5638390295098913,0.8362244737584031
180.0,43,bench_43_front,5.394217077074012,-8.197932335483431,0.7028357482080467,0.4522345064435022,0.8357596172209824
180.0,44,bench_44_front,3.9374680724025577,-8.972782205678437,0.768284639633054,0.3277980894203349,0.8352920895852621
180.0,45,bench_45_front,2.371360698487018,-9.492203467752283,0.8119638398262701,0.1940161609193502,0.8348218659590224
180.0,46,bench_46_front,0.740237103545965,-9.74105380173654,0.8325562681945143,0.05466432027688639,0.834348924384343
180.0,47,bench_47_front,-0.9095075847519573,-9.71183174659164,0.8293956536469554,-0.08629851847003218,0.8338732425126633
180.0,48,bench_48_front,-2.5307205312684973,-9.404952554663016,0.8024917731016277,-0.2248427716258253,0.8333950550898279
180.0,49,bench_49_front,-4.0768610540051995,-8.82879839160143,0.7525358840015333,-0.35698123718738417,0.8329140774496518
180.0,50,bench_50_front,-5.503335717042823,-7.999535614065931,0.6808880432290815,-0.4788858442572067,0.8324302849141574
180.0,51,bench_51_front,-6.768798489721786,-6.940708665708976,0.5895441080839892,-0.5869987721564623,0.8319433958447778
180.0,52,bench_52_front,-7.83637090599743,-5.682618760928506,0.4810838765199724,-0.6781400251435266,0.8314539012772427
180.0,53,bench_53_front,-8.674757051384876,-4.261484304323267,0.358601437695649,-0.749600977703601,0.8309612607646526
180.0,54,bench_54_front,-9.259183960213178,-2.718448668928288,0.2256204005624245,-0.7992300830321687,0.8304657071628884
180.0,55,bench_55_front,-9.572185845683302,-1.0984083659947297,0.08599443341349285,-0.8255004293233302,0.829967470080069
180.0,56,bench_56_front,-9.604172032609604,0.5512831348012918,-0.05620247715996616,-0.8275600090223054,0.8294662663254695
180.0,57,bench_57_front,-9.353766940902302,2.182170405173744,-0.196793281906464,-0.805264254198427,0.8289620708411609
180.0,58,bench_58_front,-8.827915344114789,3.746134407883942,-0.33162150767713644,-0.7591868170525196,0.8284548554631043
180.0,59,bench_59_front,-8.041745036384008,5.19680065419936,-0.4566730602721944,-0.6906098520319452,0.8279445945846597
180.0,60,bench_60_front,-7.018175327604033,6.490947649248829,-0.5681985272565294,-0.6014922457885341,0.8274312588488686
180.0,61,bench_61_front,-5.787306844603293,7.589799122529092,-0.6628259064176505,-0.4944187907994267,0.8269148220427224
180.0,62,bench_62_front,-4.385575617950633,8.460229441477473,-0.737666242368877,-0.3725287055305616,0.8263952574736224
180.0,63,bench_63_front,-2.854702537209506,9.07580366858699,-0.7904053268957473,-0.23942611322664203,0.825872535249835
180.0,64,bench_64_front,-1.2404970818570562,9.417615848208795,-0.8193782420595228,-0.09907750993667648,0.8253466281119746
180.0,65,bench_65_front,0.40850789402726484,9.47492604375481,-0.8236266795521191,0.044305870575673145,0.8248175055353258
180.0,66,bench_66_front,2.042484548157422,9.245546999450033,-0.8029347065258742,0.18639165346747308,0.8242851396368432
180.0,67,bench_67_front,3.611829733019261,8.735980028027704,-0.7578428039371918,0.32285836208484037,0.8237494992092503
180.0,68,bench_68_front,5.068658953794158,7.9612898008164805,-0.6896392027454168,0.4495257379254106,0.8232105557029252
180.0,69,bench_69_front,6.368300014886146,6.944708055255428,-0.6003275026602424,0.5624855410078444,0.8226682771890325
180.0,70,bench_70_front,7.470671981165639,5.716996634948049,-0.4925731447030284,0.6582228521840701,0.8221226344165222
180.0,71,bench_71_front,8.34156989965439,4.3155504058482475,-0.36962740769890307,0.7337296187981213,0.8215738396661906
180.0,72,bench_72_front,8.953753168904168,2.78331457217176,-0.23523282816877109,0.7866015574589624,0.8210216158208893
180.0,73,bench_73_front,9.287855629434969,1.1674954240793214,-0.09351271592822621,0.8151192051463205,0.8204656888856733
180.0,74,bench_74_front,9.33305238837589,-0.48188352968618436,0.05115383314461523,0.818309214776631,0.8199065103008596
180.0,75,bench_75_front,9.087460697372995,-2.113505549253037,0.19426471515132962,0.7959805892991213,0.8193435653581492
180.0,76,bench_76_front,8.55827698661546,-3.676344741596451,0.33133581621296054,0.7487405800289374,0.818777063239792
180.0,77,bench_77_front,7.76162858975089,-5.1212796174752855,0.458041811055908,0.677982843777593,0.8182072091665583
180.0,78,bench_78_front,6.722128269950366,-6.402666610527976,0.5703534338269064,0.5858514105396534,0.8176337289455742
180.0,79,bench_79_front,5.472193798841992,-7.479773251870561,0.6646688763860851,0.4751807547192655,0.8170565861015451
180.0,80,bench_80_front,4.051059907110127,-8.318148228931324,0.7379312805741319,0.34941389676934986,0.8164757474079191
180.0,81,bench_81_front,2.5035991685632504,-8.890749633237363,0.7877326250489756,0.21249877299828873,0.8158911796877866
180.0,82,bench_82_front,0.8789482809078729,-9.17886965707258,0.812397915617699,0.06876581232051364,0.8153030787652419
180.0,83,bench_83_front,-0.7710449770343606,-9.172810173404425,0.8110446379707825,-0.0772043392187755,0.8147109393983644
180.0,84,bench_84_front,-2.393443697366841,-8.872268142509423,0.7836216976396295,-0.2207273946491913,0.8141151931761468
180.0,85,bench_85_front,-3.935939961136267,-8.286425512516823,0.730918005517496,-0.35716445603392516,0.8135155680401476
180.0,86,bench_86_front,-5.3485319168793595,-7.433736153743363,0.6545465801184586,-0.48207298182272684,0.8129117943222529
180.0,87,bench_87_front,-6.585181807575626,-6.341400601081782,0.5569017780338659,-0.5913532665814295,0.8123043002925742
180.0,88,bench_88_front,-7.6053321446730004,-5.044567145504349,0.4410874111266777,-0.6813859005506322,0.8116925832626727
180.0,89,bench_89_front,-8.37529819142995,-3.585228801491509,0.31082462238523284,-0.7491553164224402,0.8110768360672921
180.0,90,bench_90_front,-8.869403487462975,-2.0109494074379284,0.17033551941276642,-0.792355199032792,0.8104572478594491
180.0,91,bench_91_front,-9.07092210838868,-0.37330608174800667,0.024208968167298672,-0.8094713902323647,0.80983331972971
180.0,92,bench_92_front,-8.972695137413664,1.2737642341852786,-0.12274609757407388,-0.7998415573610171,0.8092052405609848
180.0,93,bench_93_front,-8.57745117808728,2.8757278122249748,-0.26565851846320654,-0.7636859066012172,0.8085731954334059
180.0,94,bench_94_front,-7.897807694224479,4.3792530536529775,-0.39975635529485054,-0.7021089056439488,0.8079369152249241
180.0,95,bench_95_front,-6.955933171387851,5.734017780674014,-0.520527705923144,-0.61707237328781,0.8072963560605618
180.0,96,bench_96_front,-5.782898579431067,6.894402941809777,-0.6238737304846296,-0.5113395887578307,0.8066514777894078
180.0,97,bench_97_front,-4.417700170913285,7.821085171406131,-0.7062527157194382,-0.38838988772449745,0.8060022353242758
180.0,98,bench_98_front,-2.906030222789204,8.48240391077879,-0.7648048083659871,-0.25230993865625395,0.8053488064462856
180.0,99,bench_99_front,-1.298765031655511,8.855514334871945,-0.7974561136802818,-0.10766091477279857,0.8046907019568291
180.0,100,bench_100_front,0.3496710069386461,8.927227564974826,-0.8029990695118633,0.04066982687789189,0.8040283206798103
180.0,101,bench_101_front,1.9831844422576912,8.694560140548372,-0.7811418909735217,0.18763401769607682,0.8033611755807353
180.0,102,bench_102_front,3.545866798442381,8.164922470354115,-0.7325300278551043,0.32819269312192134,0.8026896570456228
180.0,103,bench_103_front,4.983945646471946,7.355960060934513,-0.658733193255445,0.45748905327483297,0.8020134997385134
180.0,104,bench_104_front,6.247647802920291,6.2950369230430265,-0.5622021548875027,0.5710187543711894,0.8013324408781766
180.0,105,bench_105_front,7.292949159693438,5.018387687780816,-0.44619370834527466,0.6647906242527837,0.8006468631433672
180.0,106,bench_106_front,8.083175185177923,3.569919867443124,-0.3146661066762031,0.7354696773544962,0.7999565019416283
180.0,107,bench_107_front,8.590320015605892,1.999794325224439,-0.17214864223966625,0.7805020693269737,0.7992613059873778
180.0,108,bench_108_front,8.796133447067351,0.3626783776153609,-0.02359060885364308,0.7982127019880935,0.798561227734742
180.0,109,bench_109_front,8.692833121728373,-1.2840850044463044,0.12581058854585467,0.7878745006363423,0.7978562106941451
180.0,110,bench_110_front,8.283485408105225,-2.8825011245006547,0.2707864637861392,0.7497444668242816,0.7971462064787289
180.0,111,bench_111_front,7.581994180912157,-4.375960082810062,0.40618538596513243,0.6850664446146574,0.7964311654553776
180.0,112,bench_112_front,6.612717441710524,-5.711247593410843,0.5271583905962093,0.5960369733818491,0.7957110294662131
180.0,113,bench_113_front,5.40968048393782,-6.84050100674779,0.6293327519547978,0.4857392578392938,0.7949857478529202
180.0,114,bench_114_front,4.015474393067626,-7.722938362311116,0.7089768399268828,0.3580413240387582,0.7942554685188739
180.0,115,bench_115_front,2.479788853138811,-8.32641407897339,0.7631392396347538,0.2174673684461948,0.7935197259105934
180.0,116,bench_116_front,0.8577083199914021,-8.628648375661191,0.7897666766700492,0.06904065769915202,0.7927786677213164
180.0,117,bench_117_front,-0.7922610887982101,-8.618136009023502,0.7877875175381565,-0.08189147951071458,0.7920324407531455
180.0,118,bench_118_front,-2.4102413247385512,-8.294660406424104,0.7571623105443974,-0.2298488957723049,0.7912807841699926
180.0,119,bench_119_front,-3.9371852871673125,-7.669415482991474,0.6988972933912325,-0.3694182926596904,0.7905234352384445
180.0,120,bench_120_front,-5.317034387600345,-6.764703460599157,0.6150204466392208,-0.4954508638718552,0.7897605385784189
180.0,121,bench_121_front,-6.49880653204812,-5.613224133487799,0.5085184377463318,-0.6032559521293287,0.7889922339969087
180.0,122,bench_122_front,-7.438526222859626,-4.256970877792999,0.38323643555442516,-0.6887799751939327,0.7882182564268704
180.0,123,bench_123_front,-8.100922466281558,-2.745765473906874,0.2437467746666866,-0.7487636259807177,0.7874385422064407
180.0,124,bench_124_front,-8.460822589299973,-1.135496602416636,0.09518810931756846,-0.7808727280521456,0.7866530325188186
180.0,125,bench_125_front,-8.504201135534455,0.5139362159505895,-0.05692280441261475,-0.7837973847673336,0.7858616583281745
180.0,126,bench_126_front,-8.228807570389572,2.1407914746440295,-0.20689041978561007,-0.7573126177535361,0.7850643583858455
180.0,127,bench_127_front,-7.64437387743541,3.6838164689834447,-0.3490558984255651,-0.7023002903769806,0.784261256271958
180.0,128,bench_128_front,-6.772357222311653,5.084567216857006,-0.4780095874262889,-0.6207286163616063,0.783452092244092
180.0,129,bench_129_front,-5.645260604610877,6.289623821200943,-0.5888008372466969,-0.5155908573365351,0.7826367983371562
180.0,130,bench_130_front,-4.305493329253025,7.252706368582272,-0.677132278405856,-0.3908026986117443,0.7818151135027561
180.0,131,bench_131_front,-2.803854759713827,7.93650469772046,-0.7395321103924808,-0.2510647189034972,0.780987346491381
180.0,132,bench_132_front,-1.1976688339734267,8.314203640585221,-0.7734973076182307,-0.10169066588624993,0.7801532390633527
180.0,133,bench_133_front,0.45136159488366495,8.370624135679801,-0.7776031659146314,0.051590980199809636,0.779312718283511
180.0,134,bench_134_front,2.0795043095077297,8.102926457125076,-0.7515712738366931,0.20285405166250586,0.7784658925941483
180.0,135,bench_135_front,3.6234249513690315,7.520852693610428,-0.696294176819922,0.34620171220666507,0.7776125038913401
180.0,136,bench_136_front,5.022694407235742,6.6464766256281935,-0.6138150259412631,0.4759991990770168,0.7767522922999551
180.0,137,bench_137_front,6.222183847508496,5.513457437174966,-0.5072622615810276,0.5870974183296579,0.7758855460914633
180.0,138,bench_138_front,7.174266686798936,4.165855884819475,-0.3807386562797269,0.675041779624025,0.7750118248282815
180.0,139,bench_139_front,7.84080731102683,2.656476797853574,-0.2391721461546604,0.7362581920202192,0.7741314105583808
180.0,140,bench_140_front,8.194755259458868,1.0448840045543555,-0.08812859371316274,0.7682055034867569,0.7732440394967175
180.0,141,bench_141_front,8.221347283886809,-0.6049058628490157,0.06640091701459763,0.7694900065966422,0.772349630693561
180.0,142,bench_142_front,7.918829784204776,-2.226939866610683,0.21823565221390812,0.7399360608618359,0.7714481019880471
180.0,143,bench_143_front,7.298668690245654,-3.7559585216582376,0.3612517446882396,0.6806086238449961,0.7705393707608175
180.0,144,bench_144_front,6.385220455669218,-5.130049575808616,0.48963151939927513,0.5937856007724057,0.769623521258212
180.0,145,bench_145_front,5.214899571709442,-6.293165378455761,0.5981026013336586,0.4828803312994342,0.7687002901508108
180.0,146,bench_146_front,3.834803754736586,-7.197502702985376,0.6821600618301886,0.3523177451806116,0.7677695901280001
180.0,147,bench_147_front,2.3009127162339795,-7.80552492553033,0.7382612980729484,0.20736573844541523,0.7668313332887273
180.0,148,bench_148_front,0.6759068312997601,-8.091614262763308,0.763984458364755,0.05392801314250084,0.765885424345173
180.0,149,bench_149_front,-0.9733832011382884,-8.043273400621215,0.7581422981846206,-0.10169007458091137,0.7649317718365015
180.0,150,bench_150_front,-2.57867001716149,-7.661777312266167,0.7208480780305007,-0.25303881647140863,0.7639702836115538
180.0,151,bench_151_front,-4.073056058573582,-6.962271967266427,0.6535272524556385,-0.39379238497255314,0.76300085987146
180.0,152,bench_152_front,-5.393824675542941,-5.973300250758331,0.5588753639446444,-0.518013511912603,0.762023405774578
180.0,153,bench_153_front,-6.485139068106459,-4.735744140262188,0.4407608748874143,-0.6204100751670734,0.7610379821009806
180.0,154,bench_154_front,-7.30045743898951,-3.301251424384148,0.3040768764461363,-0.6965663134373354,0.7600443248948834
180.0,155,bench_155_front,-7.804621273395537,-1.7301628533027926,0.15454756606360542,-0.7431421904121029,0.7590423343573682
180.0,156,bench_156_front,-7.9754802076947025,-0.0890319162631543,-0.00150631011147504,-0.7580304068188447,0.7580319034394892
180.0,157,bench_157_front,-7.804980948519192,1.552132874166583,-0.1574292556692167,-0.7404625812606047,0.7570130809884867
180.0,158,bench_158_front,-7.2996755202844374,3.1228531332531198,-0.30651326603839235,-0.6910599451388542,0.7559856017364606
180.0,159,bench_159_front,-6.480602702839544,4.555204733392199,-0.4422870897029673,-0.6118254916108488,0.754949204849424
180.0,160,bench_160_front,-5.382550184758172,5.7867849445004484,-0.5588010072260496,-0.506075662920976,0.7539039343827255
180.0,161,bench_161_front,-4.052698118445434,6.7635041354464915,-0.6508933702071167,-0.378312943346491,0.7528498273115721
180.0,162,bench_162_front,-2.548678789538608,7.442056631068083,-0.714427581596256,-0.23404394176253812,0.7517867623343879
180.0,163,bench_163_front,-0.9361981533084412,7.79192669173376,-0.7464875469237459,-0.07955084957261498,0.7507143234146771
180.0,164,bench_164_front,0.7137973475263554,7.796903049317296,-0.7455243344505623,0.07837497666426209,0.7496326902057283
180.0,165,bench_165_front,2.328186812603837,7.455961615039931,-0.7114429112791658,0.23273006493688025,0.7485414478403314
180.0,166,bench_166_front,3.8349355564532086,6.783487069419111,-0.6456270823968975,0.3766077034714338,0.7474407614241798
180.0,167,bench_167_front,5.16629936950995,5.80881970556426,-0.5508970292531239,0.5035091591420839,0.7463303626276273
180.0,168,bench_168_front,6.261952182392142,4.575106116258605,-0.43140205798470727,0.6076433092731743,0.7452101226754072
180.0,169,bench_169_front,7.071791870584174,3.1375155308686944,-0.2924509013549475,0.6841983513525112,0.7440799108273356
180.0,170,bench_170_front,7.558339894903923,1.5608785829785723,-0.14028608837252,0.7295745706530257,0.7429395942702267
180.0,171,bench_171_front,7.6986055005028255,-0.08315334343770338,0.018188039946575685,0.7415661662686583,0.7417891774294726
180.0,172,bench_172_front,7.485320545564469,-1.7193061345848848,0.17571545999393595,0.7194820896340127,0.7406283819737169
180.0,173,bench_173_front,6.9274636228175925,-3.272136677603453,0.32501706107854994,0.6641992678505254,0.7394570693456868
180.0,174,bench_174_front,6.050036597680712,-4.669505008002819,0.45912907773926975,0.578144109491961,0.7382750987037048
180.0,175,bench_175_front,4.893115307492694,-5.8459583706573515,0.5717330884367817,0.46520083335184975,0.7370824511306155
180.0,176,bench_176_front,3.5101510983203736,-6.745904749311485,0.6574602560698052,0.3305503098146606,0.7358787234524055
180.0,177,bench_177_front,1.965615129600592,-7.32634496064488,0.7121593667171023,0.18044462575663656,0.7346640229161605
180.0,178,bench_178_front,0.3321078796177175,-7.559051315594242,0.733110282002451,0.02192519391010541,0.7334380680778092
180.0,179,bench_179_front,-1.3130060087817348,-7.432102192838761,0.7191740307869166,-0.13750118859742283,0.7322006988688312
180.0,180,bench_180_front,-2.891200499724046,-6.9506590746172705,0.6708700991380918,-0.29021334657087344,0.7309517606828915
180.0,181,bench_181_front,-4.32659179355351,-6.136927194304253,0.5903758866064578,-0.4288419378493325,0.7296910957005929
180.0,182,bench_182_front,-5.54958140816931,-5.029312570167525,0.4814451931520726,-0.546629916514765,0.7284186568438342
180.0,183,bench_183_front,-6.500333918128573,-3.6807692544431125,0.34924767656631006,-0.6377696549075582,0.7271341501455366
180.0,184,bench_184_front,-7.131824597525553,-2.156395871301924,0.20013922659686725,-0.6976992455435844,0.7258374110328559
180.0,185,bench_185_front,-7.41229987822994,-0.5304097530866866,0.041365319589294035,-0.7233464705037246,0.7245282644969209
180.0,186,bench_186_front,-7.3270406188111155,1.1173875965025009,-0.11928244131986487,-0.7133018665217156,0.7232066465337486
180.0,187,bench_187_front,-6.879318609226098,2.7054774197989664,-0.27384638107466086,-0.6679129566563182,0.7218722588499112
180.0,188,bench_188_front,-6.090464487356994,4.154687032936181,-0.4145949684028363,-0.5892937980925611,0.7205249255197942
180.0,189,bench_189_front,-4.999047257215091,5.392147510555368,-0.534417058928835,-0.4812442132245053,0.7191645052672017
180.0,190,bench_190_front,-3.6591574762923176,6.355063903342383,-0.6271873363545998,-0.34908395782022483,0.7177907525811477
180.0,191,bench_191_front,-2.1378925913706883,6.994013554056039,-0.688092363191765,-0.19940640254717126,0.7164035271127804
180.0,192,bench_192_front,-0.5121062693247578,7.27565076665403,-0.7138961864074099,-0.03976082611806351,0.7150025791985888
180.0,193,bench_193_front,1.1353773142312842,7.184622413783393,-0.7031299766816127,0.12171957588432916,0.7135877095786798
180.0,194,bench_194_front,2.719951909416163,6.724602052040127,-0.6561943494014786,0.2767291101873628,0.712158707460296
180.0,195,bench_195_front,4.159557123303648,5.918363219994153,-0.5753671660553097,0.4172158731699782,0.71071545684578
180.0,196,bench_196_front,5.378996991654621,4.806854912987823,-0.4647135934479805,0.5358056432144581,0.7092576479924584
180.0,197,bench_197_front,6.313953190311722,3.4473146276225397,-0.3299009363679117,0.6261990074928849,0.7077851544088072
180.0,198,bench_198_front,6.914515881608758,1.9104892387728374,-0.17792348211709771,0.6835200145807008,0.7062976538408396
180.0,199,bench_199_front,7.148022701686293,0.27709921240607766,-0.016754999516605307,0.7045957432915261,0.7047949286660196
180.0,200,bench_200_front,7.001045150344982,-1.3663413565121472,0.14506440983000607,0.6881529542321502,0.7032767388573035
180.0,201,bench_201_front,6.480369865556409,-2.932035805622433,0.29887419020468975,0.6349151490229825,0.7017428503585805
180.0,202,bench_202_front,5.612927522746892,-4.335616970402913,0.4363598568718986,0.5475951529071368,0.700193099206679
180.0,203,bench_203_front,4.444619976787513,-5.5007618869598405,0.550007651617217,0.4307801061727078,0.6986271657412524
180.0,204,bench_204_front,3.038109741084852,-6.363443449372539,0.6335295327585332,0.2907092664472429,0.697044866902798
180.0,205,bench_205_front,1.4696125277208,-6.87562742550996,0.682224973050918,0.1349590105582229,0.6954457911190349
180.0,206,bench_206_front,-0.17506291291355983,-7.008127632977199,0.693266578317887,-0.027953208819982193,0.6938299002608092
180.0,207,bench_207_front,-1.8051458082252665,-6.752512970540283,0.6658866267647225,-0.1890274531687321,0.6921967767590067
180.0,208,bench_208_front,-3.329873945384054,-6.12187896243262,0.6014529005951366,-0.339276260132237,0.6905461406188732
180.0,209,bench_209_front,-4.663584510207044,-5.150428875673222,0.5034270873059006,-0.4702273644461611,0.6888777877877074
180.0,210,bench_210_front,-5.730602046704181,-3.8918644925573136,0.3772020088784745,-0.5744132020453284,0.6871912995563346
180.0,211,bench_211_front,-6.4696747547598985,-2.4166475665733858,0.22982702014576634,-0.6458105749058598,0.6854865117924055
180.0,212,bench_212_front,-6.837699382137515,-0.8082123110354904,0.06963135042167602,-0.6802083469510141,0.6837630585395627
180.0,213,bench_213_front,-6.812452792448402,0.8415971411092501,-0.0942324229313793,-0.6754794500024867,0.6820207012306739
180.0,214,bench_214_front,-6.394203911589144,2.4377059836165373,-0.25230762573546295,-0.6317382756304161,0.6802590586686501
180.0,215,bench_215_front,-5.606040963576259,3.8872882892188185,-0.39537566061267215,-0.5513712387812342,0.6784778227474054
180.0,216,bench_216_front,-4.492868279606895,5.105221438111538,-0.5150031644639455,-0.4389340687579061,0.6766767146313282
180.0,217,bench_217_front,-3.1191284789773177,6.019188584584271,-0.6040503313527825,-0.3009201761741352,0.6748553587518431
180.0,218,bench_218_front,-1.5652730929766758,6.574188323150345,-0.6571181762960855,-0.14540567195758589,0.6730134523589631
180.0,219,bench_219_front,0.07677132700293267,6.736064929719479,-0.6708982266262489,0.018404030685695814,0.6711506081616299
180.0,220,bench_220_front,1.708898830165064,6.493886255358387,-0.6444076241352166,0.18071086533425745,0.6692664662848802
180.0,221,bench_221_front,3.232688426645063,5.860976299898683,-0.5790873985107348,0.33170483303625903,0.667360705595964
180.0,222,bench_222_front,4.555323329560506,4.874501707883915,-0.47875626426502116,0.4621616728320159,0.6654329210430501
180.0,223,tail_rear,5.595386882581036,3.5935773452179727,-0.349415752757682,0.5640195013775149,0.6634827550203231
190.0,0,head_front,7.202248177332648,7.670047932613386,-0.6185363072052276,0.5918584153143148,0.8560861797210908
190.0,1,bench_1_front,8.982923635479231,5.4320213436783025,-0.43573959291134406,0.7361770741302506,0.8554681042011563
190.0,2,bench_2_front,9.71074075650374,3.9512191155476346,-0.3147808528118402,0.7950599932219762,0.8551066472195606
190.0,3,bench_3_front,10.197201540035609,2.374561895934096,-0.18596569922678602,0.834267842663213,0.8547432799331264
190.0,4,bench_4_front,10.42991592760702,0.7410537418049923,-0.052471053268786386,0.8527655987661749,0.8543783575618993
190.0,5,bench_5_front,10.402758098958168,-0.9087211197234775,0.08239162856761743,0.8500278761494482,0.8540115752664983
190.0,6,bench_6_front,10.116064559561968,-2.5336200746141224,0.21525814676480057,0.8260566971853487,0.8536426282194343
190.0,7,bench_7_front,9.5766631822326,-4.092964221516107,0.3427942382227758,0.7813868156921145,0.8532720817512992
190.0,8,bench_8_front,8.797754778724954,-5.547538739937908,0.46178000289177046,0.7170749752289141,0.8528993441023808
190.0,9,bench_9_front,7.798610059845691,-6.8606265545932015,0.5691928489367191,0.6346793256328799,0.8525246891829619
190.0,10,bench_10_front,6.604128173635394,-7.998927728595422,0.6622843161712627,0.5362237164192564,0.8521481030295825
190.0,11,bench_11_front,5.244262671905905,-8.933414855913892,0.7386531142518431,0.4241502868533078,0.8517698568461376
190.0,12,bench_12_front,3.753266422650817,-9.640125519866965,0.7963079393983913,0.30126067995767547,0.8513896473633403
190.0,13,bench_13_front,2.1688737103838736,-10.100784720000522,0.8337221520392571,0.1706489689038137,0.8510074602428024
190.0,14,bench_14_front,0.5313530134193378,-10.303318167504168,0.8498769672923692,0.03562452105106151,0.8506232809147609
190.0,15,bench_15_front,-1.117516330806186,-10.24220158287409,0.8442917852997944,-0.10037177936037453,0.850237092120005
190.0,16,bench_16_front,-2.735482643860329,-9.918644296738865,0.8170409680616739,-0.2338528892405912,0.8498488790940006
190.0,17,bench_17_front,-4.280918296863787,-9.340607152633781,0.7687569745827938,-0.3613760810555585,0.8494586263784504
190.0,18,bench_18_front,-5.7138939542606035,-8.522643529862918,0.7006184120640178,-0.4796321215283326,0.8490660347257303
190.0,19,bench_19_front,-6.997229766713041,-7.4855624239420475,0.6143256273018463,-0.585531896293941,0.8486716549628516
190.0,20,bench_20_front,-8.097463607503714,-6.255939894042573,0.512059048353975,-0.676288639195831,0.8482751867799314
190.0,21,bench_21_front,-8.985758209150724,-4.865457827481074,0.39642755684280545,-0.7494931228918814,0.8478766119469157
190.0,22,bench_22_front,-9.638671489721268,-3.3501299696201396,0.2704050817741557,-0.8031790074854955,0.8474759148876583
190.0,23,bench_23_front,-10.038817295915875,-1.7493809760635892,0.1372551594874583,-0.8358790718805021,0.847073079263966
190.0,24,bench_24_front,-10.175361444707422,-0.10503933790054991,0.00044803697379061094,-0.8466679702619329,0.8466680888072912
190.0,25,bench_25_front,-10.044352716297224,1.5397466587619029,-0.13642941785109414,-0.8351916188204942,0.846261204477191
190.0,26,bench_26_front,-9.64887204819603,3.141645435905656,-0.26976674573531606,-0.8016805639715298,0.8458521287756701
190.0,27,bench_27_front,-8.998997371824803,4.658276366178051,-0.3960251590868803,-0.7469496799422874,0.8454405662112947
190.0,28,bench_28_front,-8.111597832185726,6.049322092000283,-0.5118322591617448,-0.6723826758523114,0.8450270553686018
190.0,29,bench_29_front,-7.009918499318742,7.277649599831076,-0.6140732123546807,-0.5798985581952951,0.8446112999058081
190.0,30,bench_30_front,-5.72300936700516,8.310302445717422,-0.6999760321062742,-0.4719061188830224,0.8441930055162037
190.0,31,bench_31_front,-4.285009033061741,9.11940144153129,-0.76718942367227,-0.3512445995915494,0.8437727066792441
190.0,32,bench_32_front,-2.734236274125257,9.682951942653094,-0.8138487926799659,-0.22110980911011585,0.8433501082180224
190.0,33,bench_33_front,-1.112202265993247,9.985461016091373,-0.8386311123477027,-0.08497219035215284,0.8429249170185845
190.0,34,bench_34_front,0.537464268076112,10.018401930026435,-0.840796387120953,0.053514000076056153,0.842497663379423
190.0,35,bench_35_front,2.170218708159484,9.78050174949587,-0.8202114688925116,0.19060889978082732,0.8420680532940725
190.0,36,bench_36_front,3.741783132108373,9.277819751880246,-0.7773598466478109,0.3225871664946263,0.8416357948467613
190.0,37,bench_37_front,5.2093421000044655,8.52364067481138,-0.7133350253088967,0.44583961321256815,0.8412014140751172
190.0,38,bench_38_front,6.532729588155296,7.538166479087694,-0.6298144751501659,0.5569729526816746,0.8407646181468519
190.0,39,bench_39_front,7.675548933559131,6.348013259535474,-0.5290199139381674,0.6529044584184325,0.8403251163483171
190.0,40,bench_40_front,8.606203922657699,4.985518059694019,-0.41366205934247197,0.7309499827455415,0.8398834303730264
190.0,41,bench_41_front,9.29878757254282,3.4879073424456863,-0.2868688543830824,0.7889008467448178,0.8394392685654827
190.0,42,bench_42_front,9.733848722244765,1.8962986145200253,-0.15210341110925513,0.8250897826087403,0.8389926084515938
190.0,43,bench_43_front,9.898977606386406,0.25458194381181126,-0.013072756201037006,0.8384412566472085,0.8385431639473557
190.0,44,bench_44_front,9.78919731678443,-1.3917597626636573,0.12637544667111214,0.8285086133464642,0.8380914484175364
190.0,45,bench_45_front,9.40715850857924,-2.9969244441600833,0.26235654294731886,0.7954904651466629,0.8376371742983488
190.0,46,bench_46_front,8.763123485304847,-4.516044850714757,0.3910593351988818,0.7402320459208638,0.8371803183630031
190.0,47,bench_47_front,7.8747369855299105,-5.906464115397336,0.5088524102322782,0.6642070588809814,0.8367208569568003
190.0,48,bench_48_front,6.766580990620441,-7.128954237349208,0.6123869452427373,0.5694830637985052,0.8362587701525549
190.0,49,bench_49_front,5.469536396081778,-8.148839389933945,0.6986955674679873,0.45866782476115253,0.8357940353164409
190.0,50,bench_50_front,4.019957227361986,-8.937010656906716,0.7652791628480216,0.3348408289306341,0.835326629414101
190.0,51,bench_51_front,2.45868334982645,-9.470791642491463,0.8101821203909537,0.2014704855739647,0.8348565294459828
190.0,52,bench_52_front,0.8299175935869332,-9.734631834622556,0.8320531660824292,0.062319419388326656,0.8343837134200862
190.0,53,bench_53_front,-0.8200239077356899,-9.72060601049184,0.8301901532751149,-0.07866104516166561,0.8339084186053553
190.0,54,bench_54_front,-2.443997993784932,-9.428695215042982,0.8045652744221015,-0.2174416742706337,0.8334303585276504
190.0,55,bench_55_front,-3.995392034411546,-8.86685180902083,0.7558328547733943,-0.35003020869902773,0.8329492489682573
190.0,56,bench_56_front,-5.429476612816406,-8.050826030727169,0.6853180095652897,-0.47258669062449654,0.8324655875109458
190.0,57,bench_57_front,-6.704693356481036,-7.003777554011865,0.5949824754541492,-0.5815364352440169,0.8319788288255091
190.0,58,bench_58_front,-7.783897739403971,-5.755653264712694,0.4873765453190918,-0.6736756172669378,0.8314894672977899
190.0,59,bench_59_front,-8.635457365973808,-4.342381762669305,0.3655678630007867,-0.7462681051404937,0.8309969598072816
190.0,60,bench_60_front,-9.234228085945556,-2.804857896316395,0.23305950729774771,-0.7971301654738076,0.8305017968976158
190.0,61,bench_61_front,-9.562327420207,-1.1878056295838877,0.09368986742498042,-0.824698940382655,0.8300036948871881
190.0,62,bench_62_front,-9.609723498082735,0.461512173835633,-0.04847554722547143,-0.8280849792039995,0.8295026289663566
190.0,63,bench_63_front,-9.374588849114932,2.0946725353365605,-0.18926289612012126,-0.8071048180361565,0.8289985712562798
190.0,64,bench_64_front,-8.863418009359679,3.6634928140410548,-0.3245106361123259,-0.7622932550626306,0.8284914964343371
190.0,65,bench_65_front,-8.090898221491223,5.121475583639724,-0.4501944645132845,-0.6948943108133683,0.8279813760460975
190.0,66,bench_66_front,-7.079543816388054,6.425184243792816,-0.5625467673041709,-0.6068317151096012,0.8274681842024098
190.0,67,bench_67_front,-5.859079464404629,7.535576055029622,-0.6581728424932863,-0.500657508482779,0.8269518918267714
190.0,68,bench_68_front,-4.4656208879729755,8.419188402770004,-0.7341548663953184,-0.3794828897645447,0.8264324724234747
190.0,69,bench_69_front,-2.940630472560599,9.049197681654361,-0.7881452015805716,-0.24688924229720738,0.8259098962577994
190.0,70,bench_70_front,-1.3297292767088618,9.406268571557641,-0.8184418765560227,-0.10682634030210866,0.8253841361953148
190.0,71,bench_71_front,0.31865353790979156,9.479204091369645,-0.8240472531580256,0.03650444006612989,0.8248554113187527
190.0,72,bench_72_front,1.9547317189843232,9.265346991923723,-0.8047042061102754,0.17877437756566616,0.8243234422273578
190.0,73,bench_73_front,3.5288508335311946,8.770725255927328,-0.7609119443793603,0.31565741504718176,0.823787952554204
190.0,74,bench_74_front,4.992993096651985,8.00994427711526,-0.693918841329762,0.44296255186967093,0.8232491607717134
190.0,75,bench_75_front,6.302274294240761,7.005804873134965,-0.6056907735649041,0.5567634617913294,0.8227070350784154
190.0,76,bench_76_front,7.416328324745262,5.78867965824702,-0.49885899323750155,0.6535207059631718,0.8221615463256209
190.0,77,bench_77_front,8.300595390457222,4.3956374527070725,-0.37664551561591336,0.7301955397620203,0.8216126646552654
190.0,78,bench_78_front,8.927436910928211,2.8693476838245124,-0.2427686016081255,0.7843493565774542,0.8210605989147397
190.0,79,bench_79_front,9.277041025328405,1.2568083414305362,-0.10133410279768695,0.8142232974381084,0.8205048314792537
190.0,80,bench_80_front,9.338100122669587,-0.3920634427913235,0.04328894021823473,0.8188020589585389,0.8199455738644855
190.0,81,bench_81_front,9.10824033296476,-2.0259703216380034,0.18660192253328034,0.7978522919191848,0.8193830344923017
190.0,82,bench_82_front,8.594165917350741,-3.593839015530343,0.324116140682501,0.7519374342727689,0.8188169378509664
190.0,83,bench_83_front,7.811521760987417,-5.046410762634002,0.4514940876197933,0.6824087112514646,0.8182472489092245
190.0,84,bench_84_front,6.784484009523412,-6.337797485932473,0.5646865266388514,0.5913711121836076,0.8176739360483049
190.0,85,bench_85_front,5.545057961504333,-7.426977677794295,0.6600651881790336,0.4816237067216581,0.8170969633538805
190.0,86,bench_86_front,4.132132445008565,-8.279124904225341,0.7345408393982852,0.35657905072016777,0.8165162975449011
190.0,87,bench_87_front,2.590324239146074,-8.866758751413512,0.7856682130866013,0.22015977630044184,0.8159319016654232
190.0,88,bench_88_front,0.9685596782925431,-9.17070570034769,0.8117299843765255,0.07668018347799335,0.8153437422793733
190.0,89,bench_89_front,-0.6814110079551227,-9.180761902442715,0.8118002915935788,-0.06929019428313794,0.8147520140847855
190.0,90,bench_90_front,-2.3066672109020105,-8.8961090020198,0.78578136070896,-0.21306804655158224,0.81415621308133
190.0,91,bench_91_front,-3.8548321068074567,-8.325412589401154,0.7344172423131369,-0.3500079353395464,0.8135565380522025
190.0,92,bench_92_front,-5.275732349160782,-7.486629971687677,0.6592772284710181,-0.47565327154583353,0.8129529498763637
190.0,93,bench_93_front,-6.523064498749966,-6.406509505164297,0.5627143481076246,-0.5858822445221061,0.8123456419606434
190.0,94,bench_94_front,-7.555943484506174,-5.119785699071675,0.4477963047545067,-0.6770458724028846,0.8117343431748925
190.0,95,bench_95_front,-8.340272529014737,-3.6681184177578388,0.3182129877723735,-0.7460928545015739,0.8111190129230897
190.0,96,bench_96_front,-8.849916961974994,-2.098799320472044,0.17816299409727337,-0.7906753898930818,0.810499614218466
190.0,97,bench_97_front,-9.067643511495888,-0.46322634716611333,0.032219027996206864,-0.8092349722253667,0.8098761053627959
190.0,98,bench_98_front,-8.985760116676127,1.184736616723879,-0.1148178807947801,-0.801061505189619,0.8092482195512465
190.0,99,bench_99_front,-8.606454382414478,2.790550875772878,-0.2580760834223363,-0.7663270626649064,0.8086163687480213
190.0,100,bench_100_front,-7.941814630204434,4.30076239657208,-0.3927734333096005,-0.7060883862679438,0.8079800611006934
190.0,101,bench_101_front,-7.013500736405808,5.664850175278168,-0.5143800304930641,-0.6222624698529806,0.8073397036920563
190.0,102,bench_102_front,-5.85212058109325,6.836896008832458,-0.6187710118084265,-0.5175705791973145,0.8066950288089468
190.0,103,bench_103_front,-4.496269309721854,7.777195218273519,-0.7023708571192199,-0.3954558391069094,0.8060459922449447
190.0,104,bench_104_front,-2.9913018698834737,8.453641529426198,-0.7622796852782442,-0.2599746887999371,0.8053925486398066
190.0,105,bench_105_front,-1.3878712085073466,8.842878123069818,-0.7963786563830707,-0.115667205921232,0.8047346561868264
190.0,106,bench_106_front,0.2597617368733746,8.93117800753665,-0.8034115940434882,0.032594074113718154,0.8040724862292138
190.0,107,bench_107_front,1.8955377428890985,8.714992157747014,-0.7830359144715435,0.17976441113231853,0.8034055556579351
190.0,108,bench_108_front,3.46348823786744,8.201166687992249,-0.7358462622207954,0.3207998786671487,0.8027342547675246
190.0,109,bench_109_front,4.9096852309928565,7.406794718718577,-0.6633629794900472,0.45082935020014353,0.8020583180541153
190.0,110,bench_110_front,6.184080041381917,6.3587342190246545,-0.56799058784589,0.5653254862663522,0.8013776970341807
190.0,111,bench_111_front,7.242293290058959,5.092765864445844,-0.45294408889328963,0.6602650064954201,0.8006923419552415
190.0,112,bench_112_front,8.04721450693925,3.6524159197409936,-0.3221468813420143,0.7322735645622878,0.8000019915694866
190.0,113,bench_113_front,8.570338739939688,2.0875400427203985,-0.1801012961802418,0.7787523621050009,0.7993070238462324
190.0,114,bench_114_front,8.792860342280592,0.452616156474866,-0.03173764809326096,0.7979762786785292,0.7986071747988026
190.0,115,bench_115_front,8.706415482986019,-1.1951178557657007,0.1177547874937465,0.7891654052831177,0.7979023918208071
190.0,116,bench_116_front,8.313474124349513,-2.797650067188898,0.26310644064867816,0.7525231459831151,0.7971926268795649
190.0,117,bench_117_front,7.62735982519914,-4.298232171805898,0.39915613983530285,0.6892396514097399,0.7964778220664023
190.0,118,bench_118_front,6.671875216906975,-5.643422510590592,0.5210320921213721,0.6014617522448136,0.7957579282883555
190.0,119,bench_119_front,5.480543711850231,-6.785019747460686,0.6243319910160011,0.49222643410620837,0.7950328907906373
190.0,120,bench_120_front,4.095524751706477,-7.681812519323241,0.7052850457627347,0.3653624370416993,0.7943026540164602
190.0,121,bench_121_front,2.5661746733886233,-8.3011462024991,0.7608948134896674,0.22536176047961165,0.7935671617966217
190.0,122,bench_122_front,0.9473146883415529,-8.620184902174408,0.7890563348249142,0.07722521155290488,0.7928263572981905
190.0,123,bench_123_front,-0.7026748509116248,-8.626815783674946,0.7886430052497362,-0.07371261923318322,0.79208038731151
190.0,124,bench_124_front,-2.323934127122965,-8.320200808044142,0.7595585883305892,-0.22197369835536823,0.7913289909186428
190.0,125,bench_125_front,-3.8573227488431363,-7.710912962181024,0.7027528293227785,-0.36213631904706645,0.7905721046774474
190.0,126,bench_126_front,-5.2465543154529355,-6.820666412577382,0.6201994136911528,-0.4890317027293839,0.7898096726536402
190.0,127,bench_127_front,-6.440318111872916,-5.681622032069302,0.5148348438854911,-0.59793961585375,0.789041634317181
190.0,128,bench_128_front,-7.394212414167218,-4.335302921347344,0.39046092156614,-0.6847677724939855,0.7882681228596359
190.0,129,bench_129_front,-8.07245389967177,-2.8311512907904324,0.251614422201834,-0.7462094901716136,0.7874886797168212
190.0,130,bench_130_front,-8.449295773805172,-1.2247563416921223,0.10340755926496518,-0.7798776715669048,0.7867034421697634
190.0,131,bench_131_front,-8.510078708201778,0.42412687430322726,-0.04865742974179663,-0.7844046599881981,0.7859123463085935
190.0,132,bench_132_front,-8.251903149080427,2.053804354136382,-0.19888980767202682,-0.7595057088615038,0.7851153274449756
190.0,133,bench_133_front,-7.68384981935383,3.6029381001710687,-0.3416227963388354,-0.7060026052686827,0.7843123189294765
190.0,134,bench_134_front,-6.826757080714891,5.012862490585315,-0.4714284517524995,-0.6258057681039498,0.7835034425667403
190.0,135,bench_135_front,-5.712549339127907,6.229837306359323,-0.5833254125124647,-0.521855015273372,0.7826884398333788
190.0,136,bench_136_front,-4.383124442319701,7.207149238889991,-0.6729759313326349,-0.3980198235144485,0.7818672419685454
190.0,137,bench_137_front,-2.888876856943826,7.906949891102748,-0.7368596335417434,-0.2589614046116319,0.7810397740331166
190.0,138,bench_138_front,-1.2868181739938003,8.301821983439226,-0.7724175860185822,-0.10996557880114828,0.7802059700565264
190.0,139,bench_139_front,0.36151532383443435,8.375926121194647,-0.7781643921464435,0.043256871368246116,0.7793657537544313
190.0,140,bench_140_front,1.9924395409058164,8.125742821946435,-0.7537582404228969,0.19478377757269,0.77851923869029
190.0,141,bench_141_front,3.5425422956127037,7.5603296005549465,-0.7000279928302217,0.33871148307785154,0.7776661619967186
190.0,142,bench_142_front,4.951171863558057,6.701101607026182,-0.6189558239373467,0.46938464718513684,0.77680644886553
190.0,143,bench_143_front,6.162841795062033,5.581121863103927,-0.5136136323822538,0.5816218339122126,0.775940024133501
190.0,144,bench_144_front,7.129471439509999,4.243919270171295,-0.3880543896932701,0.6709264809645915,0.7750668050044117
190.0,145,bench_145_front,7.812364124989399,2.741870088415437,-0.247166282890454,0.7336715232993869,0.7741867187560936
190.0,146,bench_146_front,8.183830307374942,1.1342288973698313,-0.09648569816925379,0.7672567407715164,0.7732996807257445
190.0,147,bench_147_front,8.228415760131453,-0.5151651564377417,0.058013741554124,0.7702240591951715,0.7724057842689913
190.0,148,bench_148_front,7.943648117701143,-2.140406569094298,0.2101551818736845,0.7423302093201147,0.7715045950204099
190.0,149,bench_149_front,7.340273539700349,-3.6761300842956373,0.353805675474531,0.6845728991114124,0.7705962043741152
190.0,150,bench_150_front,6.441968312520502,-5.060163335473544,0.48312377274940255,0.599165700401743,0.7696805287478224
190.0,151,bench_151_front,5.2845097281864755,-6.236090402844514,0.5928016562204519,0.48946350486380263,0.7687576511562462
190.0,152,bench_152_front,3.9144623015327795,-7.155592727069463,0.6782875148999976,0.3598399980271604,0.7678273093928095
190.0,153,bench_153_front,2.3873862733391835,-7.7805246351081,0.7359822637613689,0.21552140199584074,0.7668894100778559
190.0,154,bench_154_front,0.7656440250314887,-8.084591404683056,0.7633991626356929,0.062383669856819625,0.7659438646387096
190.0,155,bench_155_front,-0.8840807380452284,-8.054556522873403,0.7592818278545079,-0.09328288999636844,0.76499058273691
190.0,156,bench_156_front,-2.493515408521269,-7.690936781916383,0.7236720042626212,-0.2450303186753698,0.764029467248242
190.0,157,bench_157_front,-3.995603553746836,-7.008132874916856,0.6579247241029762,-0.38651813609327934,0.7630604249435298
190.0,158,bench_158_front,-5.327338327609636,-6.033977498506576,0.5646682735551499,-0.5117819670326055,0.7620833556373715
190.0,159,bench_159_front,-6.432440952686571,-4.8087173224936315,0.44771082557427294,-0.615488157449159,0.7610983217013145
190.0,160,bench_160_front,-7.263805479661554,-3.383463817327625,0.31189445201755706,-0.6931677663295038,0.7601050595000443
190.0,161,bench_161_front,-7.785607079512226,-1.8181466427561686,0.16290411043676128,-0.7414177834423565,0.7591034704187365
190.0,162,bench_162_front,-7.9749552300322755,-0.1790516933171573,0.007033900785456737,-0.7580608100564883,0.7580934424619163
190.0,163,bench_163_front,-7.8230093909376395,1.4639420025928316,-0.14907085565742842,-0.7422534915454958,0.7570748745784113
190.0,164,bench_164_front,-7.3355240412103,3.0402828466174925,-0.2986974448173611,-0.694541671402807,0.7560478138685576
190.0,165,bench_165_front,-6.532761720327612,4.481839385416746,-0.43535470428490886,-0.6168542455476411,0.7550118401675234
190.0,166,bench_166_front,-5.4487933613920765,5.725830624217326,-0.5530575962596315,-0.5124390260392192,0.7539671479504296
190.0,167,bench_167_front,-4.130163295846558,6.717652859336292,-0.6465947651298489,-0.3857381322735664,0.7529134724410395
190.0,168,bench_168_front,-2.634000858466623,7.413350738806277,-0.7117683035535982,-0.24220931722607006,0.7518506974756931
190.0,169,bench_169_front,-1.0256344842626686,7.781672172741094,-0.7455918073311054,-0.08809949487199512,0.7507787051828021
190.0,170,bench_170_front,0.6241956715682894,7.805596899079898,-0.7464392035596372,0.06982043705963972,0.7496975243669574
190.0,171,bench_171_front,2.2423998553782574,7.48326268312319,-0.7141353003029737,0.2245507484736336,0.7486068833365663
190.0,172,bench_172_front,3.7568020249851934,6.828222864830282,-0.6499838057052381,0.369170759053842,0.747506519717022
190.0,173,bench_173_front,5.099348761858884,5.869023760543854,-0.5567294901124401,0.49715204086168335,0.7463965949103697
190.0,174,bench_174_front,6.209232102809927,4.648100756299584,-0.43845272675475,0.6026582530697866,0.7452769710596205
190.0,175,bench_175_front,7.035726045892362,3.2200259097672332,-0.30040492314836753,0.6808173071710776,0.744147380292005
190.0,176,bench_176_front,7.540613845881522,1.6491667355029587,-0.1487844342592515,0.7279583886736183,0.7430075528001961
190.0,177,bench_177_front,7.700075281197615,0.006893589114704005,0.009532882146334909,0.7417963785525398,0.7418576299234771
190.0,178,bench_178_front,7.505966711405365,-1.631645414279562,0.1673013479134618,0.7215558212465695,0.7406973364259334
190.0,179,bench_179_front,6.966376151345749,-3.1909244348397303,0.3172350040031197,0.66802802225275,0.7395265284489666
190.0,180,bench_180_front,6.10545519929552,-4.598521679906883,0.45234306041215017,0.5835573708846825,0.7383450747562911
190.0,181,bench_181_front,4.962494567119322,-5.788542094313258,0.5662645459641664,0.4719522624926439,0.7371529516239685
190.0,182,bench_182_front,3.5902738178073563,-6.704781235405557,0.6535719124601516,0.338328216392147,0.7359498806059496
190.0,183,bench_183_front,2.052727962924155,-7.3034955368612975,0.7100412826765374,0.18888607768666849,0.7347357167368391
190.0,184,bench_184_front,0.4221004031561939,-7.555603834913215,0.7328704039768867,0.030632327900977873,0.7335103056793941
190.0,185,bench_185_front,-1.2244081034102363,-7.4482695050335135,0.7208317255074024,-0.12894219167786075,0.7322734907755908
190.0,186,bench_186_front,-2.8082434230763664,-6.9857166240596795,0.67435419002675,-0.28221325868628405,0.7310252369001808
190.0,187,bench_187_front,-4.253278438548301,-6.189237491601385,0.5955260854998666,-0.42178885893738094,0.729765140325634
190.0,188,bench_188_front,-5.489477156761272,-5.096395483550048,0.48801887327051185,-0.5408696991882309,0.7284932753074577
190.0,189,bench_189_front,-6.456398816649283,-3.7593996454284277,0.35693114530230535,-0.6335878806535623,0.7272093543113208
190.0,190,bench_190_front,-7.106249068397671,-2.2427564944618963,0.20856113176897328,-0.6953074177680945,0.7259133218836051
190.0,191,bench_191_front,-7.406385198304325,-0.6202815676183633,0.05011470612171749,-0.7228698097262739,0.7246048892902708
190.0,192,bench_192_front,-7.341129222873797,1.0284298596486887,-0.11063712389029874,-0.7147719887181025,0.7232838785972964
190.0,193,bench_193_front,-6.912762093471301,2.621854147643057,-0.2657347454612681,-0.6712652306149509,0.7219501123885973
190.0,194,bench_194_front,-6.141644374067666,4.080582348830268,-0.40742542627003786,-0.5943683924765008,0.7206034026747457
190.0,195,bench_195_front,-5.065444243930819,5.331300850866458,-0.5285533409952903,-0.4877936805652137,0.7192435672820726
190.0,196,bench_196_front,-3.737466167355331,6.310577123044329,-0.6229310492604924,-0.35678402136319837,0.7178704131198563
190.0,197,bench_197_front,-2.224178667104259,6.9681853400254425,-0.6856666128693127,-0.2078711191717298,0.716483849217401
190.0,198,bench_198_front,-0.6019872197948924,7.269850444845937,-0.7134328076101033,-0.04856065559418511,0.7150835673165562
190.0,199,bench_199_front,1.0464971050660277,7.199200779471657,-0.7046609776712474,0.11303487475188015,0.7136693746846444
190.0,200,bench_200_front,2.636657213956759,6.7588620792602505,-0.6596492706007423,0.2686080906551122,0.7122411575930419
190.0,201,bench_201_front,4.086182776662472,5.9705790566813475,-0.5805747532647636,0.4100824464888227,0.7107986051243342
190.0,202,bench_202_front,5.319390383061068,4.874352537138004,-0.47140952350466125,0.5300362560920773,0.70934150563956
190.0,203,bench_203_front,6.271268076241882,3.5266051348471477,-0.3377399910488893,0.6221022865720296,0.707869731314916
190.0,204,bench_204_front,6.89104605179026,1.997435554401116,-0.18649700220236848,0.6813190410425645,0.7063828760082098
190.0,205,bench_205_front,7.14506912339734,0.3671021688326426,-0.025610642452605515,0.7044155654022872,0.7048809784551284
190.0,206,bench_206_front,7.018821809820496,-1.2780561642095685,0.1363978901215455,0.6900115988790565,0.7033636264530895
190.0,207,bench_207_front,6.517985351053268,-2.850203656387412,0.2908627413908157,0.6387214063377102,0.7018305844314587
190.0,208,bench_208_front,5.668407933790684,-4.264674343935606,0.4294382255656908,0.5531520130300145,0.7002816141354609
190.0,209,bench_209_front,4.515015856265872,-5.444577763890842,0.5445569960762789,0.4377926173886456,0.698716464537384
190.0,210,bench_210_front,3.119619549834523,-6.32512955633153,0.6298534907965028,0.29880049624396676,0.6971349628473535
190.0,211,bench_211_front,1.5578095914879653,-6.857332646601699,0.6805326657046232,0.14368959210767188,0.6955367768645376
190.0,212,bench_212_front,-0.08502903086074541,-7.010922817463231,0.6936597268082737,-0.019063595174872827,0.6939216362506074
190.0,213,bench_213_front,-1.718258771141867,-6.776307247029216,0.6683519895621792,-0.18047205873072683,0.6922893513078402
190.0,214,bench_214_front,-3.2510036531972233,-6.165404083910708,0.6058615369806233,-0.3315340428911869,0.6906395757472189
190.0,215,bench_215_front,-4.5971807810282375,-5.211298913166036,0.5095390223562012,-0.4637374705775647,0.6889720291284626
190.0,216,bench_216_front,-5.68044921318999,-3.966695802221737,0.3846781457595227,-0.5695484505651371,0.6872864856565514
190.0,217,bench_217_front,-6.4386723296874395,-2.50122878204503,0.23824759638049947,-0.6428542437589101,0.6855825959721596
190.0,218,bench_218_front,-6.827676840361351,-0.8977413790175766,0.07851839283966851,-0.6793375034235887,0.6838600599332577
190.0,219,bench_219_front,-6.824052094529363,0.7522523148562801,-0.08538981996244324,-0.6767528352453591,0.6821186270480015
190.0,220,bench_220_front,-6.426819149423785,2.3537249243167824,-0.24402118610192441,-0.6350910035757428,0.680357936743178
190.0,221,bench_221_front,-5.657836257739918,3.8135764450965954,-0.3881315039051595,-0.556616252514579,0.6785777161733609
190.0,222,bench_222_front,-4.560874587165047,5.046121934348666,-0.5092304051587982,-0.445771581776161,0.6767775917222839
190.0,223,tail_rear,-3.1993811166943993,5.978237722601332,-0.6000964846852362,-0.3089522088391294,0.6749572269989818
200.0,0,head_front,-2.031045654125457,10.408050341425453,-0.8438339157719709,-0.15651833853097993,0.8582270490397959
200.0,1,bench_1_front,0.8255114802456821,10.548410810403116,-0.8543502373821463,0.07489921060631768,0.8576270867133216
200.0,2,bench_2_front,2.4532470621010627,10.27827167141429,-0.8319540922213784,0.20682144854529255,0.8572763400107756
200.0,3,bench_3_front,4.019088250527858,9.758025804836644,-0.7892543572694507,0.333760440064362,0.8569238424858829
200.0,4,bench_4_front,5.4846902044034564,9.000064440015505,-0.7272329780643841,0.4525965547169964,0.8565695802012164
200.0,5,bench_5_front,6.814028001585171,8.022646528360665,-0.6473517354506578,0.5603903632724043,0.8562135414950851
200.0,6,bench_6_front,7.974287337132828,6.849483372650898,-0.55151960587122,0.6544578866026847,0.8558557127207823
200.0,7,bench_7_front,8.936670152796541,5.50921534191917,-0.44204973039095147,0.7324384466283199,0.8554963718438665
200.0,8,bench_8_front,9.677164820015307,4.034706049559205,-0.32160533082017173,0.7923545578927973,0.855134921650053
200.0,9,bench_9_front,10.177150920916777,2.4622783605747283,-0.19313698067428867,0.8326659974823165,0.8547716400695577
200.0,10,bench_10_front,10.423904231107098,0.8308305792874047,-0.05981146524147256,0.8523107261312205,0.8544068031404363
200.0,11,bench_11_front,10.410953377344862,-0.8191165900362071,0.07506453020720301,0.8507348713081871,0.8540401073456596
200.0,12,bench_12_front,10.138279894071907,-2.44643108304908,0.2081276910371109,0.8279118050908355,0.8536715368250278
200.0,13,bench_13_front,9.612361905436641,-4.01037208109422,0.33603974444874274,0.7843468748411015,0.8533010781208347
200.0,14,bench_14_front,8.846057146323362,-5.4716268028207775,0.4555727161027443,0.7210689315576015,0.8529284282487323
200.0,15,bench_15_front,7.858314685969902,-6.793317087405562,0.5636909920354998,0.6396100720857435,0.8525541500781613
200.0,16,bench_16_front,6.673748355311405,-7.941926008804065,0.6576293787223488,0.5419694101483585,0.8521779399252848
200.0,17,bench_17_front,5.322047147707054,-8.888180836340677,0.7349654865112384,0.430567769838395,0.8517997832743974
200.0,18,bench_18_front,3.837248954719837,-9.607825021785288,0.7936841109453276,0.308189049409021,0.8514193785336996
200.0,19,bench_19_front,2.2569322535761938,-10.082255474957114,0.832232455430231,0.17791321252230058,0.8510369974692268
200.0,20,bench_20_front,0.6212421553843829,-10.299054013903866,0.8495630983270409,0.04303987363670085,0.8506526252012067
200.0,21,bench_21_front,-1.0280979759268103,-10.252331671139995,0.8451657644542792,-0.09299463883778869,0.8502665301293217
200.0,22,bench_22_front,-2.6488330068382706,-9.942927506248632,0.8190840559029038,-0.22670382192212252,0.8498784110144514
200.0,23,bench_23_front,-4.199272578139007,-9.378436235316704,0.7719201221498263,-0.35464012211345236,0.8494882525335163
200.0,24,bench_24_front,-5.639366484356346,-8.573058641173718,0.7048237646366046,-0.47348447175581015,0.8490960394386459
200.0,25,bench_25_front,-6.9317525593056555,-7.547279499713184,0.6194669188790474,-0.5801335419774588,0.848701472905999
200.0,26,bench_26_front,-8.042748842281986,-6.32737260992216,0.5180056512642638,-0.6717821167039435,0.8483048196638663
200.0,27,bench_27_front,-8.943244563691838,-4.944760805332376,0.40302763559984217,-0.7459985877801543,0.8479063439007776
200.0,28,bench_28_front,-9.609482441160024,-3.4352525133965592,0.27748896572943427,-0.800790776654614,0.8475057486983146
200.0,29,bench_29_front,-10.023737467222436,-1.8381046797709737,0.1446389100381152,-0.8346634681140059,0.8471030157549401
200.0,30,bench_30_front,-10.174808652930961,-0.19503203999440988,0.007937898551014344,-0.8466609162403615,0.8466981264431702
200.0,31,bench_31_front,-10.058361108072976,1.4508506662383747,-0.12902990483149254,-0.8363969471880279,0.8462910667177557
200.0,32,bench_32_front,-9.677091897432408,3.0561928292578586,-0.26265323443391925,-0.8040704745044082,0.8458818177076177
200.0,33,bench_33_front,-9.040701614023988,4.578532612919575,-0.38938744023494537,-0.7504648901685866,0.8454703602069513
200.0,34,bench_34_front,-8.16569852605831,5.977410704564312,-0.5058476676209668,-0.6769334745780979,0.8450566796623458
200.0,35,bench_35_front,-7.074993371375333,7.215494694546283,-0.6089032808515291,-0.5853672371254862,0.844640756612941
200.0,36,bench_36_front,-5.797337368620093,8.259576022334265,-0.6957620083805652,-0.47814953467280913,0.8442225712533287
200.0,37,bench_37_front,-4.3666141621238586,9.081476717295523,-0.7640472974947805,-0.35809801417620146,0.8438023824130959
200.0,38,bench_38_front,-2.8209388930608585,9.658864503637801,-0.8118664659692068,-0.22839108684186957,0.8433798948956156
200.0,39,bench_39_front,-1.2016762725371821,9.975878558119398,-0.837865776501182,-0.09248654851627522,0.8429548155674668
200.0,40,bench_40_front,0.44762974044560194,10.023603436435407,-0.8412726960032753,0.045968834533359273,0.8425276747911457
200.0,41,bench_41_front,2.0824546092536584,9.800367317580422,-0.8219205805356667,0.18323728222062857,0.8420981785419618
200.0,42,bench_42_front,3.6584746909445767,9.31183098115773,-0.7802593586223239,0.315589999148809,0.841666034885848
200.0,43,bench_43_front,5.132761953053272,8.570892797460738,-0.7173499081257038,0.43940869459129167,0.8412317704238105
200.0,44,bench_44_front,6.4649770058248,7.597390061250846,-0.6348383261812647,0.551285977519849,0.8407948200355693
200.0,45,bench_45_front,7.618491557433395,6.417605835180974,-0.5349188125506432,0.6481200338811665,0.8403557070304899
200.0,46,bench_46_front,8.561423807523601,5.063587116680736,-0.420276368350066,0.7272025411072294,0.8399141394132688
200.0,47,bench_47_front,9.267540619893607,3.5723094310279873,-0.29401875401566563,0.7862970286638942,0.8394700977393973
200.0,48,bench_48_front,9.717018373586248,1.9847087213070884,-0.15959355374351497,0.823705307200194,0.8390235607575333
200.0,49,bench_49_front,9.897050295354546,0.3445581036216204,-0.020696279199677738,0.8383190731062202,0.8385745073077187
200.0,50,bench_50_front,9.802247539917609,-1.3027190354532492,0.11883011305719009,0.8296562097111722,0.8381229158551227
200.0,51,bench_51_front,9.434843918097288,-2.911298954229681,0.25510078764048116,0.7978800334966838,0.837668764910966
200.0,52,bench_52_front,8.804692415651155,-4.4362303731619726,0.3842969584884882,0.7438009394487193,0.837212033972458
200.0,53,bench_53_front,7.9290460141174215,-5.8347052075565795,0.502774747721901,0.6688592024781919,0.8367526992406921
200.0,54,bench_54_front,6.832121528228849,-7.067282154340963,0.6071675385744417,0.5750911071816539,0.8362907397896778
200.0,55,bench_55_front,5.544471249784584,-8.099012539975284,0.6944845662012248,0.4650768905439938,0.8358261343184797
200.0,56,bench_56_front,4.102188158696189,-8.900450677688639,0.7621993655531162,0.34187212520272203,0.8353588587189331
200.0,57,bench_57_front,2.5458825681806823,-9.448558299706594,0.8083248597553634,0.2089267381184639,0.8348888912899423
200.0,58,bench_58_front,0.9196155622670468,-9.727377937454815,0.8314757457799772,0.06998922387280633,0.8344162074640491
200.0,59,bench_59_front,-0.7303877763682735,-9.728561448610513,0.8309132294188804,-0.07099604360569808,0.8339407850866721
200.0,60,bench_60_front,-2.3569851816490783,-9.451655660227322,0.8065725341009191,-0.2100015485592918,0.833462598538938
200.0,61,bench_61_front,-3.9135094961036847,-8.904179685124008,0.7590716093912503,-0.3430293210855443,0.8329818865426981
200.0,62,bench_62_front,-5.355086562460062,-8.101470142602517,0.689698437817934,-0.4662286517166162,0.8324981025864218
200.0,63,bench_63_front,-6.639960459611931,-7.06629269213614,0.6003820001311093,-0.5760074316001198,0.8320114826972029
200.0,64,bench_64_front,-7.730709804103574,-5.8282492530438175,0.4936417867558275,-0.6691387213408535,0.8315220033343425
200.0,65,bench_65_front,-8.595381396238425,-4.422960172512555,0.37252013373527204,-0.7428589630832692,0.8310298966170199
200.0,66,bench_66_front,-9.208450797925996,-2.8910873027419908,0.24049772196056357,-0.7949519491947867,0.8305346204685337
200.0,67,bench_67_front,-9.551627116846465,-1.277170141627875,0.10139816516255165,-0.8238199295769494,0.8300366644109777
200.0,68,bench_68_front,-9.614438374112208,0.371632005525586,-0.040722875929028436,-0.8285355755011434,0.8295357451580624
200.0,69,bench_69_front,-9.394604016725285,2.0069232093112803,-0.1816943260682343,-0.8088763535229123,0.8290318349821757
200.0,70,bench_70_front,-8.898165549954816,3.5804698289058754,-0.31735066777427945,-0.7653378848377674,0.8285249086809212
200.0,71,bench_71_front,-8.139375163506122,5.045639207170845,-0.443656556508247,-0.6991260115624639,0.8280146859663745
200.0,72,bench_72_front,-7.140330953301341,6.358802123485083,-0.5568277078909667,-0.6121286306844238,0.8275013938228113
200.0,73,bench_73_front,-5.930383258152236,7.480643725022957,-0.6534461224912229,-0.5068656423081068,0.8269852564291723
200.0,74,bench_74_front,-4.5453244382193505,8.377367507707234,-0.7305655673947588,-0.3864194473135038,0.826465992963352
200.0,75,bench_75_front,-3.026354773925088,9.021763686573552,-0.7858051412882183,-0.25434831835185007,0.8259435738132545
200.0,76,bench_76_front,-1.4189028781345703,9.394069377666984,-0.817425915276036,-0.11458490930920229,0.8254179719428596
200.0,77,bench_77_front,0.2287182774326226,9.482631177765121,-0.824390449198161,0.02867948711018644,0.8248891596511915
200.0,78,bench_78_front,1.8667562377878555,9.284320521021108,-0.806401024624584,0.17111991897724968,0.8243571065905596
200.0,79,bench_79_front,3.4455117428882533,8.804692696891609,-0.763915698811869,0.3084074128653702,0.8238217812133503
200.0,80,bench_80_front,4.9168387114748215,8.05789295023945,-0.69814236667882,0.43633976348947545,0.8232831550286666
200.0,81,bench_81_front,6.235637619228857,7.066296205146332,-0.6110095346013198,0.5509722590117215,0.8227411996333969
200.0,82,bench_82_front,7.361271094557893,5.859879028382798,-0.5051135813486735,0.6487421208698472,0.8221958826542434
200.0,83,bench_83_front,8.258836775361505,4.475364051624867,-0.3836459165571105,0.726580955720995,0.8216471715446844
200.0,84,bench_84_front,8.900286835410189,2.9551541011627287,-0.25030143667591326,0.7820142266565819,0.8210950370665494
200.0,85,bench_85_front,9.265363802444405,1.346048621916338,-0.10916753502435221,0.8132450009201841,0.8205394458677556
200.0,86,bench_86_front,9.342284871086344,-0.3021551393400073,0.03539788056331017,0.8192162022599568,0.819980607083851
200.0,87,bench_87_front,9.128182454156399,-1.938205075072945,0.17889927544771791,0.799650497024866,0.8194180057503213
200.0,88,bench_88_front,8.62926754285751,-3.510963475944482,0.3168441035298585,0.7550685792638628,0.818852090021872
200.0,89,bench_89_front,7.860707640441626,-4.971032687154268,0.4448826273181535,0.6867793216052761,0.8182825848532439
200.0,90,bench_90_front,6.846223726716226,-6.272310338469573,0.5589466612608815,0.5968475478473824,0.8177092181858536
200.0,91,bench_91_front,5.617422737874056,-7.373464788538935,0.6553819753134682,0.48803675924158896,0.8171324323124227
200.0,92,bench_92_front,4.212849432006697,-8.239301196731391,0.7310670274091933,0.36372804962760613,0.8165519534302863
200.0,93,bench_93_front,2.6768357840652124,-8.841917078217149,0.7835185979321769,0.22782004604784944,0.8159677485580227
200.0,94,bench_94_front,1.058118400865655,-9.161664394404715,0.8109781947095955,0.0846082378738446,0.8153797803542542
200.0,95,bench_95_front,-0.5916734159403807,-9.187839309357464,0.8124752113267066,-0.06134765030914715,0.8147880112144692
200.0,96,bench_96_front,-2.2196386974855993,-8.919104856051858,0.7878666686245241,-0.20536647277436493,0.8141924070324469
200.0,97,bench_97_front,-3.773319610989148,-8.363614273101204,0.7378505495837018,-0.3427973467268923,0.8135929291998352
200.0,98,bench_98_front,-5.202387838684806,-7.53882619301359,0.6639523679028032,-0.46916867900663917,0.812989542493982
200.0,99,bench_99_front,-6.4602867001022375,-6.4710269184261815,0.5684836623108463,-0.5803374446631253,0.8123824370285699
200.0,100,bench_100_front,-7.505797659253364,-5.194540160384048,0.45447555374022147,-0.6726249414787983,0.8117711135824173
200.0,101,bench_101_front,-8.304416167603591,-3.75068925651124,0.3255872122149643,-0.7429448244947134,0.8111559930133
200.0,102,bench_102_front,-8.82955343772615,-2.186489113592175,0.18599183704385636,-0.7889084714739223,0.8105365752452315
200.0,103,bench_103_front,-9.063471495912452,-0.5531567212036745,0.04024609532813435,-0.8089124815412214,0.8099130514952443
200.0,104,bench_104_front,-8.997945902644593,1.0955431470442831,-0.1068574301168411,-0.8021999038542111,0.8092856084936153
200.0,105,bench_105_front,-8.634623967967977,2.705043569356176,-0.2504464224151933,-0.768893909888118,0.8086539773992377
200.0,106,bench_106_front,-7.985056695691839,4.221801349717487,-0.3857304872698596,-0.7100037087127232,0.8080181156355747
200.0,107,bench_107_front,-7.07039827382498,5.59508254787081,-0.5081617549751427,-0.6274000578741211,0.8073779795361448
200.0,108,bench_108_front,-5.920791797348557,6.778675950958335,-0.6135891547480586,-0.5237626713594856,0.8067335289512031
200.0,109,bench_109_front,-4.57442646807257,7.732501999556566,-0.6984043358295474,-0.4024971457925681,0.8060847155706868
200.0,110,bench_110_front,-3.0763263488125734,8.424008600826388,-0.7596669820356359,-0.26763096827745453,0.8054317219828501
200.0,111,bench_111_front,-1.4768875969536353,8.82934004709834,-0.7952134171986277,-0.1236806641733496,0.8047740587165316
200.0,112,bench_112_front,0.16977981487023827,8.934223697834913,-0.8037387254562424,0.0244950932745031,0.8041119004171942
200.0,113,bench_113_front,1.8076545603329848,8.734546235352228,-0.7848500436503579,0.17185635147239578,0.8034452044535286
200.0,114,bench_114_front,3.3807214312024065,8.236587211259469,-0.7390905944799265,0.3133545364702871,0.8027739235769928
200.0,115,bench_115_front,4.834884603013741,7.456894026688966,-0.6679310373673444,0.44410510679812665,0.8020980093247909
200.0,116,bench_116_front,6.119837132964966,6.421814544001109,-0.5737296817717755,0.5595573894731108,0.8014176313632646
200.0,117,bench_117_front,7.190861707907847,5.166657019171297,-0.4596600553412033,0.6556563198823457,0.8007325248033447
200.0,118,bench_118_front,8.010400517688891,3.7345746384721688,-0.32960951001906047,0.7289893359444598,0.8000424245099441
200.0,119,bench_119_front,8.549454533152709,2.1751131991326935,-0.18805253504229075,0.7769124813170689,0.7993477087989161
200.0,120,bench_120_front,8.788666527654348,0.5425452802348283,-0.03990036519105289,0.7976507823544516,0.798648113835529
200.0,121,bench_121_front,8.719089737745225,-1.1059889238955658,0.10966616408044935,0.7903716271202542,0.7979435923051442
200.0,122,bench_122_front,8.342600473638656,-2.7124666467349017,0.2553788285673518,0.755224367019465,0.7972340877185222
200.0,123,bench_123_front,7.671937638713166,-4.220017858570539,0.3920649494135989,0.6933458467798633,0.7965195464052176
200.0,124,bench_124_front,6.730349177311811,-5.574970569524001,0.5148322055048322,0.6068321939637014,0.7957999192358397
200.0,125,bench_125_front,5.550855450921116,-6.72879016499074,0.6192487576061458,0.4986740414379679,0.795075357057953
200.0,126,bench_126_front,4.175180703433485,-7.639842579943648,0.7015050787215085,0.37265965967594694,0.7943453892494514
200.0,127,bench_127_front,2.6523230002744116,-8.274975848091556,0.7585590552086272,0.23324935698843818,0.7936101705336979
200.0,128,bench_128_front,1.0368612090111473,-8.610788233022705,0.7882547738732338,0.08542062874106729,0.7928696439822011
200.0,129,bench_129_front,-0.6129721605741973,-8.634565982231331,0.7894105875143556,-0.06550544878442069,0.792123752642356
200.0,130,bench_130_front,-2.2373421439537213,-8.344847062755823,0.7618735528927078,-0.2140545282266424,0.7913726376693144
200.0,131,bench_131_front,-3.7770033545497594,-7.751588502043501,0.7065366265130069,-0.3547953159777573,0.7906160388229782
200.0,132,bench_132_front,-5.175464987413963,-6.875910536644855,0.6253188220795269,-0.4825407228043016,0.7898538968767737
200.0,133,bench_133_front,-6.381094331893043,-5.749427969693854,0.5211062342309296,-0.5925413454003283,0.7890861507865738
200.0,134,bench_134_front,-7.34906472554226,-4.4131889049539215,0.3976569770288186,-0.6806657797650085,0.788312739414254
200.0,135,bench_135_front,-8.043083298880264,-2.91624761185701,0.25947207857438515,-0.7435613041141845,0.7875336008931293
200.0,136,bench_136_front,-8.436824219416955,-1.3139198446607758,0.11163620184455121,-0.7787882483761648,0.7867488655035305
200.0,137,bench_137_front,-8.515008823326372,0.3342293449423277,-0.040364768934539066,-0.7849208778558385,0.7859580771676813
200.0,138,bench_138_front,-8.274085033572707,1.9665443087965095,-0.19084498122936133,-0.7616146466422009,0.7851615609798788
200.0,139,bench_139_front,-7.722480531902041,3.5216142252184963,-0.3341303980441227,-0.7096306820019131,0.7843588641276544
200.0,140,bench_140_front,-6.88040954899907,4.940559556008155,-0.4647742087621694,-0.6308216989600213,0.7835503053469562
200.0,141,bench_141_front,-5.779212572717623,6.169323798708015,-0.5777661654242167,-0.5280732064242134,0.7827356215556778
200.0,142,bench_142_front,-4.460286694542158,7.160753077092054,-0.6687285122747137,-0.40520716254195915,0.781914744524272
200.0,143,bench_143_front,-2.973603957399423,7.876478156586012,-0.7340917223599887,-0.2668467557018572,0.7810876057562693
200.0,144,bench_144_front,-1.3758673381961837,8.288480043483213,-0.7712418012708304,-0.11824803854732713,0.7802541346559884
200.0,145,bench_145_front,0.27157391390036245,8.380265087531976,-0.778632678651044,0.03489602649984065,0.779414255020254
200.0,146,bench_146_front,1.9050897913515104,8.147632112444951,-0.7558588419288994,0.18666916606864675,0.778567894587788
200.0,147,bench_147_front,3.4611875473164595,7.598956258373097,-0.7036856958425595,0.3311601315244462,0.777714980725404
200.0,148,bench_148_front,4.87901046877345,6.754989923638987,-0.6240339498225229,0.4626945883084372,0.7768556188771587
200.0,149,bench_149_front,6.102730308352331,5.648184581607033,-0.5199179228807962,0.5760600054313951,0.7759895465728264
200.0,150,bench_150_front,7.083805437826562,4.321536695768692,-0.39534138143901554,0.6667166353485697,0.7751166878145682
200.0,151,bench_151_front,7.782977065835455,2.826998130009625,-0.2551500377398535,0.7309865444908339,0.7742369598419456
200.0,152,bench_152_front,8.171925622457012,1.2234997097848765,-0.1048510900261204,0.766209443681395,0.7733502845840418
200.0,153,bench_153_front,8.23450620712092,-0.42531610034537337,0.04959915013517631,0.770862566299332,0.7724565824793804
200.0,154,bench_154_front,7.967525813724347,-2.0535780272477555,0.2020293125688187,0.7446357899224985,0.7715557677644129
200.0,155,bench_155_front,7.381015283694623,-3.5958206532301613,0.34629702935045137,0.6884593924984148,0.7706477584838833
200.0,156,bench_156_front,6.497959877557722,-4.989638289770551,0.4765390666125436,0.6044823051328809,0.7697326413935657
200.0,157,bench_157_front,5.353513533540332,-6.178229847699003,0.587412534554421,0.4959992948688667,0.7688099805947253
200.0,158,bench_158_front,3.9936899508185597,-7.112786207398989,0.6743189638569991,0.3673332023312879,0.7678800339585186
200.0,159,bench_159_front,2.473613808645915,-7.754558415590981,0.7336029422407365,0.22366844734450955,0.7669425344846699
200.0,160,bench_160_front,0.8553388555929692,-8.076570382089628,0.7627136248180517,0.07085149305660396,0.765997393958649
200.0,161,bench_161_front,-0.7946159097102083,-8.06485153340064,0.7603254154055868,-0.084843297404514,0.7650445231659063
200.0,162,bench_162_front,-2.4080007738294733,-7.7191595700616835,0.7264086251593925,-0.2369696240093643,0.7640838261664085
200.0,163,bench_163_front,-3.9176152664570094,-7.053143139176155,0.6622470347151814,-0.37917532501322365,0.7631153661720713
200.0,164,bench_164_front,-5.2601515488208666,-6.093930378738843,0.5704014801243563,-0.5054676870347613,0.7621387217326829
200.0,165,bench_165_front,-6.378907273094341,-4.881123295912889,0.4546191108132005,-0.6104728120666465,0.7611541172385158
200.0,166,bench_166_front,-7.226216368739421,-3.465293451365273,0.3196905065607756,-0.6896688836701435,0.7601612914953688
200.0,167,bench_167_front,-7.7655959330870274,-1.9059429399070678,0.17125970349675482,-0.7395905853412766,0.7591601411871204
200.0,168,bench_168_front,-7.973413888679822,-0.269080228262796,0.015595046128967805,-0.7579901503858503,0.7581505612645344
200.0,169,bench_169_front,-7.8400442760379345,1.375525633428792,-0.14067089697580243,-0.7439497552281896,0.7571324451904436
200.0,170,bench_170_front,-7.370444176288823,2.9572873241713666,-0.2908214233048952,-0.6979390687902647,0.7561058417952522
200.0,171,bench_171_front,-6.584100505556649,4.407861626034968,-0.4283455138044515,-0.6218129376606576,0.7550703335707054
200.0,172,bench_172_front,-5.514355568540293,5.664109046491955,-0.5472235572282204,-0.5187501913254792,0.7540261153207684
200.0,173,bench_173_front,-4.20712617943121,6.670904139630214,-0.6421960945709208,-0.39313151864073004,0.7529729177273972
200.0,174,bench_174_front,-2.719017937414288,7.383660053392912,-0.7090042409270237,-0.2503648874411567,0.7519106266810758
200.0,175,bench_175_front,-1.1149831554746563,7.770387772764201,-0.7445912012975408,-0.09666093335072463,0.7508391259690375
200.0,176,bench_176_front,0.5344624131353437,7.8132630241608805,-0.7472539426420307,0.06123123539291135,0.749758440420514
200.0,177,bench_177_front,2.15627277252729,7.509582610405916,-0.7167366692225695,0.21631587791472642,0.7486681588302536
200.0,178,bench_178_front,3.678134837886953,6.8720651093371465,-0.6542630042679175,0.3616604630903055,0.7475683041143298
200.0,179,bench_179_front,5.0316940712806595,5.928458252216239,-0.5625007878021293,0.49070738682342585,0.7464588908714875
200.0,180,bench_180_front,6.155660708518957,4.720488343076378,-0.4454620751077355,0.5975742152380519,0.7453397903484447
200.0,181,bench_181_front,6.998699125729818,3.302118055548626,-0.30833942468082337,0.6773303549796357,0.744210729961172
200.0,182,bench_182_front,7.52185684103372,1.7372517576754152,-0.1572863605384604,0.7262342377032802,0.7430714415343245
200.0,183,bench_183_front,7.700491735402175,0.09695229929025707,0.0008511264127611274,0.7419215740195242,0.7419220622220226
200.0,184,bench_184_front,7.5255834820121805,-1.5437493132823663,0.15883888563913656,0.723532322523579,0.7407623190521013
200.0,185,bench_185_front,7.0043346319181055,-3.1092535866439017,0.309384055488222,0.6717722369004544,0.7395920713883968
200.0,186,bench_186_front,6.160043181723884,-4.52687757722318,0.44547155361765933,0.5889025141025088,0.7384111836902165
200.0,187,bench_187_front,5.0312031007712354,-5.730299758948653,0.5606976073887462,0.4786553923232028,0.7372196358830547
200.0,188,bench_188_front,3.669912978053244,-6.6627069508284364,0.6495763941755394,0.3460802869283567,0.7360170221336659
200.0,189,bench_189_front,2.1395756488310167,-7.279610102515878,0.70781262051791,0.19732563613026102,0.7348034515696311
200.0,190,bench_190_front,0.512065159087148,-7.5510844520195075,0.7325218818636892,0.039361270675683194,0.7335786372559693
200.0,191,bench_191_front,-1.1355984689363385,-7.4633826404694386,0.7223877373959435,-0.12033864902784083,0.7323424291886116
200.0,192,bench_192_front,-2.7248487471307326,-7.019789007708022,0.6777481798768135,-0.27414777044834937,0.7310947923273249
200.0,193,bench_193_front,-4.179317594994077,-6.240682198515624,0.6006024740841613,-0.4146521902672684,0.7298354408833944
200.0,194,bench_194_front,-5.4285566159845935,-5.162765797489888,0.4945386192194169,-0.5350115488035854,0.7285642066782162
200.0,195,bench_195_front,-6.411509696602157,-3.8375103913101203,0.36458315227451044,-0.6292985557540384,0.7272809272877554
200.0,196,bench_196_front,-7.079623993555226,-2.328825514276145,0.21697605778172382,-0.6928032952029871,0.7259855477174565
200.0,197,bench_197_front,-7.399379067074532,-0.7101077558120555,0.05888180437553472,-0.7222815588191265,0.7246776642733692
200.0,198,bench_198_front,-7.354140270593308,0.9392761268891351,-0.10194990383753573,-0.7161368834680225,0.7233573243949182
200.0,199,bench_199_front,-6.945196851738656,2.5377967074436807,-0.25755938347382096,-0.6745236587335963,0.7220242393484944
200.0,200,bench_200_front,-6.1919402616698624,4.005820456590097,-0.40017272537822157,-0.5993654016109738,0.7206782186141867
200.0,201,bench_201_front,-5.131125199738862,5.269613124154021,-0.5225915123792179,-0.49428554826423465,0.7193191864768194
200.0,202,bench_202_front,-3.815262947346334,6.265108151438634,-0.6185664897924508,-0.36444912713082045,0.7179468424337355
200.0,203,bench_203_front,-2.3101798441902717,6.941283844480751,-0.6831273386144856,-0.21632545449088508,0.7165609974197578
200.0,204,bench_204_front,-0.6918303029625172,7.262937371478751,-0.7128560933185447,-0.057376754572985564,0.7151614515245536
200.0,205,bench_205_front,0.9573996786686898,7.212683882535784,-0.7060849747287714,0.10430892047639173,0.7137480945184231
200.0,206,bench_206_front,2.5528948895173498,6.792104344603932,-0.6630087276880806,0.2604226697170526,0.7123205317082504
200.0,207,bench_207_front,4.012109019591047,6.0219151562139235,-0.5857035699010372,0.40286447101528877,0.7108786491386893
200.0,208,bench_208_front,5.258890565929763,4.941161298167669,-0.47804736839999895,0.5241667157740462,0.7094223229921046
200.0,209,bench_209_front,6.227555411318535,3.6054234720996905,-0.3455452340824346,0.6178943772829479,0.7079512485157199
200.0,210,bench_210_front,6.866467769225874,2.084145432322022,-0.19506290374534932,0.6790019604341625,0.7064652848449126
200.0,211,bench_211_front,7.1409785593325665,0.45714427558005155,-0.034486019856242264,0.7041201039597336,0.7049641170767424
200.0,212,bench_212_front,7.03549515402796,-1.189484214532947,0.12768540077152052,0.6917622106498715,0.7034475941059014
200.0,213,bench_213_front,6.554586998795182,-2.7678440335052863,0.2827812318060893,0.6424327839119474,0.7019153132014032
200.0,214,bench_214_front,5.723026828023323,-4.1929748742072,0.42242711901212504,0.5586318430075384,0.7003671943337174
200.0,215,bench_215_front,4.584739483547764,-5.387461122332475,0.5390008963135682,0.444751230500766,0.698802993166726
200.0,216,bench_216_front,3.2006946355835595,-6.285747573191205,0.6260618762084917,0.30686408167005474,0.6972223730352483
200.0,217,bench_217_front,1.6458234486326717,-6.83789629059393,0.6787211912469591,0.15241980714390307,0.6956250808139941
200.0,218,bench_218_front,0.005094763816694331,-7.012561745321428,0.6939366861886075,-0.01014583439138822,0.6940108517839785
200.0,219,bench_219_front,-1.6310250722459323,-6.798991775187703,0.6707106714763558,-0.17186173889245177,0.6923794206411693
200.0,220,bench_220_front,-3.171524891873424,-6.207933816156468,0.6101786330198717,-0.32371402777830827,0.6907305813227431
200.0,221,bench_221_front,-4.529941651458127,-5.271348750392899,0.5155797807197615,-0.45715059568877914,0.689063986452378
200.0,222,bench_222_front,-5.629284773615458,-4.040929927639304,0.3921082571112409,-0.5645719517844145,0.6873793523495438
200.0,223,tail_rear,-6.406542811123687,-2.5854668315646148,0.24664971241067096,-0.6397781742905846,0.6856764491586833
210.0,0,head_front,-9.674430138106768,4.539681161993787,-0.37263498536344947,-0.7754148871687845,0.8603052246498315
210.0,1,bench_1_front,-8.104081112163694,6.930005555804656,-0.5647652845016818,-0.6482012166641434,0.859723585731566
210.0,2,bench_2_front,-6.928341087923829,8.087648086453486,-0.6578045504656942,-0.5530214403069196,0.8593832323547591
210.0,3,bench_3_front,-5.587885605353404,9.049770697221337,-0.7350905531150218,-0.4445155143825324,0.8590414214726296
210.0,4,bench_4_front,-4.114743633680662,9.79298483614492,-0.7947140254672158,-0.32525564010236285,0.8586976264627172
210.0,5,bench_5_front,-2.544276610054988,10.299086145724608,-0.8351821975753158,-0.19808856741532704,0.8583521326864577
210.0,6,bench_6_front,-0.9143275578624311,10.55553765743957,-0.8554577938184931,-0.0660675660119232,0.8580052215945677
210.0,7,bench_7_front,0.7356685744135711,10.55580471105029,-0.8549865799724958,0.06761848628033276,0.8576562899086724
210.0,8,bench_8_front,2.365648162321519,10.299552417918038,-0.8337172712131927,0.19972216860958678,0.8573059156178082
210.0,9,bench_9_front,3.935870446359918,9.792693395053128,-0.7921046837751837,0.327016769746684,0.8569537897425622
210.0,10,bench_10_front,5.407898868805943,9.047286794028986,-0.7311041594923606,0.44637439057874406,0.8565998999483809
210.0,11,bench_11_front,6.745553276049965,8.08128257024985,-0.6521515030263533,0.5548442136950695,0.856243939756908
210.0,12,bench_12_front,7.915820243393035,6.918110581949747,-0.5571324075363664,0.6497265957817792,0.8558861891591938
210.0,13,bench_13_front,8.889668599358728,5.586152776821509,-0.44833942085639455,0.7286409182788387,0.8555266355199449
210.0,14,bench_14_front,9.642807335474224,4.118060463647864,-0.32841867526202956,0.7895877442753484,0.8551652659987421
210.0,15,bench_15_front,10.15630350990381,2.549999858840779,-0.20030637757258152,0.8310017604323312,0.8548020652395988
210.0,16,bench_16_front,10.417104930586646,0.920743906228307,-0.06715991100879463,0.8517935007497096,0.8544370202455853
210.0,17,bench_17_front,10.41839143336098,-0.7292517558658822,0.06771992712649641,0.8513810996685173,0.8540701173807639
210.0,18,bench_18_front,10.15978826464595,-2.358862541682499,0.20097041336036964,0.8297092069677721,0.8537016312350159
210.0,19,bench_19_front,9.647419341891581,-3.9272981734960357,0.3292495078271771,0.7872537742767567,0.8533309695056408
210.0,20,bench_20_front,8.893798359037103,-5.395142421308556,0.4493213701447634,0.7250161033847042,0.852958406861617
210.0,21,bench_21_front,7.917557079934861,-6.725350604236848,0.5581380499266991,0.6445011733627544,0.8525842159235331
210.0,22,bench_22_front,6.743009628336808,-7.88420640806259,0.652917516858954,0.5476836223703929,0.8522080931521465
210.0,23,bench_23_front,5.399585147080651,-8.842183418332636,0.7312167945299841,0.43696268657864373,0.8518300241625268
210.0,24,bench_24_front,3.9211138480246697,-9.574728773016753,0.7909969454824666,0.3151046264756959,0.8514499946497034
210.0,25,bench_25_front,2.3449856612837223,-10.062924180787274,0.8306783351065725,0.18517488875309424,0.8510677034408884
210.0,26,bench_26_front,0.7112409770892468,-10.293996898173216,0.8491853477859344,0.05046314340909079,0.8506834215717647
210.0,27,bench_27_front,-0.9384446598279602,-10.261695389425034,0.8459777958517701,-0.08559945876294042,0.8502974176220505
210.0,28,bench_28_front,-2.5618185175970405,-9.966493441091998,0.8210685796047341,-0.21952648625660426,0.8499091072475378
210.0,29,bench_29_front,-4.117140298556438,-9.415619762449044,0.7750302750034493,-0.3478658918239633,0.8495190438515217
210.0,30,bench_30_front,-5.564251395984873,-8.62291587908981,0.7089825414673075,-0.46729036956754655,0.8491269243146261
210.0,31,bench_31_front,-6.865607129691592,-7.608537502229271,0.6245704127833728,-0.5746816996130668,0.8487327355502177
210.0,32,bench_32_front,-7.9873009628036415,-6.398457547435067,0.5239243499939709,-0.6672166248815516,0.8483364598052674
210.0,33,bench_33_front,-8.899951070692154,-5.023836787280361,0.4096095017407994,-0.7424412716983886,0.8479380790113548
210.0,34,bench_34_front,-9.579489084343223,-3.520267561535522,0.2845642241318169,-0.7983377425639797,0.8475375796139627
210.0,35,bench_35_front,-10.0078469088711,-1.9268429930138538,0.15202385061553253,-0.8333824818345636,0.8471349433146472
210.0,36,bench_36_front,-10.173457035502933,-0.2851709415759362,0.015439575974361252,-0.8465893744532067,0.8467301514906269
210.0,37,bench_37_front,-10.071603849891144,1.3616803912873516,-0.12160867164391873,-0.8375406098120453,0.8463231901013532
210.0,38,bench_38_front,-9.704599731228837,2.970344742250303,-0.2555086896830794,-0.8064030462761875,0.8459140402825095
210.0,39,bench_39_front,-9.081766596464506,4.498282289209969,-0.3827096876921894,-0.7539284326971492,0.8455026828358577
210.0,40,bench_40_front,-8.219249997407806,5.904894750361205,-0.4998155604376858,-0.6814396509722467,0.8450891032150488
210.0,41,bench_41_front,-7.139624038170514,7.152652986858258,-0.6036795618218177,-0.5907994075055676,0.8446732819678338
210.0,42,bench_42_front,-5.871338450201713,8.208098597496205,-0.6914888068689214,-0.4843661212470177,0.8442554764032539
210.0,43,bench_43_front,-4.448020556127671,9.042755835637644,-0.760842184753718,-0.3649347025357734,0.8438353910661037
210.0,44,bench_44_front,-2.9075692068408645,9.633959787733323,-0.8098190153951661,-0.2356664276484744,0.8434130084461525
210.0,45,bench_45_front,-1.2912177424336257,9.965476233463246,-0.8370350055398234,-0.10000613552572327,0.84298803528985
210.0,46,bench_46_front,0.357596118303528,10.028005971429831,-0.8416848844754969,0.038407487574206776,0.8425607276964038
210.0,47,bench_47_front,1.9943619052165984,9.819476457880548,-0.8235689509686385,0.17583906030634266,0.8421313390018218
210.0,48,bench_48_front,3.5747099157501414,9.345151906654673,-0.7831035212065458,0.3085564004999239,0.8416995765803618
210.0,49,bench_49_front,5.055610812088223,8.617542072190458,-0.7213159501415285,0.4329327984967134,0.8412654206270289
210.0,50,bench_50_front,6.396559488505788,7.656113537316725,-0.6398218197103576,0.5455466943094048,0.840828850985379
210.0,51,bench_51_front,7.5606991026360735,6.486809027442214,-0.5407861684918136,0.6432770910276611,0.8403898475547322
210.0,52,bench_52_front,8.515856763356698,5.14138695435183,-0.4268693916657192,0.7233918871099914,0.8399483911988972
210.0,53,bench_53_front,9.23547104670233,3.656578039071996,-0.301157768594763,0.7836270073149758,0.8395041918766112
210.0,54,bench_54_front,9.6993527777039,2.073126928590095,-0.16708291247411705,0.8222534810574347,0.8390574990737539
210.0,55,bench_55_front,9.894299289612949,0.43468600185904677,-0.028329369987894815,0.8381299199144507,0.8386085593766108
210.0,56,bench_56_front,9.814510698245916,-1.2133835266727282,0.11126472334492168,0.83073883422087,0.8381568166779246
210.0,57,bench_57_front,9.461803838626231,-2.825242791642587,0.2478144623119718,0.8002086883501551,0.8377027829976735
210.0,58,bench_58_front,8.84561717619557,-4.355868787256568,0.3774943739259809,0.7473143261560992,0.8372459043936332
210.0,59,bench_59_front,7.982807222403797,-5.762302634783267,0.4966484037074343,0.6734629369513224,0.8367866898751698
210.0,60,bench_60_front,6.897222596072826,-7.004888867502231,0.6018918127426478,0.580659543738703,0.8363248531410922
210.0,61,bench_61_front,5.6191047676180075,-8.048392051294774,0.6902115291842538,0.4714558341815838,0.8358603702788636
210.0,62,bench_62_front,4.184245258275945,-8.863060860496692,0.759053194502967,0.34888404891119223,0.8353932197892356
210.0,63,bench_63_front,2.6330511535072523,-9.425476096665836,0.8063989100657597,0.21637431426459325,0.8349233773399318
210.0,64,bench_64_front,1.0094177257568713,-9.719281612776015,0.8308289592926975,0.07766217281009605,0.8344508210104248
210.0,65,bench_65_front,-0.6404955467857814,-9.735703678025658,0.8315685116708826,-0.06331657246955333,0.8339755259909124
210.0,66,bench_66_front,-2.2695893771767834,-9.473854740102919,0.8085156607163991,-0.20253508015217472,0.8334974698917347
210.0,67,bench_67_front,-3.831116161153596,-8.940822536509367,0.7622507700138137,-0.3359917634590627,0.8330166273844614
210.0,68,bench_68_front,-5.280078406553544,-8.151523107252865,0.6940265312367442,-0.45982423746438206,0.8325329755752668
210.0,69,bench_69_front,-6.574516993925285,-7.128329388803887,0.6057381938908619,-0.5704235552599786,0.8320467486467316
210.0,70,bench_70_front,-7.6767426321944505,-5.900489125197708,0.49987365551975743,-0.664540474279123,0.8315574023708807
210.0,71,bench_71_front,-8.554477592255148,-4.503316139879632,0.3794493473669832,-0.739383199274284,0.8310651734890021
210.0,72,bench_72_front,-9.18182243883501,-2.9772256217647546,0.24792475651024715,-0.792704168139142,0.8305700350216316
210.0,73,bench_73_front,-9.540071616293265,-1.3665875902348088,0.10910710019224887,-0.8228702976245224,0.830072217355232
210.0,74,bench_74_front,-9.618318251243188,0.28155533084518297,-0.03295764858188455,-0.8289164994229802,0.8295714373191103
210.0,75,bench_75_front,-9.413828531523606,1.9188385060979638,-0.17410153194559408,-0.8105811825727531,0.8290676673027634
210.0,76,bench_76_front,-8.932189980775458,3.496981472062974,-0.31015540955649795,-0.7683207386442711,0.8285608821975832
210.0,77,bench_77_front,-8.187213593505998,4.969227194910801,-0.4370733664758076,-0.7033032234449675,0.8280510562704316
210.0,78,bench_78_front,-7.200583581563468,6.291746063369506,-0.5510545596061779,-0.6173801751497432,0.8275381612534168
210.0,79,bench_79_front,-6.0012729509089775,7.42495659873794,-0.6486583340080345,-0.5130380411389724,0.8270221677402565
210.0,80,bench_80_front,-4.624747210906813,8.334731826998185,-0.7269098847111893,-0.39333104377264516,0.8265030492902692
210.0,81,bench_81_front,-3.111950359061635,8.993474858596429,-0.783394977079459,-0.26179487790646383,0.8259807795653519
210.0,82,bench_82_front,-1.5081057096227275,9.3810034018666,-0.8163384400191539,-0.12234398457961433,0.8254553284192444
210.0,83,bench_83_front,0.1386034298452071,9.485208351785898,-0.8246633334428051,0.020842025451897506,0.8249266655587857
210.0,84,bench_84_front,1.778455276005147,9.302487047199165,-0.8080307356592883,0.1634412951904289,0.8243947638987135
210.0,85,bench_85_front,3.3617072610172887,8.837922340609389,-0.7668575264651041,0.3011215072171837,0.8238595924093658
210.0,86,bench_86_front,4.840090056274768,8.105199140973795,-0.7023113636947811,0.4296701284199882,0.8233211225465263
210.0,87,bench_87_front,6.168309748100432,7.126251189083808,-0.6162820739907071,0.5451258741322911,0.822779322401081
210.0,88,bench_88_front,7.305441748889713,5.9306658849295655,-0.5113318037137631,0.6439012392644372,0.8222341633716325
210.0,89,bench_89_front,8.216241538407946,4.554824529662808,-0.3906218163458628,0.7228982244568712,0.8216856128278248
210.0,90,bench_90_front,8.87226601431562,3.0408419549278483,-0.2578214488479441,0.7796079475381408,0.8211336379364114
210.0,91,bench_91_front,9.252807399461908,1.4353225954306246,-0.1170006196019994,0.8121942208463185,0.820578209169248
210.0,92,bench_92_front,9.345608199023085,-0.2120689791355542,0.02749393344256834,0.8195584929898114,0.8200195362354943
210.0,93,bench_93_front,9.147307459893572,-1.8501085842073077,0.17117135226961794,0.8013802522427909,0.8194571010873777
210.0,94,bench_94_front,8.663620409685738,-3.4276209415947827,0.30953484640614864,0.7581364218873603,0.8188911132329179
210.0,95,bench_95_front,7.909231697519394,-4.895071423940782,0.438223311379213,0.6910939611112022,0.8183217788379671
210.0,96,bench_96_front,6.907416410515487,-6.206128775959343,0.5531499162995027,0.60227727496477,0.8177485835152123
210.0,97,bench_97_front,5.6893674801781495,-7.31917328170396,0.6506340454572154,0.4944141704751484,0.8171719727662292
210.0,98,bench_98_front,4.293287241379938,-8.198636963408903,0.7275227530092738,0.3708538775057744,0.8165916694451767
210.0,99,bench_99_front,2.763218863802448,-8.81619801748963,0.7812953779741465,0.23546974821312955,0.8160076408755735
210.0,100,bench_100_front,1.1476964445999953,-9.151736433003885,0.810151882272795,0.09253896128920133,0.8154198499586804
210.0,101,bench_101_front,-0.5017564921065218,-9.1940463146161,0.8130773397540823,-0.05338855327944114,0.8148282629136321
210.0,102,bench_102_front,-2.132283840216123,-8.941273420645988,0.789883186203259,-0.19763520303328386,0.8142328422046237
210.0,103,bench_103_front,-3.6913474031591673,-8.40105441255091,0.7412216350191196,-0.335544395752175,0.8136335500341104
210.0,104,bench_104_front,-5.128450472220296,-7.590356547658023,0.6685733932916802,-0.4626315638826074,0.8130303475996568
210.0,105,bench_105_front,-6.396799656811213,-6.535000074692541,0.5742090256846161,-0.5747307628890408,0.8124231994402271
210.0,106,bench_106_front,-7.454848008523817,-5.268896166717815,0.4611225075572512,-0.6681353634063761,0.8118120661890026
210.0,107,bench_107_front,-8.267697356613755,-3.833008999735408,0.3329416580106908,-0.7397233605965166,0.8111971387098895
210.0,108,bench_108_front,-8.808294857093733,-2.2740867391974655,0.1938148831249122,-0.7870656580602274,0.8105779166856831
210.0,109,bench_109_front,-9.058401485598091,-0.6431481971327857,0.04828164757629187,-0.8085142685173304,0.8099545912511362
210.0,110,bench_110_front,-9.009259599330802,1.0061148534755642,-0.09887464327611561,-0.8032647097336467,0.809327121123751
210.0,111,bench_111_front,-8.661975053913595,2.619152580978852,-0.24278188822109784,-0.7713920381916475,0.8086956917368027
210.0,112,bench_112_front,-8.027560002185597,4.1423177852310555,-0.3786412989832951,-0.713856975235457,0.8080600314259287
210.0,113,bench_113_front,-7.126662133067471,5.524667072168314,-0.5018866805946236,-0.6324847660698294,0.8074201009813272
210.0,114,bench_114_front,-5.988951547317939,6.719706885880608,-0.6083420413745342,-0.5299124869279401,0.8067758567941221
210.0,115,bench_115_front,-4.652205264360869,7.686984280196833,-0.6943654217163073,-0.4095092318484255,0.8061272541257695
210.0,116,bench_116_front,-3.1611195110859973,8.393497722273318,-0.7569771143554949,-0.2752715383382436,0.8054742525227452
210.0,117,bench_117_front,-1.5658412816249254,8.814894225841018,-0.79396943487042,-0.13169274946059376,0.8048170250242878
210.0,118,bench_118_front,0.07968501652576618,8.936364208298603,-0.8039881874208387,0.016382744687421624,0.8041550844431308
210.0,119,bench_119_front,1.719493011004416,8.753229878880694,-0.7865900652978752,0.16392074916012417,0.8034886077789355
210.0,120,bench_120_front,3.297517447885419,8.27120312776579,-0.7422670637665705,0.3058686341902984,0.8028175479734387
210.0,121,bench_121_front,4.75949795499761,7.5062863399059845,-0.6724404616622333,0.437327950344456,0.8021420763387246
210.0,122,bench_122_front,6.054891259688588,6.484302438214893,-0.5794209769013114,0.5537260580119883,0.8014619241079178
210.0,123,bench_123_front,7.1386241373603525,5.24010115192232,-0.46634041379377855,0.6509765709787878,0.8007770460625437
210.0,124,bench_124_front,7.9727099829736785,3.816443071229885,-0.3370502539586338,0.7256284290778753,0.800087176987361
210.0,125,bench_125_front,8.52765240327978,2.2625678665783338,-0.19599685916879203,0.774992847519609,0.7993926960578156
210.0,126,bench_126_front,8.783547258977233,0.6325267809415566,-0.048071867439508906,0.7972453486739871,0.7986933394122109
210.0,127,bench_127_front,8.73086299229963,-1.0166348923005384,0.10155478146845529,0.7915005748172376,0.79798905604972
210.0,128,bench_128_front,8.370883063297457,-2.626890346525998,0.24761406543449244,0.7578537747869996,0.797279793648316
210.0,129,bench_129_front,7.715757850615342,-4.141260266478846,0.38492351476721065,0.6973885667188452,0.7965657067755981
210.0,130,bench_130_front,6.788175284048983,-5.505846906224971,0.508571127556535,0.6121495830974518,0.7958465328632837
210.0,131,bench_131_front,5.620653822058358,-6.671779445251919,0.6140949485198511,0.5050809203136662,0.7951222181919574
210.0,132,bench_132_front,4.254473292510111,-7.59701010194965,0.6976476897578603,0.37993088343514275,0.7943927084334849
210.0,133,bench_133_front,2.7382748652647613,-8.2478888078355,0.7561422130066584,0.24112629771863064,0.7936579475706776
210.0,134,bench_134_front,1.12638245986148,-8.600453104714855,0.7873715098642284,0.09362087994866515,0.7929178795488453
210.0,135,bench_135_front,-0.5231077676402041,-8.641388775924367,0.7900987409900557,-0.05727862691641257,0.7921722423914516
210.0,136,bench_136_front,-2.150400405428677,-8.368615728633303,0.7641140606691283,-0.20609996519495483,0.791421185820563
210.0,137,bench_137_front,-3.696172235634607,-7.791467666014022,0.7102538463758178,-0.34740520819520293,0.7906648499666569
210.0,138,bench_138_front,-5.103717798581027,-6.930470949404793,0.6303822072686929,-0.4759884266187725,0.789902974748142
210.0,139,bench_139_front,-6.321092637048019,-5.816687518843618,0.5273342010729305,-0.5870719474746466,0.7891354960543215
210.0,140,bench_140_front,-7.303044634337571,-4.490691157253992,0.40482401783173677,-0.6764855660744038,0.7883623573715559
210.0,141,bench_141_front,-8.01278101287163,-3.001134527929322,0.2673153510101091,-0.7408307909434957,0.7875834925235694
210.0,142,bench_142_front,-8.42339838193622,-1.4030416438130011,0.11986601094098177,-0.7776146556744953,0.7867988391569141
210.0,143,bench_143_front,-8.51899265213774,0.24418674906678395,-0.03205452644233253,-0.7853544483820037,0.7860083347260661
210.0,144,bench_144_front,-8.29536458590661,1.8789584992247526,-0.1827663355832244,-0.7636455444377603,0.7852121057154959
210.0,145,bench_145_front,-7.7602894480314815,3.4397906184122498,-0.32658914496675784,-0.7131886894221483,0.7844096992833525
210.0,146,bench_146_front,-6.933346531203046,4.867612218742766,-0.45805835726477867,-0.6357778284357739,0.783601241570364
210.0,147,bench_147_front,-5.845298156719737,6.108037474051182,-0.5721341578243856,-0.5342447664333719,0.7827866663471389
210.0,148,bench_148_front,-4.537030878749316,7.1134851970744455,-0.6643999558561896,-0.41236351531874976,0.7819660926841671
210.0,149,bench_149_front,-3.0580849179155742,7.845070024332264,-0.7312380842890959,-0.2747169534655275,0.7811392580303257
210.0,150,bench_150_front,-1.4648593162598091,8.27416937149785,-0.7699788033046386,-0.12653158296007572,0.7803060931614119
210.0,151,bench_151_front,0.18150897338940536,8.383640486972164,-0.7790153499821935,0.026517016777516344,0.7794665276242838
210.0,152,bench_152_front,1.8174405010103711,8.168596146558437,-0.7578790294248868,0.17851957003333827,0.7786204852987728
210.0,153,bench_153_front,3.3793692760427096,7.636726690878541,-0.7072713264408668,0.3235590337785608,0.7777680743930925
210.0,154,bench_154_front,4.806230276407863,6.808124393766914,-0.6290505975523297,0.45594187387011303,0.7769090336900024
210.0,155,bench_155_front,6.0418598489637985,5.714631327094893,-0.526174334060955,0.5704241895621284,0.7760432886521862
210.0,156,bench_156_front,7.037265923729603,4.398709320741235,-0.40259524192702595,0.6624249213356661,0.7751707587550268
210.0,157,bench_157_front,7.752647137341585,2.9118530224604777,-0.26311834062176026,0.7282141581576698,0.774291367195084
210.0,158,bench_158_front,8.159040949530345,1.3126865481191818,-0.11321979903464655,0.7650731321449291,0.7734052110139276
210.0,159,bench_159_front,8.239617892128159,-0.3353483756034409,0.04116349264515333,0.7714143676590972,0.7725118508849119
210.0,160,bench_160_front,7.990467016699481,-1.9664339561955457,0.19386507693882774,0.7468604003513433,0.7716113825427061
210.0,161,bench_161_front,7.420901228599511,-3.5150125908464487,0.3387343185082733,0.6922740016353403,0.7707037250951052
210.0,162,bench_162_front,6.553217273155575,-4.918444173504443,0.46988705072562986,0.6097386356673329,0.7697889608620606
210.0,163,bench_163_front,5.421931303365991,-6.119564497671642,0.5819453532332111,0.5024896092963257,0.7688668295618565
210.0,164,bench_164_front,4.072505561276825,-7.0690708940777345,0.670264441522126,0.3747975359992497,0.7679372464987465
210.0,165,bench_165_front,2.5596204959363975,-7.7276168559161835,0.7311332678459512,0.23180448694158517,0.7670001144180821
210.0,166,bench_166_front,0.9450167698234347,-8.067547049185542,0.761937017660611,0.07932702268389848,0.7660553474843955
210.0,167,bench_167_front,-0.704969225911462,-8.07415884748924,0.7612809985230905,-0.07637810830028771,0.7651028520008563
210.0,168,bench_168_front,-2.322099935887267,-7.746452268910728,0.729063875901601,-0.2288666234539573,0.7641427003354023
210.0,169,bench_169_front,-3.839052423778717,-7.097322931822698,0.6664979566566291,-0.37177410238610503,0.7631746257786982
210.0,170,bench_170_front,-5.192232794529614,-6.153184476725396,0.5760763524861027,-0.49908154986503217,0.7621983713636333
210.0,171,bench_171_front,-6.324510420710773,-4.952996070089961,0.4614850407368614,-0.6053747277837072,0.7612141642554349
210.0,172,bench_172_front,-7.187669119579214,-3.5467809616793016,0.3274614375430954,-0.6860802407491834,0.7602217372742297
210.0,173,bench_173_front,-7.744573129559531,-1.993606612270747,0.17960965389987307,-0.7376699068214249,0.7592209949704776
210.0,174,bench_174_front,-7.9708527157305475,-0.3591969925235492,0.024169905265962854,-0.7578264920828677,0.7582118282005302
210.0,175,bench_175_front,-7.856097980058451,1.2868072427527406,-0.132237782843786,-0.7455575915464762,0.7571941319925971
210.0,176,bench_176_front,-7.404465006959093,2.8737914433611857,-0.28289441775463764,-0.701256528741205,0.7561679513830905
210.0,177,bench_177_front,-6.6346581032537735,4.333211147409233,-0.4212700838340998,-0.6267034125655389,0.7551328696692269
210.0,178,bench_178_front,-5.579293373952986,5.601563847526548,-0.5413107772621374,-0.525007609430238,0.7540890846178538
210.0,179,bench_179_front,-4.283639604696837,6.623223301628785,-0.6377094182202743,-0.4004877030068833,0.7530363220632655
210.0,180,bench_180_front,-2.80378630285919,7.352962624854154,-0.7061460855184784,-0.2585020681620889,0.7519744765197469
210.0,181,bench_181_front,-1.204293926497146,7.7580650052794535,-0.7434944229404495,-0.10522357286176583,0.7509034273655617
210.0,182,bench_182_front,0.44454660703814836,7.819903518660047,-0.7479743616663931,0.05262094952497701,0.7498230524858237
210.0,183,bench_183_front,2.0697504911793776,7.534935943529187,-0.7192499149296847,0.20804090271518594,0.7487332350903813
210.0,184,bench_184_front,3.5988781159389247,6.915042615558365,-0.6584644623627833,0.35409199916932055,0.7476339960638732
210.0,185,bench_185_front,4.963273006354203,5.987175232975576,-0.5682086136797058,0.48418863763191916,0.7465250601765938
210.0,186,bench_186_front,6.10118764927682,4.792333657990497,-0.452425005101901,0.5924037267990616,0.7454063058271457
210.0,187,bench_187_front,6.960673709226623,3.3838703548626716,-0.3162462599124182,0.6737487979641857,0.7442775958382584
210.0,188,bench_188_front,7.502050726749516,1.8252102550170854,-0.1657807136219193,0.7244115115102489,0.7431388046775355
210.0,189,bench_189_front,7.699853593708918,0.18711307717679276,-0.007844465052071248,0.7419484648622701,0.7419899326429116
210.0,190,bench_190_front,7.544188568876112,-1.4555310809482325,0.1503416282497626,0.7254152794412796,0.7408305695850163
210.0,191,bench_191_front,7.041369549614545,-3.02705454817518,0.30147842506942285,0.6754324031458172,0.7396608493097856
210.0,192,bench_192_front,6.213834374662473,-4.454525549318299,0.43852832910797873,0.5941770272503349,0.738480490698489
210.0,193,bench_193_front,5.099287388211926,-5.671189657702311,0.5550450611447164,0.4853046141054751,0.7372893518647927
210.0,194,bench_194_front,3.7491280103206712,-6.61964862724144,0.6454855467652109,0.3537980890381589,0.7360874125332101
210.0,195,bench_195_front,2.2262188015593893,-7.254670264214308,0.7054831520218133,0.20575202739478868,0.7348743937324927
210.0,196,bench_196_front,0.6020549882791452,-7.545488781015413,0.7320716735105876,0.04809983539945528,0.733650140954152
210.0,197,bench_197_front,-1.0465425795935648,-7.477445836357087,0.7238463151266663,-0.11170281665777024,0.7324145050254893
210.0,198,bench_198_front,-2.640985296545607,-7.052887224514512,0.6810536969123689,-0.2660294953329934,0.7311674435210666
210.0,199,bench_199_front,-4.104690564410392,-6.291272395200269,0.605603539318531,-0.4074445103381971,0.7299086763697666
210.0,200,bench_200_front,-5.366797293607672,-5.228445952959226,0.5010004092427145,-0.5290669222599995,0.7286379198827329
210.0,201,bench_201_front,-6.365647470921885,-3.9151319086033456,0.37219755768292667,-0.6249116983547257,0.7273552451764703
210.0,202,bench_202_front,-7.051939412787947,-2.4146300054784042,0.2253751138627292,-0.6901954123345536,0.7260603619233752
210.0,203,bench_203_front,-7.391278696047831,-0.7999039549705539,0.06765627124566105,-0.7215883088571203,0.7247531017651082
210.0,204,bench_204_front,-7.366075814580634,0.8499004629414046,-0.09323230940412938,-0.7174005922715396,0.7234333924476967
210.0,205,bench_205_front,-6.976630371178089,2.453280578360477,-0.2493319460847332,-0.6776896061053304,0.7221008389148971
210.0,206,bench_206_front,-6.241352743941116,3.9303972301314833,-0.3928477913638063,-0.6042839302049543,0.7207554755139685
210.0,207,bench_207_front,-5.196086046967476,5.2070857639183625,-0.5165410274486307,-0.5007168998111299,0.719397002213768
210.0,208,bench_208_front,-3.892539434209295,6.2186599715453195,-0.614101207407651,-0.37207518059713374,0.7180252314201253
210.0,209,bench_209_front,-2.3958888253828188,6.913309781768116,-0.6804808621375897,-0.22476384631850496,0.7166400702914999
210.0,210,bench_210_front,-0.7816385250724635,7.254909652351719,-0.71217098936677,-0.06620032640454361,0.7152412189686164
210.0,211,bench_211_front,0.86808919436312,7.225069432592974,-0.7074045321055953,0.09555061454766087,0.7138284751843204
210.0,212,bench_212_front,2.4686789845696646,6.8243213955342,-0.6662734349063718,0.2521823325087616,0.7124017257780155
210.0,213,bench_213_front,3.9373658649799177,6.072348431209731,-0.5907524858800013,0.395571199214377,0.7109606692506284
210.0,214,bench_214_front,5.197538727045277,5.007232776240061,-0.4846249189670865,0.5182047445659539,0.7095050876311746
210.0,215,bench_215_front,6.182837145243126,3.6837256968492835,-0.3533122970033843,0.6135826301557442,0.7080347613236573
210.0,216,bench_216_front,6.840788310979844,2.1705858311793578,-0.20361517365692178,0.676574566244086,0.7065495613413906
210.0,217,bench_217_front,7.135751495251743,0.5471673608330321,-0.043373039468327684,0.7037137970726673,0.7050491676068785
210.0,218,bench_218_front,7.0510568834108005,-1.100658066845341,0.11893636482610573,0.6934070303586809,0.7035333457831925
210.0,219,bench_219_front,6.590161334997753,-2.6849824629927554,0.2746399184752869,0.6460492630151053,0.7020019480474915
210.0,220,bench_220_front,5.7767535109736485,-4.120555631249383,0.41533480669741235,0.5640334306372232,0.7004546470191858
210.0,221,bench_221_front,4.653759356655312,-5.329435468678987,0.5333472174773208,0.4516521311203439,0.6988911946335773
210.0,222,bench_222_front,3.2812905550597713,-6.2453171013396265,0.6221614467870367,0.3148940136559332,0.6973113405821547
210.0,223,tail_rear,1.73361313151902,-6.817325763210359,0.6767956479834913,0.16114240950594402,0.6957149022917184
220.0,0,head_front,-9.483745361394446,-5.100247401950237,0.4014641222400951,-0.7631698600205892,0.8623234176861113
220.0,1,bench_1_front,-10.469794209787954,-2.4156135228797515,0.1860236904772521,-0.8414407617980938,0.8617583008211368
220.0,2,bench_2_front,-10.70284394721282,-0.7821571347241026,0.05488699788221627,-0.8596773613985264,0.8614277382564685
220.0,3,bench_3_front,-10.682722811772578,0.8677155171859953,-0.07761060366781684,-0.8575909163222797,0.8610955728374001
220.0,4,bench_4_front,-10.40959030494086,2.494951637968248,-0.20833171872352957,-0.8351698975407423,0.8607617921263199
220.0,5,bench_5_front,-9.889615949921145,4.060875180054125,-0.3341629515137937,-0.7928863016137729,0.8604263858408673
220.0,6,bench_6_front,-9.134868539237035,5.528132052412434,-0.45209090304573374,-0.7316881106910987,0.8600893418380539
220.0,7,bench_7_front,-8.163061446653375,6.861585067525825,-0.559273978553142,-0.6529807003788092,0.8597506488243324
220.0,8,bench_8_front,-6.997180604248547,8.02914942175094,-0.6531128454882497,-0.5585961538188622,0.8594102931679282
220.0,9,bench_9_front,-5.664942754586898,9.002613755508408,-0.7313134796648291,-0.45075367451049003,0.8590682630758683
220.0,10,bench_10_front,-4.198178958740115,9.758318390862286,-0.7919455861186387,-0.33200909048169136,0.8587245469504609
220.0,11,bench_11_front,-2.6320766831822047,10.277767683865182,-0.8334923112826346,-0.20519576759858174,0.8583791330220227
220.0,12,bench_12_front,-1.0043682566554215,10.548100832586504,-0.8548904121645474,-0.0733574022187193,0.8580320071367669
220.0,13,bench_13_front,0.6455734883087503,10.562446284482554,-0.855559236570065,0.060322394121711344,0.8576831574147458
220.0,14,bench_14_front,2.2776836410827714,10.32012808268619,-0.8354195043670831,0.19259775005728516,0.8573328651137032
220.0,15,bench_15_front,3.852187134518272,9.826718121241061,-0.7948981793213026,0.3202382095146228,0.8569805285544434
220.0,16,bench_16_front,5.330550135135512,9.093944006190126,-0.7349238794485151,0.440108771662858,0.8566264293601064
220.0,17,bench_17_front,6.676445690236982,8.13944115702967,-0.6569072088559618,0.5492469224348453,0.8562705547028223
220.0,18,bench_18_front,7.85665722192723,6.986359117570153,-0.5627102975258254,0.6449375924485695,0.8559131831529176
220.0,19,bench_19_front,8.841922410119736,5.66282001057802,-0.45460423243297426,0.7247811062602503,0.8555540077270434
220.0,20,bench_20_front,9.607669558279651,4.201268053790217,-0.33521720787010434,0.7867556907502677,0.855193015277931
220.0,21,bench_21_front,10.134663022607173,2.637691796115093,-0.20747161158840285,0.8292705768863357,0.8548299008016069
220.0,22,bench_22_front,10.409517330340812,1.0107449411592282,-0.0745150060222223,0.8512099326372036,0.8544652336653168
220.0,23,bench_23_front,10.425063312460674,-0.6391825037438286,0.060358039662195176,0.8519633265972008,0.8540987078894522
220.0,24,bench_24_front,10.180572425292986,-2.2709661116598,0.19378552520890585,0.8314460971721367,0.8537303100413324
220.0,25,bench_25_front,9.681814142825797,-3.8437817246512997,0.32242304391629545,0.7901055066902055,0.8533600242280135
220.0,26,bench_26_front,8.940958113436702,-5.3181097417403445,0.4430261543852271,0.7289143135564979,0.8529878369454653
220.0,27,bench_27_front,7.976311353343563,-6.656749980591185,0.552533936998717,0.6493507747285712,0.8526137344518312
220.0,28,bench_28_front,6.811889150934659,-7.825782238528644,0.6481479278720844,0.5533650459517834,0.8522374143899668
220.0,29,bench_29_front,5.476868032846552,-8.79542251625024,0.7274052250238308,0.44333469282416293,0.8518591498912628
220.0,30,bench_30_front,4.004842176415189,-9.540839431345342,0.7882436879424523,0.3220073544678158,0.8514792116737082
220.0,31,bench_31_front,2.4330471475944786,-10.042783326022963,0.8290568265084202,0.19243415284552753,0.8510970125441567
220.0,32,bench_32_front,0.8013951024470083,-10.288139668373175,0.8487405491440129,0.05789463190425352,0.8507128235571683
220.0,33,bench_33_front,-0.8485115792079997,-10.270292821048198,0.8467247954723675,-0.07818555007115494,0.8503269133149036
220.0,34,bench_34_front,-2.474414043421972,-9.989344146715283,0.822992322560409,-0.2123203027564527,0.8499389824899009
220.0,35,bench_35_front,-4.034516359064683,-9.45215494214499,0.7780846045955533,-0.3410540646876851,0.8495490138588886
220.0,36,bench_36_front,-5.488545849132868,-8.672211466729868,0.7130921608999451,-0.4610500662042646,0.8491569898928643
220.0,37,bench_37_front,-6.798787595002233,-7.669335478945381,0.6296322407372451,-0.569176332618343,0.8487628975094699
220.0,38,bench_38_front,-7.931112686722447,-6.4691964218859495,0.5298099678801089,-0.6625914938912315,0.8483667189618743
220.0,39,bench_39_front,-8.85587002638097,-5.1026900958235855,0.4161682751962559,-0.7388196231100432,0.8479684361886903
220.0,40,bench_40_front,-9.548681468308114,-3.6051895830095266,0.29162703502769755,-0.795817345552895,0.8475680356419193
220.0,41,bench_41_front,-9.991136627182694,-2.0156208325309297,0.159407372170931,-0.8320328553886626,0.8471654990311237
220.0,42,bench_42_front,-10.171301446433853,-0.37549144378262544,0.02295138547510338,-0.8464499835400566,0.8467610883420358
220.0,43,bench_43_front,-10.084081742021088,1.2721987467452696,-0.11416626942158734,-0.8386188303278189,0.8463542282366417
220.0,44,bench_44_front,-9.731403302078522,2.884061508281358,-0.248332776960907,-0.8086745635715535,0.8459454579822261
220.0,45,bench_45_front,-9.122208553363073,4.417483124666509,-0.37599060745431484,-0.7573368820530725,0.8455342038094816
220.0,46,bench_46_front,-8.272273881986338,5.831736868164872,-0.493733749169317,-0.6858979715726956,0.8451207265688899
220.0,47,bench_47_front,-7.203838399479162,7.089090637154841,-0.5983988449523112,-0.5961923976868193,0.8447050092782797
220.0,48,bench_48_front,-5.945052050544668,8.155836731305566,-0.6871524921873895,-0.4905527974154763,0.844287033283995
220.0,49,bench_49_front,-4.529268707476023,9.003214073555888,-0.7575694298706809,-0.3717522042677494,0.8438667800384839
220.0,50,bench_50_front,-2.9941888542895443,9.608214850734848,-0.8077013462819842,-0.24293354123115002,0.8434442306642667
220.0,51,bench_51_front,-1.3808794517389844,9.954242866323542,-0.8361335215666543,-0.10752853644744223,0.8430193663481188
220.0,52,bench_52_front,0.26730458233677257,10.031607369037854,-0.8420278826392668,0.030831939430691912,0.8425921692200946
220.0,53,bench_53_front,1.9058906422221606,9.837834938742937,-0.8251512860521142,0.16841523874477451,0.8421628925065016
220.0,54,bench_54_front,3.490463278746508,9.37778746680773,-0.7858863116472332,0.3014866331502329,0.8417312426200867
220.0,55,bench_55_front,4.9778838500266875,8.663585858313729,-0.7252270490701767,0.4264108915730712,0.8412969280552366
220.0,56,bench_56_front,6.327482625594622,7.714326006728763,-0.644758553014676,0.539752485223313,0.8408604741515214
220.0,57,bench_57_front,7.502171814420119,6.555615467296508,-0.54661645736105,0.6383717084770872,0.8404213167464876
220.0,58,bench_58_front,8.469503040786664,5.21890858566717,-0.4334361804813991,0.7195133365602115,0.8399799783556227
220.0,59,bench_59_front,9.202580297780413,3.7406972904159357,-0.30828268601825165,0.7808858827242566,0.8395361673785527
220.0,60,bench_60_front,9.680851073203877,2.1615352145467357,-0.1745703682694109,0.8207295424946963,0.8390898613386241
220.0,61,bench_61_front,9.890721087581392,0.524936998507668,-0.03597333295382299,0.8378688842825255,0.8386407740699534
220.0,62,bench_62_front,9.825977327599281,-1.1237891643786728,0.10367671908291234,0.8317527518716787,0.8381894191207065
220.0,63,bench_63_front,9.488017741703265,-2.7388064068442755,0.24049420128826027,0.8024732507392279,0.8377355065921833
220.0,64,bench_64_front,8.885869381750375,-4.275005796841897,0.37064766718888964,0.7507705758241012,0.8372790160489026
220.0,65,bench_65_front,8.035988837179227,-5.689291621903622,0.4904683145955553,0.6780176814910508,0.8368196604028281
220.0,66,bench_66_front,6.9618624164019876,-6.941788905785486,0.5965551992537722,0.5861881183409712,0.8363579471977511
220.0,67,bench_67_front,5.693388283429808,-7.997005410809128,0.6858714237337468,0.47780590796757405,0.8358935910648404
220.0,68,bench_68_front,4.266092250622678,-8.824852743762056,0.7558359840120421,0.35587851236489004,0.8354265678624897
220.0,69,bench_69_front,2.7201598610919544,-9.401547895888292,0.8043998193701626,0.22381661608018075,0.8349568533980263
220.0,70,bench_70_front,1.0993075604403313,-9.710339656676584,0.8301090545341712,0.08534175171531574,0.834484425861534
220.0,71,bench_71_front,-0.5503882161664572,-9.742024778314834,0.8321529347326388,-0.055618138025129625,0.8340095227642942
220.0,72,bench_72_front,-2.1818358230963972,-9.495281239297759,0.8103920587422451,-0.1950386343208616,0.8335318576696641
220.0,73,bench_73_front,-3.748241254307259,-8.97676222746749,0.7653694032073324,-0.32891319527771423,0.8330511469254117
220.0,74,bench_74_front,-5.204477409857041,-8.20096248075237,0.6983016841646619,-0.45336917901501395,0.8325676276363085
220.0,75,bench_75_front,-6.50838541283697,-7.18985996488151,0.6110501086046704,-0.5647808815904896,0.8320815341274616
220.0,76,bench_76_front,-7.62201106926453,-5.972345395218438,0.5060721987805948,-0.659876618325508,0.831592581611533
220.0,77,bench_77_front,-8.512749052083528,-4.583433291134229,0.38635661193189924,-0.735837338423573,0.831100487427233
220.0,78,bench_78_front,-9.154334954335702,-3.0632829819737557,0.2553416358386727,-0.7903835279393752,0.8306054853121682
220.0,79,bench_79_front,-9.527654937272436,-1.4560681258878412,0.1168181429766882,-0.8218469989544337,0.8301078051789001
220.0,80,bench_80_front,-9.621358982748966,0.19127207478654765,-0.025177976639493106,-0.8292250090341904,0.829607163731975
220.0,81,bench_81_front,-9.432261922360324,1.830398647017056,-0.16648139587321892,-0.8122171009616572,0.8291035365178793
220.0,82,bench_82_front,-8.965497705825184,3.412999336790511,-0.3029206505428791,-0.77124049075865,0.8285968954268198
220.0,83,bench_83_front,-8.234429893494594,4.892204560662817,-0.4304405130769884,-0.7074244806006471,0.8280872122253043
220.0,84,bench_84_front,-7.260327877775577,6.223980004971307,-0.5452228318570107,-0.6225845753232926,0.8275744617909997
220.0,85,bench_85_front,-6.071786726857676,7.368478766260012,-0.6438043349725036,-0.5191742783242412,0.8270586152159255
220.0,86,bench_86_front,-4.703942402809279,8.291247429059757,-0.7231822471524352,-0.40021896984608274,0.8265396460068358
220.0,87,bench_87_front,-3.1974590256577438,8.964312407572876,-0.7809099199964047,-0.2692297300480085,0.8260175244451626
220.0,88,bench_88_front,-1.5973685314177513,9.367061309344262,-0.8151750481965425,-0.13010400729734534,0.8254922240197439
220.0,89,bench_89_front,0.04827131352436948,9.486931801983157,-0.8248614382615596,0.01298990654320642,0.8249637143553223
220.0,90,bench_90_front,1.6897947497573447,9.319848612293242,-0.8095891136477584,0.15573545458311672,0.8244319649013938
220.0,91,bench_91_front,3.2774103458340687,8.870419628387436,-0.7697335895952728,0.2937964984253739,0.8238969483122478
220.0,92,bench_92_front,4.762728100858064,8.151868663064839,-0.7064222323117678,0.4229509156197583,0.8233588812467703
220.0,93,bench_93_front,6.100262829457571,7.18568796663867,-0.6215061316626175,0.5392201189602306,0.8228172387509367
220.0,94,bench_94_front,7.248815328988628,6.001064043342492,-0.5175122708747486,0.6389934911902208,0.8222722373334794
220.0,95,bench_95_front,8.172792811643879,4.634039912866581,-0.39757178915711916,0.7191433466603167,0.8217240903000186
220.0,96,bench_96_front,8.843359628504455,3.1264406432435417,-0.2653292889191121,0.7771259087928886,0.8211725212618203
220.0,97,bench_97_front,9.23936129815516,1.5246691364017633,-0.12483505219405581,0.8110667580632894,0.8206174969445796
220.0,98,bench_98_front,9.34806722150067,-0.12174864289810236,0.019575924275453092,0.819825058485591,0.820058743830063
220.0,99,bench_99_front,9.165620859380692,-1.7616319541635899,0.1634164495782209,0.8030376913753445,0.819496473306746
220.0,100,bench_100_front,8.697239986202534,-3.3437609346000214,0.30218640492546617,0.7611380846435488,0.8189308928210169
220.0,101,bench_101_front,7.957130627478054,-4.818460322100063,0.43151371310735653,0.6953498674860611,0.8183614866381365
220.0,102,bench_102_front,6.968110286339032,-6.139193174257852,0.5472933808486553,0.6076580552705364,0.817788699393628
220.0,103,bench_103_front,5.7609612044699405,-7.264044636247175,0.6458190153239147,0.5007531063306738,0.8172122576502202
220.0,104,bench_104_front,4.373521963189012,-8.157088130607864,0.7239052663801826,0.3779539646643214,0.8166321289898176
220.0,105,bench_105_front,2.8495565457243437,-8.789571688424639,0.7789951373315004,0.24310772646776035,0.8160482771591682
220.0,106,bench_106_front,1.237393455453184,-9.140905918410034,0.8092473580419022,0.10047293560540178,0.8154606656896247
220.0,107,bench_107_front,-0.41156511361116477,-9.19938466405952,0.8136028524637965,-0.045412605422903526,0.8148692571624742
220.0,108,bench_108_front,-2.044494134850313,-8.962637210246214,0.7918271115388558,-0.189873644700351,0.8142740174657195
220.0,109,bench_109_front,-3.6087935165467324,-8.437783370790044,0.7445265567884669,-0.3282490504224652,0.8136751396389964
220.0,110,bench_110_front,-5.053819214334886,-7.641285593846545,0.6731373627327197,-0.4560398750538569,0.8130721227209173
220.0,111,bench_111_front,-6.332525361375592,-6.59850071673461,0.5798879975888052,-0.5690602299471401,0.8124651592868743
220.0,112,bench_112_front,-7.403046164795665,-5.342915806874227,0.46773534548239815,-0.6635746246274559,0.8118544425345021
220.0,113,bench_113_front,-8.230079051559487,-3.91514908604436,0.3402751383267421,-0.7364256141800908,0.8112397025440801
220.0,114,bench_114_front,-8.786119396288278,-2.361662527299334,0.2016308940090233,-0.7851440788023833,0.8106208990010813
220.0,115,bench_115_front,-9.052423831312407,-0.7332906102795446,0.056323792724022305,-0.808037359933387,0.8099979905375918
220.0,116,bench_116_front,-9.019705154144932,0.9163837772362381,-0.09087115728589376,-0.8042535366307131,0.8093709399339016
220.0,117,bench_117_front,-8.688526989500556,2.5328020299594223,-0.23508315411176764,-0.7738187468052049,0.808739477368525
220.0,118,bench_118_front,-8.06936323072788,4.062229532220601,-0.3715047749477297,-0.7176463608466639,0.8081040137540609
220.0,119,bench_119_front,-7.182346772804795,5.453528182335177,-0.4955532429255328,-0.6375151364001785,0.8074642813854681
220.0,120,bench_120_front,-6.056674747677062,6.659917964040797,-0.6030272957083026,-0.5360195660574532,0.8068202368345064
220.0,121,bench_121_front,-4.72971949549944,7.640570082993555,-0.6902516221032571,-0.41649217779032605,0.8061718402280659
220.0,122,bench_122_front,-3.2458190643875735,8.362054513504864,-0.7542083326159358,-0.28289701335997536,0.8055190433225673
220.0,123,bench_123_front,-1.654870637162405,8.799513561005217,-0.7926446268279863,-0.1397045875287468,0.804862023092067
220.0,124,bench_124_front,-0.01065590186086522,8.937598012033506,-0.8041579149855036,0.008255773277001822,0.804200292232124
220.0,125,bench_125_front,1.630918267545275,8.77106678540144,-0.7882542510007775,0.1559556692389288,0.8035340285193646
220.0,126,bench_126_front,3.2137433546433067,8.305064393536096,-0.7453745164063119,0.2983395218914196,0.8028634006045762
220.0,127,bench_127_front,4.683418629643517,7.555035648253195,-0.6768894409295925,0.4304956481444229,0.8021881439620403
220.0,128,bench_128_front,5.989142517700996,6.5462872627172874,-0.5850630820811816,0.5478289891499409,0.8015082104179455
220.0,129,bench_129_front,7.085498134770015,5.313205352145573,-0.47298435254691373,0.6462229982482125,0.8008235518634129
220.0,130,bench_130_front,7.934080407176979,3.898144599193213,-0.34446877045017377,0.7221882541399722,0.8001341189033221
220.0,131,bench_131_front,8.504895615847264,2.3500299042298245,-0.20393378150625713,0.7729910128773483,0.7994398621713772
220.0,132,bench_132_front,8.777488807743245,0.7227071320580002,-0.0562508460803139,0.7967575533944729,0.7987407317621266
220.0,133,bench_133_front,8.741749928240123,-0.9269020153212414,0.0934208182820518,0.792549738039676,0.7980366761968068
220.0,134,bench_134_front,8.398365471742308,-2.5407713059806185,0.2398125895384951,0.760408636061519,0.7973276440072163
220.0,135,bench_135_front,7.75889152092085,-4.0618201501852615,0.37773183119861165,0.7013642880605747,0.796613583155204
220.0,136,bench_136_front,6.845456993965613,-5.435919148559873,0.5022473356473238,0.6174103778873168,0.7958944407946287
220.0,137,bench_137_front,5.690068104189983,-6.613874818961731,0.6088686597261621,0.5114439066029444,0.7951703681589337
220.0,138,bench_138_front,4.333559111801152,-7.55322422357894,0.693710550413734,0.38717180776648996,0.794440895526217
220.0,139,bench_139_front,2.82420348955657,-8.219824724274437,0.7536410222472474,0.24898801135154888,0.7937063816114086
220.0,140,bench_140_front,1.2160708076356654,-8.58915176547992,0.7864019324888059,0.1018216444439242,0.7929663591221214
220.0,141,bench_141_front,-0.43290555251543994,-8.647292020161899,0.7907022357985746,-0.04903441431739795,0.7922211809111864
220.0,142,bench_142_front,-2.0629664757225226,-8.391540036397853,0.7662747761945138,-0.19811272138472055,0.7914705825274949
220.0,143,bench_143_front,-3.6146944862460737,-7.830610811054062,0.713898809929003,-0.33996752835405036,0.790714506729963
220.0,144,bench_144_front,-5.031194049860671,-6.984430845271993,0.6353835517207049,-0.46937545493300864,0.7899528944758583
220.0,145,bench_145_front,-6.260208985434795,-5.8835087009109905,0.5335130664558683,-0.5815306080963142,0.789185681720096
220.0,146,bench_146_front,-7.256077353944064,-4.567924456270526,0.41195590994055553,-0.6722254713373786,0.7884128081466663
220.0,147,bench_147_front,-7.981495609171253,-3.085939070294342,0.27513942459915286,-0.7380148717164152,0.7876342132254983
220.0,148,bench_148_front,-8.408988648350341,-1.492280382736008,0.12809377654927773,-0.7763534297384176,0.7868498353925356
220.0,149,bench_149_front,-8.522031377429586,0.15384551229648374,-0.023729908696851675,-0.7857013409659119,0.786059607003434
220.0,150,bench_150_front,-8.315770628266213,1.7909050365671775,-0.17465704020314593,-0.7655936439004349,0.7852634648786796
220.0,151,bench_151_front,-7.797329933808413,3.357338465559952,-0.3190021873067896,-0.7166711266758581,0.7844615346321067
220.0,152,bench_152_front,-6.985654966040725,4.793891110451642,-0.45128317843529625,-0.6406687024489943,0.7836535544718352
220.0,153,bench_153_front,-5.910920321696415,6.045864575225843,-0.5664316102658591,-0.5403636261571371,0.7828394583706574
220.0,154,bench_154_front,-4.613486137322248,7.065259450154505,-0.6599920400445765,-0.41948122345288086,0.782019174797989
220.0,155,bench_155_front,-3.1424713975244782,7.8126631380124065,-0.7282987103037044,-0.28256490027807424,0.7811926358454726
220.0,156,bench_156_front,-1.5539449609827967,8.25886013694277,-0.768626923292643,-0.1348110834399729,0.7803597730717377
220.0,157,bench_157_front,0.0911467211051273,8.386053315454392,-0.7793099488076605,0.01812503527548486,0.7795206945388532
220.0,158,bench_158_front,1.7292939701256287,8.188676435499593,-0.7598150482448277,0.17034019390354802,0.7786749573463809
220.0,159,bench_159_front,3.2968836615489816,7.673728937590962,-0.7107798920313121,0.3159119168922953,0.777822855250865
220.0,160,bench_160_front,4.732640394369524,6.860637624937237,-0.6340007294244013,0.4491284117028787,0.7769641272989529
220.0,161,bench_161_front,5.980070460455257,5.7806284993061645,-0.5323774403630755,0.5647153735070148,0.7760986999620005
220.0,162,bench_162_front,6.9897402406831235,4.475613143284973,-0.4098119406967703,0.6580503703484946,0.7752264937767827
220.0,163,bench_163_front,7.721291798207211,2.996649046750357,-0.2710665867847082,0.7253529109457741,0.7743474284122212
220.0,164,bench_164_front,8.145137281621654,1.4020203412461505,-0.1215856123021081,0.7638452130688368,0.7734614215635162
220.0,165,bench_165_front,8.243758083824686,-0.24503355708118635,0.03271239376677051,0.7718755241125352,0.7725683953087604
220.0,166,bench_166_front,8.012523984472796,-1.8787529976873036,0.18566730998320272,0.7489990410555933,0.7716682664841137
220.0,167,bench_167_front,7.460024037374783,-3.433505105912822,0.331121827281205,0.6960106158827046,0.770760949921223
220.0,168,bench_168_front,6.607863629352198,-4.846412697341942,0.46316989846625634,0.6149287206601333,0.7698465342767676
220.0,169,bench_169_front,5.489914857094648,-6.059956414293309,0.5764005658776583,0.5089279569074202,0.7689247542289465
220.0,170,bench_170_front,4.1510828734332295,-7.024343673129276,0.6661232500706074,0.3822263001750041,0.7679955265690688
220.0,171,bench_171_front,2.6456003091805793,-7.699632929639177,0.7285711387627377,0.23992338732075544,0.767058756563992
220.0,172,bench_172_front,1.0348731823216162,-8.057495768491712,0.7610660406119669,0.08780485273754038,0.7661143585242594
220.0,173,bench_173_front,-0.6149331014337487,-8.082493996798283,0.7621443884056797,-0.06789091710140666,0.7651622346947983
220.0,174,bench_174_front,-2.235619832095031,-7.7728697882644395,0.731632713398722,-0.22072316440066114,0.7642022916860547
220.0,175,bench_175_front,-3.7597388123503768,-7.140764058165322,0.6706720977976985,-0.36431543909663394,0.7632344344489044
220.0,176,bench_176_front,-5.123425941957409,-6.21186755066322,0.5816876241277006,-0.49262321451717933,0.7622585673802348
220.0,177,bench_177_front,-6.269128904154707,-5.02448564090486,0.468302882911367,-0.6001930159139798,0.7612747509900852
220.0,178,bench_178_front,-7.1480807073557955,-3.628087079267615,0.33520251631503817,-0.6823995079806926,0.7602827207271153
220.0,179,bench_179_front,-7.722494293124825,-2.081295807921428,0.18794827420051946,-0.7356528893560759,0.7592823765852178
220.0,180,bench_180_front,-7.967261001850611,-0.4495530201654001,0.03275323017298006,-0.7575659080758468,0.7582736176114441
220.0,181,bench_181_front,-7.871189333079172,1.1976465983133093,-0.12377677885561869,-0.7470719278371893,0.7572563346359326
220.0,182,bench_182_front,-7.437630392294142,2.7896707481749554,-0.2749208902711594,-0.7044877202667117,0.7562304172103074
220.0,183,bench_183_front,-6.684506563191517,4.257770353593976,-0.41413102961570597,-0.6315189041972369,0.7551957600841278
220.0,184,bench_184_front,-5.643705765243485,5.538090670104045,-0.5353200614852709,-0.5312045570741225,0.7541524048127864
220.0,185,bench_185_front,-4.35983764167601,6.574519165994482,-0.6331332477711871,-0.40780144817346214,0.7531000800462474
220.0,186,bench_186_front,-2.8884569203141357,7.321196958758051,-0.7031913018236218,-0.2666161357645072,0.7520386764059399
220.0,187,bench_187_front,-1.2937220974771295,7.7446762003350615,-0.7422979879992289,-0.11378378120152574,0.7509680764534667
220.0,188,bench_188_front,0.3542987056148581,7.825523279376539,-0.7485968145181552,0.04399177515340371,0.7498883030077725
220.0,189,bench_189_front,1.9826863477895917,7.559359194729525,-0.7216710869492944,0.19972657242795708,0.748798945961061
220.0,190,bench_190_front,3.5188977240824,6.957221136806086,-0.6625833941217928,0.3464661441886045,0.7477001693425472
220.0,191,bench_191_front,4.893970032452119,6.045265422446906,-0.5738473498444889,0.47759647325894417,0.7465917038066553
220.0,192,bench_192_front,6.045717835028841,4.863751537298678,-0.45933545972975376,0.5871469721238255,0.7454734277218207
220.0,193,bench_193_front,6.921583627900252,3.465410083593878,-0.32412085839400373,0.6700712321806834,0.7443452069048374
220.0,194,bench_194_front,7.481154319319623,1.9131959832732908,-0.17426436646282167,0.7224878151466333,0.7432070454819736
220.0,195,bench_195_front,7.698153343834109,0.27753015658565333,-0.016550884495509587,0.7418740718133889,0.7420586703263841
220.0,196,bench_196_front,7.561809476656525,-1.3668288062870393,0.1418119680130764,0.7272014152893567,0.7408998128428601
220.0,197,bench_197_front,7.077547235458794,-2.9441640889674603,0.2935213655819931,0.6790041011564176,0.7397306005839914
220.0,198,bench_198_front,6.2669336676540714,-4.381313779770733,0.4315157690983787,0.5993758132163627,0.73855075956182
220.0,199,bench_199_front,5.166873934631963,-5.611093499320262,0.5493084386304347,0.4918945258239556,0.737360146255668
220.0,200,bench_200_front,3.8280679231844283,-6.575517988609893,0.641299623964623,0.3614754211435255,0.7361587381727231
220.0,201,bench_201_front,2.312825953919672,-7.228620842940492,0.7030517071264308,0.21415953042634825,0.7349462615496609
220.0,202,bench_202_front,0.6922393299082502,-7.53880009525244,0.7315174505524509,0.0568420012573712,0.7337225589892274
220.0,203,bench_203_front,-0.9570544192770506,-7.490482332661656,0.7252036920079605,-0.10304131974909754,0.7324874800825012
220.0,204,bench_204_front,-2.556476491045105,-7.085074473952041,0.6842657169512606,-0.25786359112412427,0.7312408652573051
220.0,205,bench_205_front,-4.029239243025974,-6.341108239570824,0.6105232550186951,-0.40016981651265854,0.7299825525082071
220.0,206,bench_206_front,-5.304060937758776,-5.293574259495156,0.5073972605968,-0.5230391237448774,0.7287124981972974
220.0,207,bench_207_front,-6.318711529381568,-3.9924228400086728,0.3797666642419005,-0.620429253628776,0.7274305314102374
220.0,208,bench_208_front,-7.023133582223256,-2.5003423137750063,0.23375142735075496,-0.6874840264947176,0.7261363621758002
220.0,209,bench_209_front,-7.382061831433259,-0.889853454270409,0.0764314979585398,-0.7207888013274859,0.724829821405894
220.0,210,bench_210_front,-7.376952018109527,0.7601389042311498,-0.0844895175376478,-0.7185605748997685,0.7235107313468339
220.0,211,bench_211_front,-7.007112082779339,2.368156566533269,-0.24105635825570199,-0.6807600257422551,0.7221789116999313
220.0,212,bench_212_front,-6.2899735440994755,3.8541624356422846,-0.3854547019998484,-0.6091195190608649,0.7208341805122253
220.0,213,bench_213_front,-5.260462718804844,5.143579950782253,-0.510405303873944,-0.5070826311774048,0.7194764548367466
220.0,214,bench_214_front,-3.969471551318408,6.171120017111878,-0.60953802667318,-0.379656175354485,0.7181054361620094
220.0,215,bench_215_front,-2.4815064565199214,6.88419148078241,-0.6777282164266536,-0.2331806507516124,0.7167208321416355
220.0,216,bench_216_front,-0.8716088375548766,7.245743751690513,-0.7113771319156287,-0.07502713099832667,0.7153226504161222
220.0,217,bench_217_front,0.778362659266118,7.2363796508594165,-0.7086184914707981,0.08676495278198594,0.713910585077438
220.0,218,bench_218_front,2.383822060338809,6.85557886185219,-0.6694412026069386,0.2438907108681482,0.712484527969271
220.0,219,bench_219_front,3.8617732972598056,6.121993485114404,-0.5957177440516496,0.3882063594654669,0.7110441674800645
220.0,220,bench_220_front,5.135171242074822,5.072734796587997,-0.491136266809883,0.5121544037737901,0.7095892938037008
220.0,221,bench_221_front,6.13700269808829,3.7616938720139785,-0.36103526248244755,0.6091692409032212,0.7081197814059261
220.0,222,bench_222_front,6.813944162125274,2.256950345479361,-0.21214717008542977,0.6740378625488374,0.7066353104145459
220.0,223,tail_rear,7.12937014854614,0.6373813585542656,-0.052265186588340416,0.7031960232604182,0.7051356584788353
230.0,0,head_front,-1.6451476933048654,-10.723716038417995,0.8530658738902007,-0.1388011810853796,0.8642841853619376
230.0,1,bench_1_front,-4.383607302618652,-9.89880968015722,0.7865474351554501,-0.35690481127440854,0.8637348621309888
230.0,2,bench_2_front,-5.830601130279503,-9.10589914151704,0.7228567546757386,-0.47218775605539565,0.8634136695402562
230.0,3,bench_3_front,-7.140097678709741,-8.102047629224257,0.6422951784136396,-0.5765262306357242,0.8630907199271959
230.0,4,bench_4_front,-8.281378008151254,-6.910413114669925,0.5466947845486868,-0.6674510420979657,0.8627665275440369
230.0,5,bench_5_front,-9.227535640330862,-5.558639886550849,0.43824920024469555,-0.7427931981208215,0.862440778656525
230.0,6,bench_6_front,-9.956145618777107,-4.078224556382404,0.3194651265333371,-0.8007378677388752,0.8621131595689521
230.0,7,bench_7_front,-10.44981099664927,-2.503809296525892,0.19310730872491022,-0.8398700390421816,0.8617842625412079
230.0,8,bench_8_front,-10.696608747443474,-0.8723706584592062,0.06213392915032636,-0.8592097904148392,0.8614534747137362
230.0,9,bench_9_front,-10.690399146936665,0.7776199048433262,-0.07037114891231248,-0.8582411915415996,0.8611213860182451
230.0,10,bench_10_front,-10.43101285356683,2.4071049843951586,-0.20127118890350132,-0.836926128791313,0.8607876837735554
230.0,11,bench_11_front,-9.924292949602725,3.977367218278216,-0.3274506016506758,-0.7957099712996893,0.8604523548385128
230.0,12,bench_12_front,-9.181987999897913,5.450962537575361,-0.4458882513610284,-0.7355148861383398,0.860115387859612
230.0,13,bench_13_front,-8.221516132042574,6.7926006592557355,-0.55373112036077,-0.6577217826906352,0.8597767716574697
230.0,14,bench_14_front,-7.0655827518674394,7.970015464793567,-0.6483642023292434,-0.564140895390416,0.859436494869712
230.0,15,bench_15_front,-5.741660076522243,8.954764049133235,-0.7274757491069058,-0.45697153253977796,0.8590948417319285
230.0,16,bench_16_front,-4.281372658383655,9.722919339485466,-0.789114182558067,-0.3387520461612722,0.8587515018285179
230.0,17,bench_17_front,-2.7197527437582547,10.255686692831025,-0.8317386311303363,-0.21230166148481824,0.8584061660914255
230.0,18,bench_18_front,-1.0944176858705574,10.539889307288892,-0.8542599789262482,-0.08065570471341683,0.8580591205143686
230.0,19,bench_19_front,0.5553346932320957,10.56832395170897,-0.856070755899306,0.053008560943774444,0.8577103512487996
230.0,20,bench_20_front,2.189454201635016,10.339971393696798,-0.8370636690019297,0.18544627106171654,0.8573598459303234
230.0,21,bench_21_front,3.7681248481668037,9.860060933489864,-0.797638617770388,0.3134240716455079,0.857007592291634
230.0,22,bench_22_front,5.252709507892362,9.139992244681482,-0.7386967674334791,0.4337999945687545,0.8566535761347892
230.0,23,bench_23_front,6.606745940324554,8.19708311361138,-0.6616229655588521,0.5435999886136849,0.856297784754631
230.0,24,bench_24_front,7.796824352202787,7.054193170425981,-0.5682557225022251,0.6400930161250871,0.8559402055334455
230.0,25,bench_25_front,8.793446539609631,5.739185953016837,-0.46084541953276936,0.7208609756071092,0.8555811164685482
230.0,26,bench_26_front,9.571764064793788,4.284289372956743,-0.34200186835713275,0.7838598925341722,0.8552202108717109
230.0,27,bench_27_front,10.11223408014638,2.72532010514639,-0.21463313496809447,0.8274741217557186,0.854857183862679
230.0,28,bench_28_front,10.401140039844648,1.100807477943669,-0.08187630382506268,0.8505609219460892,0.8544926044559047
230.0,29,bench_29_front,10.430964201920176,-0.5489259059657846,0.0529794787443584,0.8524811968341292,0.8541258783831416
230.0,30,bench_30_front,10.200622362864172,-2.182768789733493,0.18657446540395828,0.8331218143846939,0.8537575702413521
230.0,31,bench_31_front,9.715529400476813,-3.75985444531872,0.31556024551862344,0.7929005310785211,0.8533870872800775
230.0,32,bench_32_front,8.987510020076614,-5.240564909349996,0.4366851298285511,0.7327620239921047,0.8530147046905958
230.0,33,bench_33_front,8.034544838755194,-6.58754778870346,0.5468765834621176,0.6541575939538785,0.8526406952912381
230.0,34,bench_34_front,6.880357366864958,-7.766673616664576,0.6433193184104576,0.5590125041551104,0.8522644690715806
230.0,35,bench_35_front,5.553845183039967,-8.747924286767557,0.72353027933259,0.4496823341384447,0.8518862991898012
230.0,36,bench_36_front,4.088386182495969,-9.506172265661228,0.7854238275040087,0.3288961180485171,0.851506456392687
230.0,37,bench_37_front,2.5210409648537593,-10.02184626107951,0.8273673709991971,0.19969072710494068,0.851124640159021
230.0,38,bench_38_front,0.8915996263733407,-10.281485135574327,0.848228350429016,0.06533476702991674,0.8507408337762935
230.0,39,bench_39_front,-0.7584010925393886,-10.278110172990894,0.8474064979966641,-0.07075229743532244,0.8503550202352819
230.0,40,bench_40_front,-2.386709296853855,-10.011452160696694,0.8248541829634986,-0.2050848499202984,0.8499671869073606
230.0,41,bench_41_front,-3.951476594751894,-9.488004120914992,0.781082409285465,-0.334203361363454,0.8495773165767894
230.0,42,bench_42_front,-5.412310740699645,-8.72090107330493,0.7171520892354931,-0.4547617312239581,0.849185110138328
230.0,43,bench_43_front,-6.7313459445594175,-7.729620770918735,0.634652735027627,-0.5636153556372212,0.8487911187024276
230.0,44,bench_44_front,-7.874224746059005,-6.539531483697749,0.5356633851327663,-0.6579045567528696,0.8483947595123889
230.0,45,bench_45_front,-8.811029891519922,-5.181261407598204,0.42270552696604013,-0.7351314429509255,0.847996580737651
230.0,46,bench_46_front,-9.517078865082812,-3.6899534600240824,0.2986791405836889,-0.7932277292732935,0.8475962833258983
230.0,47,bench_47_front,-9.973614993829626,-2.104371495855838,0.16679155162384837,-0.8306130266979774,0.8471938513784587
230.0,48,bench_48_front,-10.168339927997648,-0.4659040416548532,0.030475009725184955,-0.846240708748919,0.8467892673868882
230.0,49,bench_49_front,-10.095777785325394,1.1824979868354695,-0.10670106059135076,-0.8396298253376463,0.8463825139544445
230.0,50,bench_50_front,-9.757467437133895,2.7974427126937247,-0.24112308201935817,-0.810882819009529,0.8459735733741065
230.0,51,bench_51_front,-9.161971328697012,4.336238298493369,-0.3692283438349695,-0.7606880107978302,0.8455624280103003
230.0,52,bench_52_front,-8.32470088942864,5.7580257429656685,-0.48759970990034596,-0.6903067857606686,0.8451490611496455
230.0,53,bench_53_front,-7.267554674339954,7.024882813967486,-0.5930587788418824,-0.601544978291798,0.8447337308699734
230.0,54,bench_54_front,-6.018373455240762,8.102859591594752,-0.6827516667455249,-0.4967090777135253,0.8443161412212923
230.0,55,bench_55_front,-4.610241691790583,8.962903833320471,-0.7542285409414506,-0.3785495528249173,0.8438959982809577
230.0,56,bench_56_front,-3.0806603620476043,9.581666177793531,-0.8055135874573054,-0.25019187097834283,0.8434738359202268
230.0,57,bench_57_front,-1.47052530859477,9.942191377899157,-0.835161527482353,-0.11505409718896145,0.843049359329941
230.0,58,bench_58_front,0.17689356656758898,10.034397943947663,-0.8423019447392797,0.02324204798119762,0.8426225483013926
230.0,59,bench_59_front,1.817153502038764,9.855415019701866,-0.8266677307348036,0.16096633321831222,0.842193384839835
230.0,60,bench_60_front,3.4058152306846075,9.409701982391693,-0.7886077224447716,0.2943814064899976,0.8417615769245821
230.0,61,bench_61_front,4.899638108541548,8.708985634355736,-0.7290839525365426,0.41984378884445217,0.8413276513211558
230.0,62,bench_62_front,6.257779639934192,7.7719941769368805,-0.6496486666829844,0.533904818921425,0.8408910427579182
230.0,63,bench_63_front,7.442935179272458,6.623988918118723,-0.5524099458738568,0.6334060929861547,0.8404522752258706
230.0,64,bench_64_front,8.422371069534664,5.29612990370601,-0.43997617319219257,0.7155690650519648,0.8400107855475365
230.0,65,bench_65_front,9.168870745125325,3.824649951795357,-0.3153916139667543,0.7780752126969508,0.8395670948613692
230.0,66,bench_66_front,9.66151460789866,2.2499076267165052,-0.182054159661673,0.8191338033749631,0.8391209119558698
230.0,67,bench_67_front,9.88631231352134,0.6152956228421129,-0.04362515495840209,0.8375368227604474,0.8386722146493287
230.0,68,bench_68_front,9.836641273687299,-1.0339528599550651,0.09606887111733928,0.8326975371893732,0.8382209830581716
230.0,69,bench_69_front,9.513479393477965,-2.6519970672002717,0.23314228592165803,0.8046726678510993,0.8377669293254429
230.0,70,bench_70_front,8.925438458488971,-4.193654090891393,0.3637587235300377,0.7541674694506258,0.8373105642005021
230.0,71,bench_71_front,8.088581102397628,-5.615678900382225,0.4842371380563013,0.6825210591613697,0.8368516009853333
230.0,72,bench_72_front,7.026018736009892,-6.877998308181986,0.5911590787533527,0.5916749129537987,0.8363900160878285
230.0,73,bench_73_front,5.767316447853384,-7.944851495789093,0.681465617628994,0.4841245050982165,0.8359257888395712
230.0,74,bench_74_front,4.347715432050047,-8.785828249455095,0.7525486288020015,0.3628527620331962,0.8354588952347637
230.0,75,bench_75_front,2.8071736405698013,-9.376779125711828,0.8023280496355871,0.23125062284821749,0.834989311188912
230.0,76,bench_76_front,1.1892539948364376,-9.700550894447186,0.8293159503853568,0.09302528003147459,0.8345170149784256
230.0,77,bench_77_front,-0.4600813548680126,-9.747519573560657,0.8326651801915042,-0.04790333302677818,0.8340419843259838
230.0,78,bench_78_front,-2.093750864790014,-9.515924495417998,0.8121995035883163,-0.18751328733450653,0.8335641946221662
230.0,79,bench_79_front,-3.6649100913752135,-9.011983380350735,0.7684250930787615,-0.32179439130545084,0.8330838817002456
230.0,80,bench_80_front,-5.128306743696675,-8.249768353685623,0.7025217972807143,-0.4468636813707795,0.8326007598980262
230.0,81,bench_81_front,-6.4415782765260134,-7.250867160636714,0.616316188130714,-0.5590786836532043,0.8321145463620819
230.0,82,bench_82_front,-7.566518720480309,-6.043806413306398,0.5122351526232855,-0.655145847349348,0.831625476330599
230.0,83,bench_83_front,-8.470206831694561,-4.663281260227045,0.3932406609904194,-0.732219329505495,0.8311337822262181
230.0,84,bench_84_front,-9.126001361135067,-3.149204459266686,0.26274844589205604,-0.7879877553129692,0.8306391805964022
230.0,85,bench_85_front,-9.514379438432782,-1.5455632258754373,0.12453244082563708,-0.8207477207238545,0.8301416444748408
230.0,86,bench_86_front,-9.623554886773936,0.10081974405213989,-0.017381410590085845,-0.8294590544929739,0.8296411492413327
230.0,87,bench_87_front,-9.449888651827662,1.7416565881236385,-0.15883261585021907,-0.8137822013786324,0.8291376671810758
230.0,88,bench_88_front,-8.998059215041138,3.3285857389826585,-0.29564588597228075,-0.7740950407531174,0.8286311736900231
230.0,89,bench_89_front,-8.280987226823248,4.814622660526936,-0.4237564820414505,-0.7114885068059161,0.8281216404545038
230.0,90,bench_90_front,-7.319516258639549,6.155551046590182,-0.5393309089939373,-0.6277411027287272,0.8276090390101507
230.0,91,bench_91_front,-6.141864392443548,7.311252563938103,-0.6388827658834255,-0.5252734632049006,0.8270933440006188
230.0,92,bench_92_front,-4.782836447212272,8.246949333259613,-0.7193814766329524,-0.40708147400562966,0.8265742770018936
230.0,93,bench_93_front,-3.282815173358778,8.934293794997304,-0.7783481408694387,-0.2766524755685698,0.8260523110754728
230.0,94,bench_94_front,-1.686625007809233,9.352248882209633,-0.8139338671496688,-0.13786501404272294,0.8255271662339253
230.0,95,bench_95_front,-0.042204085622988635,9.48779550926555,-0.8249829065274797,0.00512343508739912,0.8249988155443759
230.0,96,bench_96_front,1.6008306321332444,9.33638939989843,-0.8110747074275018,0.14800147434425687,0.8244674750629531
230.0,97,bench_97_front,3.192666436297033,8.90216187956183,-0.7725428541034917,0.28643062310201944,0.823932620592837
230.0,98,bench_98_front,4.6848057268889995,8.197864206302913,-0.7104736910057232,0.41617974997283114,0.8233944679791966
230.0,99,bench_99_front,6.031547855366866,7.244555810017261,-0.6266804456847652,0.5332529052514323,0.8228529892773976
230.0,100,bench_100_front,7.191424543109318,6.071025259867092,-0.5236548546496517,0.6340163217778999,0.8223083990078938
230.0,101,bench_101_front,8.12851777004061,4.712951035105121,-0.40449644455380007,0.7153128062021727,0.8217601744873577
230.0,102,bench_102_front,8.813583776756982,3.2118876847647395,-0.2728247372215942,0.7745644670477396,0.8212085306747494
230.0,103,bench_103_front,9.225032903319129,1.6140077140625682,-0.1326710389886301,0.809858293707498,0.8206534350583946
230.0,104,bench_104_front,9.349654855383356,-0.031277254371593906,0.011641810080675797,0.8200124618222817,0.8200950977086704
230.0,105,bench_105_front,9.183103089818795,-1.672845545337334,0.15563153557709763,0.8046201352828062,0.8195332433578315
230.0,106,bench_106_front,8.730099152314224,-3.2594374546097797,0.29479524985314176,0.7640707301190905,0.8189678381723524
230.0,107,bench_107_front,8.004359692662172,-4.741261108193479,0.42474979919068295,0.6995454900196731,0.8183986097980557
230.0,108,bench_108_front,7.028247373683382,-6.071559633204486,0.54137212518612,0.6129890642690764,0.8178260027915558
230.0,109,bench_109_front,5.832129650171247,-7.2081292055820905,0.6409307652348243,0.5070551227725318,0.8172497435633521
230.0,110,bench_110_front,4.4534876553235945,-8.114682647601574,0.7202093179850453,0.38502999253688214,0.8166697967143364
230.0,111,bench_111_front,2.9357848978625083,-8.76205201796395,0.7766133730847692,0.2507353972839263,0.8160861294650408
230.0,112,bench_112_front,1.327146907462366,-9.129174707318061,0.8082607336254266,0.10840996179803068,0.8154987022293556
230.0,113,bench_113_front,-0.3211593665326293,-9.203845211433503,0.8140479167245352,-0.03741915305553263,0.8149074817051009
230.0,114,bench_114_front,-1.9563336671374731,-8.983174690167058,0.7936946650267507,-0.18208106246149688,0.8143124305811827
230.0,115,bench_115_front,-3.5257294098804226,-8.473762918470907,0.7477615616686626,-0.3209091866425418,0.8137137452327661
230.0,116,bench_116_front,-4.978542656803873,-7.691573010340942,0.677639848167449,-0.4493924858839654,0.813110921211475
230.0,117,bench_117_front,-6.2675043638602785,-6.661480710263081,0.585516597284488,-0.5633234563867907,0.8125041551962463
230.0,118,bench_118_front,-7.3504104824288286,-5.416563008634675,0.47431050462347885,-0.6589391648975924,0.8118936370191083
230.0,119,bench_119_front,-8.191571847506241,-3.9970728491228757,0.34758498582734493,-0.7330473727878146,0.8112790969350269
230.0,120,bench_120_front,-8.763028466280634,-2.4491881933832733,0.2094378940932064,-0.7831386890910135,0.8106604948024716
230.0,121,bench_121_front,-9.04553448706753,-0.8235572159005372,0.06437292067146412,-0.8074756854987948,0.8100375643064481
230.0,122,bench_122_front,-9.029275392630128,0.8263621710153862,-0.08284555479831349,-0.8051598158539107,0.8094107208430982
230.0,123,bench_123_front,-8.714268399199375,2.4460094013473843,-0.2273475187176734,-0.776168366587885,0.8087794678147983
230.0,124,bench_124_front,-8.110448316736392,3.9815585367699216,-0.36431784637908926,-0.7213664678626464,0.8081442161810775
230.0,125,bench_125_front,-7.23743261673577,5.38168125135691,-0.4891571957084408,-0.6424866353748613,0.8075046989019047
230.0,126,bench_126_front,-6.123943069149005,6.599317218769948,-0.5976396201965963,-0.5420805770740458,0.8068608725608538
230.0,127,bench_127_front,-4.806925826292221,7.59327807058792,-0.6860579450343895,-0.4234423264640748,0.8062126938879823
230.0,128,bench_128_front,-3.330378578326176,8.32968943647282,-0.7513547284587763,-0.2905050369554829,0.8055601184727729
230.0,129,bench_129_front,-1.7439292003229325,8.783199698485403,-0.7912327538629194,-0.14771503928336122,0.8049031020042003
230.0,130,bench_130_front,-0.10120012495449122,8.937918176574474,-0.804241590913754,0.00011386870360796664,0.8042415989748154
230.0,131,bench_131_front,1.5419781919332152,8.788040812295046,-0.789836338433236,0.14796028337857256,0.8035755639434843
230.0,132,bench_132_front,3.129456370903833,8.338140965939807,-0.7484063895757518,0.29076491598546567,0.8029049509909917
230.0,133,bench_133_front,4.606691230905797,7.603105952958021,-0.6812723280272764,0.42360421037787244,0.8022297127291944
230.0,134,bench_134_front,5.922634250631382,6.607719616515524,-0.5906508323392357,0.5418613097983851,0.8015498018211054
230.0,135,bench_135_front,7.031528856332028,5.385896985287128,-0.47958773833447293,0.6413898684910203,0.8008653832971576
230.0,136,bench_136_front,7.8945463075178,3.979591829113034,-0.3518620282841145,0.7186619887905037,0.8001761937726797
230.0,137,bench_137_front,8.481200958888635,2.437410466044867,-0.2118619136665807,0.7708996639987739,0.7994821839265014
230.0,138,bench_138_front,8.770493209693653,0.8129652059250069,-0.064438163192665,0.796179935322508,0.7987833037099595
230.0,139,bench_139_front,8.75172780789693,-0.8369272918126401,0.08526182144015979,0.7935120088904343,0.7980794988274204
230.0,140,bench_140_front,8.424994015438546,-2.454258268375508,0.23196972527088938,0.7628827661824469,0.7973707220486803
230.0,141,bench_141_front,7.801263703099861,-3.981822814277281,0.3704847054694846,0.7052682659967975,0.7966569173797088
230.0,142,bench_142_front,6.902097141954054,-5.365296071507412,0.49585630732260955,0.6226105315226725,0.7959380324337813
230.0,143,bench_143_front,5.758983546442319,-6.555163818014224,0.6035647549871488,0.5177595154040628,0.7952140147495811
230.0,144,bench_144_front,4.41230644850749,-7.508550599435421,0.6896879937595247,0.3943812684280734,0.7944848101902102
230.0,145,bench_145_front,2.9099718810858857,-8.190821543514033,0.7510496364983992,0.25683536858648975,0.79375056726993
230.0,146,bench_146_front,1.305771667608065,-8.576897208004805,0.7853412249649672,0.11002563491560473,0.7930110213408494
230.0,147,bench_147_front,-0.34250966473668076,-8.652259960277123,0.7912164038179896,-0.040770117040897925,0.7922661169797688
230.0,148,bench_148_front,-1.975155347763761,-8.413583397693905,0.7683512870728088,-0.19008828965498364,0.7915157978274336
230.0,149,bench_149_front,-3.5326830918526078,-7.8689567949859756,0.7174677571737563,-0.3324776651200628,0.7907600017626264
230.0,150,bench_150_front,-4.958000120322728,-7.03770350651085,0.6403195884137454,-0.46269722807140184,0.7899986709933803
230.0,151,bench_151_front,-6.198534772746386,-5.949782046544999,0.5396401451071968,-0.5759125487655563,0.7892317467239618
230.0,152,bench_152_front,-7.208223067695553,-4.644777902421449,0.4190522437052785,-0.6678795341101376,0.7884591651047012
230.0,153,bench_153_front,-7.949262929274472,-3.1705458322641995,0.2829455116890173,-0.7351074641125889,0.7876808658200356
230.0,154,bench_154_front,-8.393610524483666,-1.5815000752907034,0.13632083613519744,-0.7749988240570385,0.7868967833549657
230.0,155,bench_155_front,-8.52411435711029,0.06333332153340931,-0.015387689561436347,-0.7859562377268864,0.7861068557211807
230.0,156,bench_156_front,-8.335272542123258,1.7024876519417766,-0.16651259941858632,-0.7674550496539173,0.785311211561653
230.0,157,bench_157_front,-7.833551838811625,3.274353727970175,-0.3113633715611815,-0.720075097498294,0.7845095889707939
230.0,158,bench_158_front,-7.0372600153662095,4.719490426190142,-0.44444102641032074,-0.645492506105478,0.7837017298660187
230.0,159,bench_159_front,-5.975979948498083,5.982889962242465,-0.5606499630898949,-0.5464294633641646,0.7828879482691948
230.0,160,bench_160_front,-4.6895475717885455,7.016134277862028,-0.6554958272163225,-0.426562481381392,0.7820679829914158
230.0,161,bench_161_front,-3.226647578662,7.779294879293848,-0.7252653383989427,-0.29039436557167947,0.7812417670853954
230.0,162,bench_162_front,-1.6430215407798308,8.242563233465447,-0.7671791546825334,-0.14308985912878053,0.7804092280111126
230.0,163,bench_163_front,0.0005995676718271977,8.387493721243839,-0.7795097569898347,0.009714919992089089,0.7795702924770824
230.0,164,bench_164_front,1.6407933152346625,8.207833367299001,-0.7616614622435984,0.16212424905173206,0.7787248905728161
230.0,165,bench_165_front,3.2138683712718077,7.709893626334521,-0.7142075737486694,0.30821119937054586,0.7778731270698271
230.0,166,bench_166_front,4.658362969487489,6.912433771926326,-0.6388820603149437,0.44224611250216117,0.7770147431133733
230.0,167,bench_167_front,5.917467319712637,5.846053470164852,-0.5385261985443054,0.5589256031867066,0.7761496610939184
230.0,168,bench_168_front,6.94129803343786,4.552122144291937,-0.4169905442680772,0.6535857112454722,0.7752776250822907
230.0,169,bench_169_front,7.6889588937744495,3.0812362063257055,-0.2789950207376112,0.7223956392614579,0.7743989160764305
230.0,170,bench_170_front,8.130232206882534,1.4913415267746861,-0.1299513890055845,0.762519124147801,0.7735132695665992
230.0,171,bench_171_front,8.246912354543982,-0.15452832367485186,0.02424144505728485,0.772240221291604,0.7726206100273088
230.0,172,bench_172_front,8.033651692660124,-1.7906839069284939,0.17743086021696225,0.7510470243194124,0.7717210265998817
230.0,173,bench_173_front,7.4983146385540635,-3.35142495429888,0.3234526488682656,0.6996661611377836,0.7708140846541275
230.0,174,bench_174_front,6.661801552243894,-4.773660280536772,0.45638106976556436,0.6200501055057692,0.7698998728263803
230.0,175,bench_175_front,5.557343975895519,-5.999501539179938,0.5707712377716282,0.5153135890961649,0.7689784788760525
230.0,176,bench_176_front,4.229287475594919,-6.9786728469824,0.6618883372853269,0.3896204279558627,0.7680496396163755
230.0,177,bench_177_front,2.7313995549735663,-7.670649170870362,0.7259101204194855,0.24802671733581047,0.7671132611549679
230.0,178,bench_178_front,1.1247569523477778,-8.046426312087304,0.7600948683405979,0.0962866898135816,0.7661692603550261
230.0,179,bench_179_front,-0.5246741206864474,-8.089834485492732,0.7629103175394214,-0.05937998065899095,0.7652177041281539
230.0,180,bench_180_front,-2.1487216993995886,-7.7983555366627835,0.7341108998663015,-0.212536428475663,0.7642581675924057
230.0,181,bench_181_front,-3.6798295036095197,-7.183373551464332,0.6747662029627454,-0.35679587663556783,0.7632907219696202
230.0,182,bench_182_front,-5.05387119838504,-6.269850886674186,0.5872326843151854,-0.486089079001808,0.7623154322541582
230.0,183,bench_183_front,-6.212870101134741,-5.095442140415551,0.4750712905134491,-0.5949233037826751,0.7613320356150837
230.0,184,bench_184_front,-7.107523113766493,-3.709048525924086,0.342913334807515,-0.6786219686279618,0.7603402734916133
230.0,185,bench_185_front,-7.699391949069538,-2.1688537304936664,0.19627783286383976,-0.7335344565668456,0.7593403628443195
230.0,186,bench_186_front,-7.962638387195616,-0.539989057299647,0.0413483724013193,-0.7572039334566469,0.7583320412210316
230.0,187,bench_187_front,-7.885286050757955,1.1081947308321565,-0.11528373584318415,-0.7484892830003871,0.757315354734337
230.0,188,bench_188_front,-7.469885563613588,2.7050457580851597,-0.266895624358936,-0.7076308014501919,0.7562900405684232
230.0,189,bench_189_front,-6.733568145276972,4.181644525735934,-0.4069227558788029,-0.636258791389638,0.755255836702109
230.0,190,bench_190_front,-5.707479313559744,5.4737918028238575,-0.5292459462522101,-0.5373414948333847,0.75421293657307
230.0,191,bench_191_front,-4.435577447275235,6.524874917003704,-0.6284624637438176,-0.4150741444421936,0.7531610808581178
230.0,192,bench_192_front,-2.9728748199326023,7.288413893158212,-0.7001351273142993,-0.27470972873918525,0.7521001472964667
230.0,193,bench_193_front,-1.3831297796681477,7.730234985911356,-0.7409979012108814,-0.12234460762969208,0.7510300211143323
230.0,194,bench_194_front,0.2638406810642376,7.830107675691227,-0.7491174456026471,0.03534027106759017,0.7499505864157757
230.0,195,bench_195_front,1.8952011116491976,7.582811172053471,-0.7239970444567181,0.19136915823803582,0.7488617196163772
230.0,196,bench_196_front,3.438294348540673,6.998539524771721,-0.6666183481477184,0.3387774231442939,0.7477634415505218
230.0,197,bench_197_front,4.823884732046297,6.102636186771265,-0.5794175023378793,0.4709243772251098,0.7466554835265886
230.0,198,bench_198_front,5.989330085421966,4.934629039812742,-0.4661955119571732,0.5817974152551523,0.7455377171991949
230.0,199,bench_199_front,6.881478208198301,3.5466181212788426,-0.33196516596111897,0.6662922758734899,0.7444100135679719
230.0,200,bench_200_front,7.459195185684789,2.0010624699112833,-0.18273936995478687,0.7204582885917391,0.7432723746595256
230.0,201,bench_201_front,7.69538667160673,0.3680586999236196,-0.025271573155673476,0.7416941209018402,0.7421245322653848
230.0,202,bench_202_front,7.578409598261071,-1.2777899803309802,0.13324630004815566,0.7288871981796952,0.7409663448138312
230.0,203,bench_203_front,7.112795144111382,-2.8607303499525045,0.2855071037399693,0.6824853825710683,0.7397976775505334
230.0,204,bench_204_front,6.319238524444577,-4.30737135954108,0.42442783378691706,0.6044982513572952,0.7386183872522282
230.0,205,bench_205_front,5.233834729195814,-5.550115751892695,0.5434817629752194,0.49842583028530163,0.7374284609250208
230.0,206,bench_206_front,3.9065924679948854,-6.530385244766064,0.6370125920153368,0.3691149927011229,0.7362274921672295
230.0,207,bench_207_front,2.399247237870533,-7.201499308657157,0.7005132340189097,0.2225513960591404,0.7350155882180351
230.0,208,bench_208_front,0.7824891128058039,-7.5310205583490335,0.7308550672304999,0.06559158085852147,0.7337924671022581
230.0,209,bench_209_front,-0.8672588662120226,-7.502466244781601,0.7264567317404206,-0.09434939150815265,0.732557977752568
230.0,210,bench_210_front,-2.4714288758254193,-7.116301845643652,0.6873821377361461,-0.2496457114510807,0.7313119611524417
230.0,211,bench_211_front,-3.95303797075092,-6.390131082252128,0.6153612537318994,-0.3928230179887759,0.730054378835101
230.0,212,bench_212_front,-5.240415055427303,-5.358068985683098,0.5137299828734289,-0.516922621718701,0.7287849423167775
230.0,213,bench_213_front,-6.270740212498964,-4.069304192338366,0.38729258520614496,-0.6158455797788295,0.7275034877502524
230.0,214,bench_214_front,-6.993221806418322,-2.5858907308496386,0.24210765992811623,-0.6846638701689406,0.726209841650869
230.0,215,bench_215_front,-7.371727183289946,-0.9798873181829648,0.08521067998545692,-0.719878372023581,0.724903945699639
230.0,216,bench_216_front,-7.38675432733273,0.6700432112128243,-0.0757193022138191,-0.719612685232083,0.7235853988816224
230.0,217,bench_217_front,-7.03661833416422,2.282466416472751,-0.2327302811424512,-0.6837308045692225,0.7222542467009251
230.0,218,bench_218_front,-6.337767168727973,3.7771561505176225,-0.37799076916395474,-0.6138684524933555,0.7209101875682887
230.0,219,bench_219_front,-5.324193546035238,5.079144726316582,-0.5041810026710142,-0.5133791004840755,0.7195530447911312
230.0,220,bench_220_front,-4.045971825224012,6.122532444226419,-0.6048725485764115,-0.38718920576420124,0.7181826237675458
230.0,221,bench_221_front,-2.566945892993638,6.853949349385437,-0.6748650130810001,-0.24157355625300347,0.7167988343751275
230.0,222,bench_222_front,-0.9616528466488248,7.235440149637122,-0.7104698863504597,-0.08385500302980539,0.7154013705214464
230.0,223,tail_rear,0.6883093997522116,7.246594701998005,-0.7097218672600588,0.07795281359703501,0.7139900349548295
240.0,0,head_front,7.577572116409567,-7.876271023657829,0.6295846764481319,0.5949017988962371,0.8661899417265695
240.0,1,bench_1_front,5.2611544933210475,-9.553709748367922,0.7620132391110985,0.41072686880425546,0.8656562466350811
240.0,2,bench_2_front,3.754291146301953,-10.225912255832014,0.8149871332899167,0.2908889729118719,0.8653441061160816
240.0,3,bench_3_front,2.163180756500214,-10.662809095528488,0.84928096010973,0.16431600340078423,0.8650305764413829
240.0,4,bench_4_front,0.5243053860328764,-10.854069203991067,0.864050797631226,0.03390024601663524,0.8647155645454442
240.0,5,bench_5_front,-1.1246319450272344,-10.794988782362303,0.8588984923680227,-0.09736075720487714,0.8643990613342714
240.0,6,bench_6_front,-2.7455660085702926,-10.486625302365072,0.8338846032444313,-0.22643440496279324,0.8640810559658028
240.0,7,bench_7_front,-4.30091527215517,-9.935815713317805,0.7895300890546579,-0.35032229105108226,0.8637612338661277
240.0,8,bench_8_front,-5.75450202124202,-9.155046386545846,0.7268091505359198,-0.46613026554443193,0.8634401923464462
240.0,9,bench_9_front,-7.0723657328331475,-8.162210075323582,0.6471281039705011,-0.571136792699456,0.863117615926982
240.0,10,bench_10_front,-8.223602736810141,-6.980204184963973,0.5522976014645585,-0.6628574305624383,0.8627934943167699
240.0,11,bench_11_front,-9.18108871619572,-5.636431742128604,0.4444929600428725,-0.7391053672899282,0.8624678170717179
240.0,12,bench_12_front,-9.92213328387599,-4.162196890180291,0.32620517611220956,-0.7980454549202249,0.8621405715086295
240.0,13,bench_13_front,-10.42904891890665,-2.591989369330149,0.20018629394340182,-0.8382391873175464,0.8618117470988514
240.0,14,bench_14_front,-10.689600405502096,-0.9626898251221303,0.06938587510685586,-0.8586825302085737,0.8614813331406214
240.0,15,bench_15_front,-10.697327847619844,0.6872874704455023,-0.06311807099206872,-0.8588330773058976,0.8611493166463513
240.0,16,bench_16_front,-10.451733516025827,2.3189030829646833,-0.19418926732298067,-0.8386263620359848,0.8608156868024344
240.0,17,bench_17_front,-9.958326932369742,3.893407927333306,-0.32070833642846325,-0.7984815196293287,0.8604804322262503
240.0,18,bench_18_front,-9.228542356597734,5.373245023301816,-0.43964703875686756,-0.7392952005520129,0.8601435416527428
240.0,19,bench_19_front,-8.279492707866385,6.722991229453509,-0.548142001503164,-0.6624235711663108,0.8598050019909299
240.0,20,bench_20_front,-7.1336038217589435,7.910193475024548,-0.6435634656897448,-0.5696541150663359,0.8594648015960895
240.0,21,bench_21_front,-5.818109332800589,8.906173229025251,-0.7235813871694485,-0.46316594384155535,0.8591232248011353
240.0,22,bench_22_front,-4.364418018328771,9.686744832534318,-0.7862224492314628,-0.34548049866258,0.8587796659397945
240.0,23,bench_23_front,-2.8073959987163684,10.23281726852987,-0.8299226962810884,-0.21940363142190514,0.8584344094242675
240.0,24,bench_24_front,-1.184542024751517,10.530894210841943,-0.8535672575175612,-0.08796020344142912,0.858087443385293
240.0,25,bench_25_front,0.46490575217040864,10.573437787490882,-0.8565215929761996,0.045678553799994456,0.8577387536492364
240.0,26,bench_26_front,2.1009207462940473,10.3590881089431,-0.838650598037766,0.17826923436645123,0.8573883283032859
240.0,27,bench_27_front,3.683648653981674,9.892732454523184,-0.8003263757824424,0.30657570612345586,0.8570361552222606
240.0,28,bench_28_front,5.174363074433406,9.18543620039314,-0.7424233243034565,0.4274488717076732,0.8566825143505371
240.0,29,bench_29_front,6.53645760773372,8.254201420432343,-0.6663000761498077,0.53790362246183,0.8563270978631929
240.0,30,bench_30_front,7.736331484494355,7.121596856348539,-0.5737707534390164,0.6351937327668242,0.8559695997219926
240.0,31,bench_31_front,8.744252057966948,5.815227295547459,-0.46706489619285085,0.7168820465638965,0.8556105924667362
240.0,32,bench_32_front,9.535097699018031,4.367100811468919,-0.3487741325681784,0.7809025371199242,0.8552497693826172
240.0,33,bench_33_front,10.089020090034353,2.8128590580293724,-0.22179242363371107,0.8256149856865379,0.8548871175608495
240.0,34,bench_34_front,10.391972324787181,1.1909059363869259,-0.08924569661422091,0.849849176062391,0.8545223323109129
240.0,35,bench_35_front,10.436089227587118,-0.4585082593760965,0.04558336913453016,0.852938509306297,0.8541556908428949
240.0,36,bench_36_front,10.219930700947305,-2.0942891057595263,0.1793364201591287,0.8347403721963061,0.853787468032835
240.0,37,bench_37_front,9.748559824981708,-3.675520936846568,0.3086621553878529,0.795643369267095,0.8534170710897281
240.0,38,bench_38_front,9.033454321857874,-5.162501081287615,0.4303013918280631,0.7365637112572202,0.8530447752317447
240.0,39,bench_39_front,8.092259933552315,-6.517736044530034,0.5411696435572377,0.6589256414563591,0.85267085330539
240.0,40,bench_40_front,6.9484021909618585,-7.706886581415495,0.6384354692984682,0.5646294654049195,0.8522947152609832
240.0,41,bench_41_front,5.6305115585266075,-8.69968805980001,0.7195958113634824,0.456008574525432,0.8519166342856471
240.0,42,bench_42_front,4.17174033827601,-9.470726068261786,0.7825412256493322,0.3357734427323229,0.8515365962100957
240.0,43,bench_43_front,2.608972958531453,-10.000108365999155,0.8256136002447384,0.20694518606466694,0.851154584634553
240.0,44,bench_44_front,0.9818644005768057,-10.274029626776036,0.8476516356901567,0.07278250571873972,0.8507705851913878
240.0,45,bench_45_front,-0.6680980140422694,-10.285145734352,0.8480256076275566,-0.06330078906457474,0.8503848664506468
240.0,46,bench_46_front,-2.2986910703125605,-10.032817717300999,0.8266569904566184,-0.1978214753365644,0.8499971270393382
240.0,47,bench_47_front,-3.8680073670021944,-9.523169896804708,0.7840262813276091,-0.3273155096529751,0.8496073520584588
240.0,48,bench_48_front,-5.3355518560409685,-8.768977443672814,0.7211649903342796,-0.44842843878880395,0.8492155250573353
240.0,49,bench_49_front,-6.663289919303038,-7.789382433197038,0.6396337871618498,-0.558002488677619,0.8488216297016865
240.0,50,bench_50_front,-7.816650494676708,-6.609441529455731,0.5414866080076632,-0.6531602681186437,0.8484256493650243
240.0,51,bench_51_front,-8.765446328438374,-5.259517349633062,0.4292216581818959,-0.7313819271658643,0.8480275674984098
240.0,52,bench_52_front,-9.484689615670147,-3.774528346175519,0.3057204780407174,-0.7905739339615291,0.8476273684543538
240.0,53,bench_53_front,-9.955284934615488,-2.1930646270930216,0.17417562969567613,-0.8291279225738981,0.8472250362044275
240.0,54,bench_54_front,-10.16457005616399,-0.5563940874627752,0.03800897894764934,-0.8459671184063389,0.8468205523635851
240.0,55,bench_55_front,-10.106686968802325,1.0925948018153824,-0.09921561448536842,-0.8405788177886462,0.8464138982038677
240.0,56,bench_56_front,-9.782789123551485,2.710488587161907,-0.2338831497076112,-0.8130333535106249,0.8460050600545398
240.0,57,bench_57_front,-9.201058735226942,4.254533523517279,-0.3624266192344689,-0.7639873415048453,0.845594295338709
240.0,58,bench_58_front,-8.376535853998927,5.683749545291122,-0.48141814155057705,-0.6946708208182679,0.8451810316792122
240.0,59,bench_59_front,-7.33077431691566,6.96002395478218,-0.5876637211292735,-0.6068608986337768,0.8447655292577341
240.0,60,bench_60_front,-6.091303375691556,8.049163344346688,-0.6782899509543985,-0.502837842868866,0.8443477682724901
240.0,61,bench_61_front,-4.690957963149461,8.921812775396711,-0.750822836448088,-0.3853304441696479,0.8439280081475733
240.0,62,bench_62_front,-3.1669960060604057,9.554307214049828,-0.8032585139091235,-0.2574443395934739,0.8435056776075746
240.0,63,bench_63_front,-1.5601811757738713,9.929315452878818,-0.8341217643358005,-0.12258456764142385,0.8430813092237923
240.0,64,bench_64_front,0.08634591790652309,10.0363755041974,-0.8425095352351815,0.015635613303216455,0.8426546085826441
240.0,65,bench_65_front,1.728156557844141,9.872212632035394,-0.8281211812428791,0.15349004905231145,0.8422255552885952
240.0,66,bench_66_front,3.320779223168528,9.440887161713777,-0.7912719370640033,0.28723871758798997,0.8417941311666488
240.0,67,bench_67_front,4.820885184261766,8.753731044399819,-0.7328897576033595,0.41323035787213247,0.841360045085956
240.0,68,bench_68_front,6.187469672969463,7.829098000025408,-0.6544962404204131,0.5280029245566584,0.8409235500714911
240.0,69,bench_69_front,7.383005579525116,6.691905461133693,-0.5581698546838146,0.6283798810327832,0.8404848966903127
240.0,70,bench_70_front,8.374482031041085,5.373009732335932,-0.4464935899184489,0.7115595887023776,0.8400437929730573
240.0,71,bench_71_front,9.134354544959569,3.9083964049125592,-0.32248900721113066,0.7751960490572564,0.8395999489316331
240.0,72,bench_72_front,9.641345751970656,2.338217019778215,-0.18953718145927845,0.8174683144657443,0.8391536142512839
240.0,73,bench_73_front,9.881071098272622,0.7057278744968406,-0.0512880195110208,0.8371353993396381,0.8387050362152944
240.0,74,bench_74_front,9.846495166182988,-0.9439072400884456,0.08843872224940323,0.8335755720970889,0.8382539245300891
240.0,75,bench_75_front,9.538175579874775,-2.56484750791716,0.22575746986390027,0.8068102871920901,0.837800259440359
240.0,76,bench_76_front,8.964307938442607,-4.111839794588946,0.3568262610825341,0.7575090915575857,0.8373440179463514
240.0,77,bench_77_front,8.140554551746556,-5.541499951669793,0.477953834454197,0.6869766595116241,0.8368851764628287
240.0,78,bench_78_front,7.089655117430623,-6.8135487286638865,0.5857037472937004,0.5971228944094734,0.8364237147653275
240.0,79,bench_79_front,5.840846924302795,-7.8919559519968585,0.6769949572545502,0.4904144168625928,0.8359596117126515
240.0,80,bench_80_front,4.429076962865319,-8.74600155262904,0.7491924628218649,0.3698093356131288,0.8354928432103504
240.0,81,bench_81_front,2.8940618402539564,-9.35117502604703,0.8001851121695642,0.23867937690779245,0.835023388114914
240.0,82,bench_82_front,1.2792053466405255,-9.68991761019645,0.82845154765771,0.1007163103159658,0.8345512219031956
240.0,83,bench_83_front,-0.36961667368620726,-9.752182029447082,0.8331084678636433,-0.04016949469262454,0.8340763199671647
240.0,84,bench_84_front,-2.0053589599344557,-9.535775101288076,0.8139421858657506,-0.17995789804162537,0.8335986606272087
240.0,85,bench_85_front,-3.581137910344934,-9.04647564821708,0.7714211956343866,-0.3146351939431725,0.8331182187070718
240.0,86,bench_86_front,-5.051570614610996,-8.29793366079972,0.7066893373231159,-0.44030804667061246,0.8326349713104026
240.0,87,bench_87_front,-6.374111342662125,-7.311331619999773,0.6215392472922197,-0.5533183319316535,0.8321491527221586
240.0,88,bench_88_front,-7.510286250863366,-6.114839505718086,0.518365612695133,-0.6503505298051506,0.8316602191055196
240.0,89,bench_89_front,-8.426858327304641,-4.742838334135165,0.4001030639252849,-0.7285317120754636,0.8311684048747322
240.0,90,bench_90_front,-9.096823430121402,-3.2349734422813006,0.27014500842648587,-0.785519491582639,0.830673941588391
240.0,91,bench_91_front,-9.50024497183444,-1.635049635710576,0.13224879829105657,-0.819575105323012,0.8301765462325799
240.0,92,bench_92_front,-9.624901431800984,0.010239182952245142,-0.0095706906569053,-0.8296207349707322,0.829675937949889
240.0,93,bench_93_front,-9.466699987931204,1.652638455267274,-0.15115710139748925,-0.815278315694125,0.8291726004541757
240.0,94,bench_94_front,-9.029862014004747,3.2437637624880327,-0.2883332093366346,-0.7768859096574041,0.8286662514128205
240.0,95,bench_95_front,-8.326865318905716,4.736508614614563,-0.4170241559970762,-0.7154960850612205,0.8281568658309892
240.0,96,bench_96_front,-7.37813452004558,6.086470130128679,-0.5333808713176342,-0.6328504598230211,0.8276441616937606
240.0,97,bench_97_front,-6.211495783914673,7.253281598442152,-0.6338953849888915,-0.5313364214244901,0.8271286186817612
240.0,98,bench_98_front,-4.861406598613795,8.20184635655852,-0.7155100597467339,-0.4139195200613683,0.8266099531741729
240.0,99,bench_99_front,-3.367988054314611,8.903426150865057,-0.775712449436849,-0.2840630381373443,0.8260881392727621
240.0,100,bench_100_front,-1.7758571067904978,9.336565500957976,-0.812617445867326,-0.14562761409103772,0.825563150409334
240.0,101,bench_101_front,-0.1327982635979464,9.487795801943392,-0.8250303470412206,-0.0027569522026934744,0.8250349533955544
240.0,102,bench_102_front,1.511615541907148,9.35209616669694,-0.8124890297912643,0.14024133925417298,0.8245035213793535
240.0,103,bench_103_front,3.1075404246973384,8.933121237902785,-0.7752859562825722,0.27902743439070143,0.8239688241381707
240.0,104,bench_104_front,4.606358164802528,8.243161105837771,-0.7144669286468469,0.4093596781835391,0.823430833921459
240.0,105,bench_105_front,5.962187257266296,7.302831017231484,-0.6318062379288314,0.5272267434019786,0.8228895194642103
240.0,106,bench_106_front,7.13329845251602,6.140508683971776,-0.5297596751155232,0.6289719690640797,0.8223448493465806
240.0,107,bench_107_front,8.083430870202495,4.791525136333942,-0.41139579800335413,0.7114094907989114,0.8217967913137547
240.0,108,bench_108_front,8.782948368872088,3.2971440751353147,-0.2803084153175345,0.7719268499780492,0.8212453162209579
240.0,109,bench_109_front,9.209821788149753,1.703319084660593,-0.14050925483340346,0.8085727350811867,0.8206903914452204
240.0,110,bench_110_front,9.35036714536602,0.059314256891097,0.0036917646787934634,0.8201236750010146,0.8201319841486573
240.0,111,bench_111_front,9.19974210031979,-1.583792771056084,0.1478175380562487,0.8061299259551266,0.8195703033159684
240.0,112,bench_112_front,8.762168507712866,-3.174716570913613,0.2873621456898824,0.7669369658794805,0.8190050747143858
240.0,113,bench_113_front,8.050879282931218,-4.663532147155013,0.4179328912531692,0.7036828988578718,0.8184360229952315
240.0,114,bench_114_front,7.087773904246734,-6.003283776529272,0.5353882600238543,0.6182716883452565,0.8178633563014449
240.0,115,bench_115_front,5.902807402060846,-7.15147434313038,0.6359723312933442,0.5133202604268681,0.8172872787064527
240.0,116,bench_116_front,4.53309180920405,-8.07146594044307,0.7164371573224526,0.3920828593811455,0.8167075174214891
240.0,117,bench_117_front,3.021804956189205,-8.733667097776392,0.774152458458181,0.2583532622939494,0.8161240328986593
240.0,118,bench_118_front,1.416846861741697,-9.116553765731249,0.8071941842287002,0.11635209324568899,0.815536792950073
240.0,119,bench_119_front,-0.230647056257896,-9.207419273421115,0.8144150413069247,-0.029406355350487367,0.8149457609202952
240.0,120,bench_120_front,-1.8679168658129335,-9.002855817779473,0.7954888450716575,-0.1742552299045939,0.8143508996633714
240.0,121,bench_121_front,-3.4422610820701576,-8.508943626982342,0.7509300285547226,-0.3135230376579368,0.8137521753749458
240.0,122,bench_122_front,-4.902730160353843,-7.74114180357335,0.6820851580026229,-0.44268727374388606,0.8131495465793838
240.0,123,bench_123_front,-6.201821011515873,-6.723853770752485,0.5910989996470487,-0.557519563606869,0.8125429780560136
240.0,124,bench_124_front,-7.29701282944265,-5.489731345219421,0.48085217642363204,-0.6542291863101356,0.8119326596407893
240.0,125,bench_125_front,-8.152225646623542,-4.078665922095786,0.3548750731983106,-0.7295894235668337,0.8113180908608478
240.0,126,bench_126_front,-8.73904904928862,-2.53654714794482,0.21723998536448938,-0.781050837486559,0.8106994646474233
240.0,127,bench_127_front,-9.037740271044273,-0.9138108810283001,0.07243174787147928,-0.8068320570608174,0.8100767410564925
240.0,128,bench_128_front,-9.037952051474528,0.736186523607629,-0.07479571217965289,-0.80598679156871,0.8094498790806536
240.0,129,bench_129_front,-8.739156942488373,2.358904566478349,-0.21957337263921187,-0.778444484336763,0.8088190657783032
240.0,130,bench_130_front,-8.150751411098101,3.9004219732653724,-0.3570793204344172,-0.7250212303234339,0.8081840294769571
240.0,131,bench_131_front,-7.291831152817455,5.309235571801276,-0.482698579309096,-0.6474029422853393,0.8075447282638492
240.0,132,bench_132_front,-6.190638983771791,6.538005451767313,-0.5921805577681919,-0.5480981701653634,0.8069011198017181
240.0,133,bench_133_front,-4.883696632305405,7.545182192236208,-0.6817860517082721,-0.430362566118686,0.8062531603784354
240.0,134,bench_134_front,-3.414651175042407,8.296454889987084,-0.7484187197657869,-0.298097432265847,0.805600806367118
240.0,135,bench_135_front,-1.8328632457686083,8.765977219635143,-0.7897371049434987,-0.1557246616808007,0.804944013692964
240.0,136,bench_136_front,-0.19178357171667695,8.9373206272502,-0.8042425292293748,-0.00804215180027854,0.8042827376158465
240.0,137,bench_137_front,1.452829830858369,8.804118461013745,-0.7913394831563014,0.13993568871812626,0.8036169327354288
240.0,138,bench_138_front,3.0447958479478516,8.370374482871219,-0.7513660235685498,0.2831476860610831,0.8029467687804467
240.0,139,bench_139_front,4.529439918359766,7.650415453534248,-0.685591854332827,0.416657882673411,0.8022717631335495
240.0,140,bench_140_front,5.855465313053453,6.668503558169017,-0.5961863314558408,0.5358284040877807,0.8015923031329777
240.0,141,bench_141_front,6.976788556874252,5.458073299774049,-0.48615200898043004,0.6364822872058362,0.8009079084154936
240.0,142,bench_142_front,7.854159670729668,4.060670594055597,-0.35923099084846866,0.7150548805071948,0.8002189618617714
240.0,143,bench_143_front,8.456600613496903,2.524579497027195,-0.21978135151514905,0.7687240717868697,0.7995251972379669
240.0,144,bench_144_front,8.762565825329823,0.9031945232894751,-0.07263219682760828,0.7955175059466987,0.7988263505190976
240.0,145,bench_145_front,8.760783744533187,-0.7468013291811952,0.07707986445171625,0.7943920276306748,0.7981227969849438
240.0,146,bench_146_front,8.450747145355281,-2.3674117579584313,0.2240894981497849,0.7652799591704013,0.7974142706829829
240.0,147,bench_147_front,7.84283246718854,-3.9013414111123006,0.3631862854870815,0.7091034907172007,0.7967007207937138
240.0,148,bench_148_front,6.958037093105832,-5.294046175835681,0.4894011654540803,0.6277531328833466,0.7959820956483058
240.0,149,bench_149_front,5.82732376604554,-6.495707790104773,0.5981869078926142,0.5240310874860888,0.7952585475340581
240.0,150,bench_150_front,4.4906211400086935,-7.463039524860859,0.6855846185951401,0.4015611448673947,0.7945298121036469
240.0,151,bench_151_front,2.995472968335524,-8.160912509751174,0.7483730044375,0.2646683686002785,0.7937956280481414
240.0,152,bench_152_front,1.3953899080648435,-8.563699571751108,0.7841935879016984,0.11823195454180566,0.7930563525884615
240.0,153,bench_153_front,-0.25201008791606866,-8.656284707025936,0.7916454342785479,-0.03248647893889058,0.7923117220689833
240.0,154,bench_154_front,-1.8870694146182994,-8.434717030986265,0.7703474868061649,-0.18202922027189045,0.7915616763470594
240.0,155,bench_155_front,-3.450225188753205,-7.906461616525321,0.7209643488064851,-0.32493813011811595,0.7908061587106013
240.0,156,bench_156_front,-4.884196949354523,-7.090240856135576,0.6451944974301124,-0.45595541405033213,0.7900451120764592
240.0,157,bench_157_front,-6.136120710118503,-6.015448634511488,0.5457191964712735,-0.5702201920143594,0.7892784735301891
240.0,158,bench_158_front,-7.1595265580807865,-4.7211736866099665,0.4261152841034265,-0.66345139982885,0.7885061796088884
240.0,159,bench_159_front,-7.916115600248916,-3.2548603296923306,0.2907342473546167,-0.7321128800282841,0.7877281711911566
240.0,160,bench_160_front,-8.377276149956925,-1.670612002690604,0.1445479271492058,-0.7735550134042978,0.7869443830449872
240.0,161,bench_161_front,-8.525236307523599,-0.027258812127424238,-0.007028096906126336,-0.7861233384418996,0.7861547540969014
240.0,162,bench_162_front,-8.353842852967544,1.6138159607093627,-0.15833402210814743,-0.7692330197856302,0.7853592179922911
240.0,163,bench_163_front,-7.868903341589483,3.190947446592139,-0.30367511844482936,-0.7234032203339079,0.7845577077257923
240.0,164,bench_164_front,-7.088091963250314,4.644505322280792,-0.43753638936938266,-0.650251118196452,0.7837503484771999
240.0,165,bench_165_front,-6.040393391148702,5.9191904303297305,-0.5547941432242052,-0.5524433149418809,0.7829368796907283
240.0,166,bench_166_front,-4.765117221826078,6.96616925235592,-0.6509163746800416,-0.4336072394055872,0.7821172321919154
240.0,167,bench_167_front,-3.310499933511325,7.745006957821311,-0.7221431079914692,-0.29820375908752916,0.781291335132748
240.0,168,bench_168_front,-1.7319472560093467,8.2253015275675,-0.7656399202606111,-0.15136694858735336,0.7804591216849999
240.0,169,bench_169_front,-0.08998555765757535,8.387956370935848,-0.7796194495020696,0.001288343148533966,0.779620514013054
240.0,170,bench_170_front,1.5520550933215391,8.226038809826745,-0.7634224318795132,0.15387456575297778,0.7787754435538511
240.0,171,bench_171_front,3.1304292103262763,7.745171496192904,-0.7175576265857773,0.3004605465443834,0.7779238314264214
240.0,172,bench_172_front,4.583490386660861,6.963444717896536,-0.6436967115989113,0.4352993237804995,0.777065607144604
240.0,173,bench_173_front,5.854119875931563,5.910829225957389,-0.5446225581871985,0.5530588255592674,0.7762008731091229
240.0,174,bench_174_front,6.892001563216257,4.628132321850944,-0.4241330665189046,0.6490352593864647,0.7753293661674275
240.0,175,bench_175_front,7.6556859430821875,3.1655077237579734,-0.2869045752794003,0.7193470151620366,0.7744510078363798
240.0,176,bench_176_front,8.11434080374913,1.5805410084540346,-0.1383168999181983,0.7610994398211671,0.7735657193148332
240.0,177,bench_177_front,8.249073504235005,-0.0639512941886508,0.01575259514416407,0.7725128287154399,0.7726734205236431
240.0,178,bench_178_front,8.053816659456162,-1.702353282995983,0.16915860386308887,0.7530078268548137,0.771774203096682
240.0,179,bench_179_front,7.535712057663604,-3.268895421101247,0.3157313389710551,0.7032431257261985,0.7708678046783438
240.0,180,bench_180_front,6.714956995475421,-4.70028158967866,0.4495251703695726,0.6251049772982273,0.7699539670907675
240.0,181,bench_181_front,5.624134726175735,-5.938270934398047,0.5650631020880527,0.5216465319590894,0.76903277800515
240.0,182,bench_182_front,4.307023294009565,-6.932110831861205,0.6575657492540141,0.39697799769859765,0.768104319248877
240.0,183,bench_183_front,2.816919247077464,-7.640695722059525,0.7231555444764602,0.2561118976544296,0.7671683293953151
240.0,184,bench_184_front,1.2145609309068157,-8.03434870245519,0.7590281153444473,0.10476948035678761,0.766224721539037
240.0,185,bench_185_front,-0.434280984399215,-8.09616996534243,0.7635821909747893,-0.050848879396684435,0.7652733961858064
240.0,186,bench_186_front,-2.0614894722877497,-7.822881710374888,0.7365007388525697,-0.20431093003956816,0.764314264202896
240.0,187,bench_187_front,-3.5993968143408126,-7.22510945967268,0.6787814268218815,-0.34922022743409836,0.7633472294097049
240.0,188,bench_188_front,-4.983613781563862,-6.3270927496272975,0.5927117108731785,-0.4794832534551439,0.7623721942398871
240.0,189,bench_189_front,-6.155768769786467,-5.165816633063235,0.48178968949976664,-0.5895695381095527,0.7613892205534518
240.0,190,bench_190_front,-7.066021200961803,-3.7896087598616073,0.35059214400909805,-0.674752055171646,0.7603980453678562
240.0,191,bench_191_front,-7.675279242424233,-2.2562174663969667,0.20459454065797072,-0.7313188456005744,0.7593985646533727
240.0,192,bench_192_front,-7.956984711257143,-0.6304430374850267,0.049950957221594386,-0.756743896572184,0.7583906797466632
240.0,193,bench_193_front,-7.898374396317375,1.0185179310000363,-0.10676265673870625,-0.749811667396526,0.7573742809456004
240.0,194,bench_194_front,-7.50119459273332,2.620001404625094,-0.25882310701896843,-0.7106861529306405,0.7563492636965453
240.0,195,bench_195_front,-6.7817875453002525,4.10491332134637,-0.3996500997077738,-0.6409222471890021,0.755315516283251
240.0,196,bench_196_front,-5.770557486297841,5.408719656598838,-0.5230923138964444,-0.5434172528278316,0.7542730802093389
240.0,197,bench_197_front,-4.510802811298791,6.474323455534737,-0.623701552221515,-0.4223023662164055,0.75322169031136
240.0,198,bench_198_front,-3.0569765714893924,7.254634525332314,-0.6969812736464917,-0.2827783960972783,0.7521612307964529
240.0,199,bench_199_front,-1.4724293845904164,7.714752018149537,-0.73959671551677,-0.13090174965842863,0.7510915854054231
240.0,200,bench_200_front,0.1732805240886906,7.8336477832248885,-0.7495382413950857,0.026671690933837477,0.7500126361674901
240.0,201,bench_201_front,1.8073944908062023,7.605261575096313,-0.726228705228843,0.18297382668314766,0.74892426422799
240.0,202,bench_202_front,3.3571653308713634,7.038943868341464,-0.6705687831993681,0.331031664617566,0.7478264878840263
240.0,203,bench_203_front,4.753087655522335,6.159225318759711,-0.5849164856108178,0.464178872253863,0.7467190372463917
240.0,204,bench_204_front,5.932080184693236,5.0048905531938646,-0.47300124305943214,0.5763608622074786,0.7456017834074139
240.0,205,bench_205_front,6.840396016478413,3.6274083661352083,-0.33977457699561464,0.6624166899806625,0.7444747372056932
240.0,206,bench_206_front,7.436190902547959,2.088725594527303,-0.19120098335061037,0.718326392111822,0.7433374883850723
240.0,207,bench_207_front,7.6915531509966275,0.45860508117413545,-0.03400089591300411,0.7414108203652601,0.7421900467384178
240.0,208,bench_208_front,7.593967762386741,-1.1885106966045769,0.1246490924524252,0.7304735681126102,0.741032408171452
240.0,209,bench_209_front,7.147072803375152,-2.776841284433462,0.2774404484492321,0.6858759183737041,0.7398641617490896
240.0,210,bench_210_front,6.370690736613393,-4.232775324790464,0.41726831913153867,0.6095435383430508,0.7386854373050993
240.0,211,bench_211_front,5.30011299185865,-5.488303793242249,0.5375677745307001,0.5048971864533877,0.7374959532786851
240.0,212,bench_212_front,3.9846261133691017,-6.484289998731735,0.6326270929118144,0.3767149042079002,0.7362955641170337
240.0,213,bench_213_front,2.485388985318055,-7.173331644794337,0.6978693832680907,0.23092637815384168,0.7350841232336857
240.0,214,bench_214_front,0.872681647243917,-7.522157386266934,0.730085725535091,0.07434840586682319,0.7338616028142079
240.0,215,bench_215_front,-0.7772928568107829,-7.51337595968921,0.7276067941563911,-0.08562656108847297,0.7326278419950875
240.0,216,bench_216_front,-2.385994881831259,-7.1465099529511456,0.690404607810132,-0.24137470452242898,0.73138243790014
240.0,217,bench_217_front,-3.876242963582906,-6.438236440525033,0.6201185818620217,-0.3854038847759958,0.7301254754978722
240.0,218,bench_218_front,-5.175993322940286,-5.42179018801492,0.5199992412472396,-0.5107177877792037,0.7288565494332809
240.0,219,bench_219_front,-6.221846756160477,-4.145588524567106,0.39477520027390456,-0.6111619960238587,0.7275757308591103
240.0,220,bench_220_front,-6.962279729453408,-2.671049318696028,0.2504431211739732,-0.6817366412587405,0.7262827307447906
240.0,221,bench_221_front,-7.36029756353171,-1.069777253046091,0.09399361916113344,-0.7188584036993839,0.7249773824142617
240.0,222,bench_222_front,-7.39545356488392,0.5798502848832532,-0.06692065436497156,-0.7205587186628017,0.7236596168238315
240.0,223,tail_rear,-7.065067196655037,2.196437630494966,-0.22435297865680487,-0.6866040549707252,0.722329140582341
250.0,0,head_front,10.946545835657773,1.174319939506745,-0.08489350404351895,0.8638817549045047,0.8680429675342539
250.0,1,bench_1_front,10.856657479603317,-1.6842723040721093,0.14064916182773074,0.8560462736188811,0.8675237226149008
250.0,2,bench_2_front,10.46914153551883,-3.288119683279604,0.26725181063736125,0.8250135196447397,0.8672201784354129
250.0,3,bench_3_front,9.845521523484859,-4.815727561208573,0.3878721649615785,0.7753047617507793,0.8669153879966687
250.0,4,bench_4_front,8.999637944473267,-6.2324081943372205,0.4997573379722088,0.7079926102949802,0.8666088697269191
250.0,5,bench_5_front,7.950434207029593,-7.505855030648392,0.6003388105590012,0.6245563234050072,0.8663009226409587
250.0,6,bench_6_front,6.721546446111517,-8.606912655638268,0.6872925756710513,0.526849870762425,0.8659918422796671
250.0,7,bench_7_front,5.34079078444389,-9.510255117547537,0.7585922477023045,0.4170634682203957,0.8656813124921084
250.0,8,bench_8_front,3.839574263274922,-10.194975969347844,0.8125599637292609,0.29767493722274524,0.8653693216807856
250.0,9,bench_9_front,2.252162932473358,-10.645115949145794,0.8479058175986871,0.1713967286835627,0.865055555511393
250.0,10,bench_10_front,0.6149391757243395,-10.850043626853608,0.8637623750669385,0.04111401844321709,0.8647403096270161
250.0,11,bench_11_front,-1.0344337487452762,-10.804740127520347,0.8597070123598979,-0.09018033737678369,0.8644238777070958
250.0,12,bench_12_front,-2.6578844776537216,-10.509946560829137,0.8357745031131477,-0.21945400698001624,0.8641059432926116
250.0,13,bench_13_front,-4.217790253174537,-9.972183087095193,0.792460925936477,-0.343704513107055,0.8637864964597769
250.0,14,bench_14_front,-5.677865249730322,-9.203635139377907,0.7307155510405942,-0.4600298903261789,0.8634655271208431
250.0,15,bench_15_front,-7.004021496363618,-8.221897496984717,0.651921756641979,-0.5656972516744176,0.8631427213011491
250.0,16,bench_16_front,-8.165158004843269,-7.04960790123423,0.557869056145705,-0.6582079141550304,0.8628183714207851
250.0,17,bench_17_front,-9.13391947232752,-5.713943699755549,0.45071361223240825,-0.7353577453914072,0.8624927674819768
250.0,18,bench_18_front,-9.887358461007908,-4.246014703751366,0.33293122538233233,-0.795290083023503,0.8621655971970301
250.0,19,bench_19_front,-10.407505336831182,-2.6801474716172455,0.2072606319129246,-0.8365439518280345,0.8618368481801006
250.0,20,bench_20_front,-10.68181511215988,-1.05311090762992,0.07664218149453209,-0.8580905790468899,0.8615065094549591
250.0,21,bench_21_front,-10.703502895222169,0.5967420566587569,-0.05585049741493471,-0.859361601542535,0.8611745701466378
250.0,22,bench_22_front,-10.471739476736893,2.230382271429881,-0.18708306973152616,-0.8402661379297296,0.860841017570326
250.0,23,bench_23_front,-9.991707985297213,3.8090104851732787,-0.313933207470967,-0.8011967565527831,0.8605058404588017
250.0,24,bench_24_front,-9.274520798148437,5.294989101597398,-0.4333656455764758,-0.7430242077757497,0.8601690276374151
250.0,25,bench_25_front,-8.33698531991436,6.652757029016726,-0.5425055320100383,-0.6670804696754834,0.8598305677771395
250.0,26,bench_26_front,-7.201247895961529,7.849674060285768,-0.638709069117877,-0.575130032745595,0.8594904476138022
250.0,27,bench_27_front,-5.894293435502469,8.856834227615506,-0.7196281285536285,-0.46933173523630956,0.8591489516408217
250.0,28,bench_28_front,-4.447326446224482,9.649784912097132,-0.7832683965853665,-0.3521895238205254,0.8588054737705969
250.0,29,bench_29_front,-2.8950373210759777,10.209146543270815,-0.8280422132714687,-0.22649542539288148,0.85846029883939
250.0,30,bench_30_front,-1.2747927059161563,10.521105865602992,-0.8528091057179775,-0.09526417140051517,0.8581134150845815
250.0,31,bench_31_front,0.37423147661979533,10.57778648595921,-0.8569075670805697,0.03833911683260967,0.8577648083241965
250.0,32,bench_32_front,2.0120273687130465,10.377485833048487,-0.8401747631434165,0.17107289376303764,0.85741446664
250.0,33,bench_33_front,3.5986963660809717,9.924751925027298,-0.8029549820537536,0.2996985425620663,0.8570623779041817
250.0,34,bench_34_front,5.09544343458054,9.230309904583246,-0.746095407093917,0.42106014932566554,0.8567088220841369
250.0,35,bench_35_front,6.46551256573057,8.310845899358384,-0.6709287227096302,0.5321615836960847,0.8563534913332815
250.0,36,bench_36_front,7.675114585678544,7.188635178264894,-0.5792450238047796,0.6302416129353883,0.8559960795926577
250.0,37,bench_37_front,8.694284072610817,5.891021124262391,-0.4732525443318667,0.7128439381941847,0.8556368686170437
250.0,38,bench_38_front,9.497627462934602,4.449789089570076,-0.3555244798492309,0.7778811688075639,0.8552758435484354
250.0,39,bench_39_front,10.064991778605366,2.9004026561362872,-0.22893964529763214,0.8236888716777168,0.8549132812833801
250.0,40,bench_40_front,10.38200008911551,1.2811371474016968,-0.09661333170781328,0.8490695792717764,0.8545485862772434
250.0,41,bench_41_front,10.440439632517753,-0.36783263040635356,0.0381782869010562,0.8533284060911732,0.8541820357703629
250.0,42,bench_42_front,10.238513772286998,-2.005432218658472,0.1720788439284146,0.836293641779093,0.8538139046700268
250.0,43,bench_43_front,9.78092606033535,-3.590717049625396,0.30173426962399824,0.7983247521416545,0.8534436005662951
250.0,44,bench_44_front,9.07880796774413,-5.083881369322954,0.4238786763209811,0.7403095089042727,0.8530716858586461
250.0,45,bench_45_front,8.149482261031208,-6.447277188889699,0.5354149460489506,0.6636448398509724,0.8526978585134499
250.0,46,bench_46_front,7.016060944049557,-7.646382966755371,0.633496656418963,0.5702060616791806,0.8523221025350025
250.0,47,bench_47_front,5.706910632722557,-8.650681688915341,0.715600509840752,0.4623036743224801,0.8519441161111507
250.0,48,bench_48_front,4.254959878687944,-9.434472817430933,0.7795939736461699,0.3426292113043644,0.8515641726754807
250.0,49,bench_49_front,2.6968979579116024,-9.97755178671691,0.8237928336112781,0.21418937859944864,0.8511825436497843
250.0,50,bench_50_front,1.0722647230193698,-10.265762649679148,0.8470075555092418,0.08023099563511064,0.8507989255695746
250.0,51,bench_51_front,-0.5775381650590949,-10.291400244823917,0.8485781449299458,-0.055838317309623166,0.8504133028902583
250.0,52,bench_52_front,-2.210291328614291,-10.053452936264915,0.8283957519866025,-0.19053635443409325,0.8500256609482346
250.0,53,bench_53_front,-3.7840420804264316,-9.557675637510474,0.7869099308759233,-0.3203959794082611,0.849635700128078
250.0,54,bench_54_front,-5.258193876287775,-8.816482776532025,0.7251230991599915,-0.4420540877598368,0.8492439728609043
250.0,55,bench_55_front,-6.594553981497952,-7.848672522452454,0.6445669698857094,-0.5523405138868343,0.8488501763847476
250.0,56,bench_56_front,-7.758323356199829,-6.679000892418966,0.5472704004933329,-0.6483593174377859,0.8484542979822335
250.0,57,bench_57_front,-8.719057693284148,-5.3375554521977495,0.43570856054900114,-0.7275696336516877,0.8480563197970602
250.0,58,bench_58_front,-9.451469264443952,-3.859018472417695,0.31274311297524304,-0.7878532981263027,0.8476562239976407
250.0,59,bench_59_front,-9.936120920546706,-2.2818029529736714,0.18155159320293762,-0.8275737736219927,0.8472539948453889
250.0,60,bench_60_front,-10.15998378840336,-0.6470548749856281,0.04554538398668906,-0.8456239626774448,0.8468496137194605
250.0,61,bench_61_front,-10.116818620420213,1.0023767509627783,-0.0917153082316716,-0.8414595462607393,0.8464430670502061
250.0,62,bench_62_front,-9.807390638248279,2.6231073850674025,-0.22661827101706153,-0.8151185513093855,0.8460343334921306
250.0,63,bench_63_front,-9.239500107443552,4.172297565290246,-0.3555892405961305,-0.7672256677923706,0.8456233992429382
250.0,64,bench_64_front,-8.427819635168966,5.608842169770339,-0.4751917743170303,-0.6989804020298231,0.8452105209948233
250.0,65,bench_65_front,-7.393552879732257,6.894450932841586,-0.582215909069216,-0.6121302495238595,0.8447951273269965
250.0,66,bench_66_front,-6.163924133381406,7.994681978476304,-0.673768301286913,-0.5089298586416168,0.8443774776934948
250.0,67,bench_67_front,-4.77148283854585,8.879902780284763,-0.7473515841561813,-0.3920841239192159,0.8439575525879561
250.0,68,bench_68_front,-3.2532835347209645,9.526105631178105,-0.8009343748847122,-0.2646809172828063,0.8435353346752182
250.0,69,bench_69_front,-1.6499177001983276,9.915600553455393,-0.8330111065046859,-0.13011067907039972,0.8431110794956509
250.0,70,bench_70_front,-0.004433339880007883,10.03753768315616,-0.8426463057506307,0.008022322203402155,0.8426844927069209
250.0,71,bench_71_front,1.6388009581750147,9.888242080762902,-0.8295054916438414,0.14599520271633817,0.8422552818970479
250.0,72,bench_72_front,3.235275106824323,9.4713679811329,-0.7938706557874917,0.28006604126878776,0.8418239754202969
250.0,73,bench_73_front,4.741556057632968,8.79785649100367,-0.7366361066648814,0.40657642697360785,0.8413900074359215
250.0,74,bench_74_front,6.116489877038112,7.885683192486683,-0.6592916271759819,0.5220513001948676,0.8409536311233252
250.0,75,bench_75_front,7.322323037847807,6.759426618129974,-0.5638863074945262,0.6232959656580419,0.8405150971787493
250.0,76,bench_76_front,8.32577921648712,5.449630936704528,-0.45297702166176174,0.7074859251802229,0.8400741136838321
250.0,77,bench_77_front,9.098995334215926,3.9920136166718256,-0.3295637321246129,0.7722482721165047,0.8396306612545964
250.0,78,bench_78_front,9.620324081083995,2.4265333927714696,-0.19700971542233464,0.8157316737423276,0.8391847183530265
250.0,79,bench_79_front,9.87498905371579,0.7963049569011202,-0.05895245660983517,0.8366616273882783,0.8387359959393282
250.0,80,bench_80_front,9.855542512740625,-0.8535816414230475,0.08079475293258347,0.834382116669804,0.8382847420297113
250.0,81,bench_81_front,9.562123966865272,-2.4772796224808653,0.21834758464920662,0.8088791353916618,0.8378312022084787
250.0,82,bench_82_front,9.002512232673892,-4.029480206987082,0.3498584383714084,0.7607865070808421,0.8373750869568242
250.0,83,bench_83_front,8.191962525578303,-5.466671154079536,0.47162410554132495,0.6913752408102409,0.8369163760693618
250.0,84,bench_84_front,7.152842356179944,-6.748362420099194,0.580192323442503,0.6025229562208948,0.8364550465833632
250.0,85,bench_85_front,5.9140444742549505,-7.838267104738888,0.6724606141526998,0.4966666888549474,0.8359910749552075
250.0,86,bench_86_front,4.510231859688382,-8.705341189360109,0.7457667483575902,0.3767400252727706,0.8355244398570164
250.0,87,bench_87_front,2.980896294016733,-9.324710050509433,0.7979693254180518,0.24609348689727684,0.8350551171038956
250.0,88,bench_88_front,1.3692530388615234,-9.678424857120355,0.8275127489675727,0.10840468992415106,0.834583085439323
250.0,89,bench_89_front,-0.2789259483175507,-9.756011580982337,0.833477832701163,-0.03242517828394313,0.8341083201784847
250.0,90,bench_90_front,-1.9166160901098317,-9.554838785062598,0.8156139015755242,-0.17237953948784446,0.8336310587287941
250.0,91,bench_91_front,-3.4968884266224163,-9.080249542522138,0.7743514080943799,-0.30744117473353977,0.8331507541491443
250.0,92,bench_92_front,-4.974250260350378,-8.34546536615503,0.7107981308294841,-0.43370710950900315,0.8326679047671663
250.0,93,bench_93_front,-6.305957201308563,-7.371272518885198,0.6267112439201892,-0.5475032791196788,0.8321819656197746
250.0,94,bench_94_front,-7.4532891945419255,-6.1854693109384495,0.5244551593373638,-0.6454926413825459,0.8316934316408875
250.0,95,bench_95_front,-8.382687205564514,-4.82212619195886,0.4069361119196209,-0.724775390390095,0.8312017599231686
250.0,96,bench_96_front,-9.066786794219441,-3.320619796561994,0.2775248768433878,-0.7829778853917689,0.8307071844395615
250.0,97,bench_97_front,-9.485241263480797,-1.7245665489279722,0.13996116440223294,-0.8183269410347611,0.830209678312737
250.0,98,bench_98_front,-9.625395468045678,-0.08052619492445247,-0.001751322918378806,-0.8297076229311131,0.8297094712500048
250.0,99,bench_99_front,-9.482701133370114,1.5632950472703753,-0.1434604800415304,-0.8167019941554183,0.8292062810852215
250.0,100,bench_100_front,-9.060924374237203,3.1584729780463374,-0.2809867960822003,-0.7796087640860777,0.8286998278100229
250.0,101,bench_101_front,-8.3720891707838,4.657811991051251,-0.41024742760479843,-0.7194419396208692,0.8281905917974394
250.0,102,bench_102_front,-7.436196819068302,6.016714469848199,-0.5273770970438462,-0.6379065391758383,0.8276782920976541
250.0,103,bench_103_front,-6.280686222332317,7.194556401876597,-0.6288463699561734,-0.5373552894374899,0.8271629005785408
250.0,104,bench_104_front,-4.939683717553581,8.155916309299188,-0.7115695648678102,-0.4207252124221731,0.8266443915093402
250.0,105,bench_105_front,-3.4530216687578337,8.871689322702238,-0.7730027264740583,-0.2914542150183835,0.826122735789489
250.0,106,bench_106_front,-1.86509434999624,9.320001926671814,-0.8112246827652718,-0.1533832242221152,0.825597904188466
250.0,107,bench_107_front,-0.22355626740491186,9.486928707784749,-0.8250012031506742,-0.010644234163614064,0.825069866690688
250.0,108,bench_108_front,1.4220790673326933,9.366977366356497,-0.813829248609472,0.13246075226866333,0.8245385962972492
250.0,109,bench_109_front,3.0219445535031775,8.963325496041644,-0.7779597582587059,0.271590334582487,0.8240040626772245
250.0,110,bench_110_front,4.527322948899464,8.287790852418718,-0.7183973006722667,0.4024946696390049,0.8234662353132707
250.0,111,bench_111_front,5.892135658987482,7.3605465011385816,-0.6368774548528415,0.5211456657519706,0.8229250861602762
250.0,112,bench_112_front,7.074389821260013,6.209564610271549,-0.5358202095432566,0.6238645113190573,0.8223808274992466
250.0,113,bench_113_front,8.037498458530754,4.869812765723934,-0.4182628472913582,0.7074361956360565,0.8218331827812082
250.0,114,bench_114_front,8.751431533339613,3.382259076738072,-0.2877723747911865,0.7692147819321524,0.8212821198807922
250.0,115,bench_115_front,9.19371721598646,1.7926422900664536,-0.14834079923123827,0.8072102667745528,0.8207273649043312
250.0,116,bench_116_front,9.350200489645179,0.15008417728196774,-0.0042652052488930895,0.820158280776013,0.8201693712284559
250.0,117,bench_117_front,9.215544805303344,-1.4944154643840943,0.1399828559746887,0.8075653846044286,0.81960786378495
250.0,118,bench_118_front,8.793473202145176,-3.0895211437208956,0.2798960266685807,0.7697330326737285,0.8190425674737266
250.0,119,bench_119_front,8.096728978632251,-4.585199956132623,0.41107069161872,0.7077573493626271,0.8184739330514471
250.0,120,bench_120_front,7.146748435152518,-5.934292791475151,0.5293486763833178,0.6235007156256808,0.8179016833180541
250.0,121,bench_121_front,5.973066084026922,-7.094017969059274,0.630949505920255,0.5195422575873565,0.817325783540432
250.0,122,bench_122_front,4.612427767422331,-8.027383303862335,0.7125940707034639,0.3991040581413646,0.8167462022113351
250.0,123,bench_123_front,3.1077115937416004,-8.704381870789996,0.771615725568483,0.26595309915207704,0.8161628997284618
250.0,124,bench_124_front,1.5065952117362482,-9.10302518943279,0.8060496039335007,0.12428995572663308,0.8155758438648619
250.0,125,bench_125_front,-0.1399311527695583,-9.210107219979763,0.8147044222130525,-0.021383460780083442,0.81498499861558
250.0,126,bench_126_front,-1.7791433618592172,-9.02169953096123,0.797208273961229,-0.166404844824473,0.8143903268416803
250.0,127,bench_127_front,-3.3582908688626354,-8.543363070628429,0.754029204090348,-0.3060997214170186,0.8137917915982565
250.0,128,bench_128_front,-4.826292821919234,-7.790046394901378,0.6864689130858105,-0.43593274523174685,0.8131893549466207
250.0,129,bench_129_front,-6.135396653107169,-6.785689988249859,0.5966294313818411,-0.5516560699687552,0.8125829791008369
250.0,130,bench_130_front,-7.242786533642835,-5.562506429894205,0.48735304736559726,-0.6494509614669232,0.8119726252324305
250.0,131,bench_131_front,-8.111993394248705,-4.160018033411742,0.36213749301702863,-0.7260569216800037,0.8113582546373097
250.0,132,bench_132_front,-8.714154784460005,-2.6238224373674615,0.22502870596158106,-0.7788847953456124,0.8107400587903131
250.0,133,bench_133_front,-9.029029803259645,-1.0041453694156999,0.08049182871778429,-0.806109086147698,0.8101177650565441
250.0,134,bench_134_front,-9.045740144684355,0.6457709711985847,-0.0667298898484671,-0.8067362271944308,0.8094913331636683
250.0,135,bench_135_front,-8.763213242537947,2.271403751671114,-0.21176987888314222,-0.7806466465095269,0.8088607224416023
250.0,136,bench_136_front,-8.190304277069696,3.818748793107463,-0.3497988047781697,-0.7286081855507871,0.8082258916143717
250.0,137,bench_137_front,-7.345588704237394,5.236124240407392,-0.47618614234094386,-0.652260067341149,0.8075867988058187
250.0,138,bench_138_front,-6.256827261677342,6.475918927146669,-0.5866574114280096,-0.5540674461727911,0.8069434015418007
250.0,139,bench_139_front,-4.960109278759609,7.49623036165558,-0.6774421114393083,-0.437246917109506,0.8062956535124789
250.0,140,bench_140_front,-3.49873261367827,8.262309813380105,-0.7454049159095673,-0.30566809545587853,0.8056435149877227
250.0,141,bench_141_front,-1.92177647650874,8.747822929839444,-0.7881607559260745,-0.16372719250989304,0.80498693824753
250.0,142,bench_142_front,-0.28252267501531875,8.935801538636483,-0.8041628198635301,-0.016206032216535937,0.8043261007396613
250.0,143,bench_143_front,1.3633565161393375,8.81931761772317,-0.7927647371719203,0.1318887704822293,0.8036607345656362
250.0,144,bench_144_front,2.959662511955324,8.401799519498551,-0.7542529632541713,0.2754935254597131,0.8029907939372157
250.0,145,bench_145_front,4.4515691701202105,7.697019009099464,-0.689846806391143,0.4096612867902169,0.8023160139138914
250.0,146,bench_146_front,5.787561630603763,6.7287019754032205,-0.6016677881664696,0.5297333330326621,0.8016367827408027
250.0,147,bench_147_front,6.921216045004949,5.529809854066891,-0.4926748543594,0.631503705309997,0.8009528337788134
250.0,148,bench_148_front,7.812867961317844,4.141479259973026,-0.36657175857976343,0.7113701292554406,0.8002639033376194
250.0,149,bench_149_front,8.431055065999676,2.6116649547358026,-0.22768698104850418,0.7664668412012123,0.7995703721374038
250.0,150,bench_150_front,8.753692251580073,0.9935193908370444,-0.0808280570200236,0.7947724559309436,0.7988719744165118
250.0,151,bench_151_front,8.768925316003614,-0.6564146745394291,0.06888064724324412,0.7951909628709831,0.7981686607455404
250.0,152,bench_152_front,8.475648690338414,-2.280138811585336,0.2161762973595085,0.7676007175560657,0.7974603771552876
250.0,153,bench_153_front,7.883645756296488,-3.820275411042011,0.3558405403635298,0.7128698395880786,0.7967470730166141
250.0,154,bench_154_front,7.013339211639633,-5.222084480728513,0.4828866859624932,0.6328368381411836,0.7960289034880393
250.0,155,bench_155_front,5.8951726190194105,-6.43542928082891,0.5927394511606919,0.530255548853925,0.7953056041878842
250.0,156,bench_156_front,4.568617406478989,-7.416620629064866,0.6814033399345394,0.40870767199029856,0.794576914349816
250.0,157,bench_157_front,3.0808320906138458,-8.130050112317013,0.7456133672243243,0.2724837500398011,0.7938429866285573
250.0,158,bench_158_front,1.48504566670232,-8.549537570386859,0.7829608880361191,0.12643636272868414,0.7931039692337742
250.0,159,bench_159_front,-0.1612950014057492,-8.659367638323216,0.7919902964487819,-0.024188952341926927,0.7923595996038854
250.0,160,bench_160_front,-1.7985890288044293,-8.454965990223927,0.772263514345331,-0.17394012805731662,0.791609817863319
250.0,161,bench_161_front,-3.3672095167845266,-7.943171889544145,0.7243877642103419,-0.3173536120165397,0.7908545681714194
250.0,162,bench_162_front,-4.809701982942779,-7.142097162247157,0.6500053929256072,-0.4491560816417731,0.7900937896909228
250.0,163,bench_163_front,-6.07290280122476,-6.080570685434319,0.5517455875322334,-0.5644595505562258,0.7893274210208497
250.0,164,bench_164_front,-7.109934472152991,-4.797188996630038,0.4331396794668748,-0.6589458575686411,0.7885554039733282
250.0,165,bench_165_front,-7.882014493212295,-3.3389726725030973,0.29849983174841577,-0.7290346463909387,0.7877776749770163
250.0,166,bench_166_front,-8.359964524113343,-1.7597110161854186,0.1527685707754179,-0.7720243445617054,0.7869941707615723
250.0,167,bench_167_front,-8.525394840116746,-0.11802171158573088,0.0013414724805255406,-0.7862036820672264,0.7862048265207231
250.0,168,bench_168_front,-8.371500371774362,1.5247831725448704,-0.150129166562045,-0.7709278462645145,0.7854097725382956
250.0,169,bench_169_front,-7.903430096266944,3.107003069296385,-0.29594478358921944,-0.7266548479427847,0.7846085539760712
250.0,170,bench_170_front,-7.138216430707731,4.568832841834242,-0.43057511523987213,-0.6549426274898684,0.7838014896433674
250.0,171,bench_171_front,-6.1042401771715635,5.854682607212816,-0.5488693004931737,-0.5584023656555936,0.7829883211093439
250.0,172,bench_172_front,-4.840282539318102,6.915302568681495,-0.6462581754211351,-0.44061137415405927,0.7821687876236069
250.0,173,bench_173_front,-3.394136525189908,7.709751556886469,-0.7189352285659617,-0.30598910472854146,0.7813431992957807
250.0,174,bench_174_front,-1.8208597781341973,8.207044907192522,-0.7640118819198426,-0.15963622008607556,0.7805112929856105
250.0,175,bench_175_front,-0.18074752969248528,8.387438764060793,-0.7796402313388017,-0.00714843987032836,0.7796730022994255
250.0,176,bench_176_front,1.4629494772309533,8.243315949440943,-0.7650979591726965,0.14559724072814328,0.7788282504107528
250.0,177,bench_177_front,3.046451457856848,7.779607403438436,-0.7208295796809383,0.29266560368253736,0.7779771452439089
250.0,178,bench_178_front,4.5079290296095555,7.01373022500897,-0.6484432893115215,0.428293850150654,0.777119245373589
250.0,179,bench_179_front,5.789952658734655,5.975028029031237,-0.5506630813509257,0.54712106978842,0.7762546580661023
250.0,180,bench_180_front,6.8417817079918635,4.703744009301762,-0.4312348190583074,0.6444036623414997,0.7753834852557724
250.0,181,bench_181_front,7.621432538151533,3.2495570877174553,-0.2947906143773932,0.7162103107808486,0.7745054651800726
250.0,182,bench_182_front,8.097443786695242,1.6697090672977666,-0.14667699274197338,0.7595884209784811,0.773620520335656
250.0,183,bench_183_front,8.250240788394464,0.02679581267304055,0.0072507892300709195,0.7726945481084929,0.7727285672349942
250.0,184,bench_184_front,8.073039193122451,-1.613658918788334,0.1608555911000526,0.7548818209674578,0.7718296993607414
250.0,185,bench_185_front,7.572251870426247,-3.185831318427355,0.3079624325937218,0.7067405127705981,0.770923480171859
250.0,186,bench_186_front,6.7673763898557775,-4.62620765809101,0.44260664994857535,0.6300910706577454,0.7700100024683605
250.0,187,bench_187_front,5.690342485679675,-5.87620981784981,0.5592793810474882,0.527924936931881,0.769089178898905
250.0,188,bench_188_front,4.384348653849982,-6.884619311017718,0.6531573010762457,0.4042978363054684,0.7681609208951525
250.0,189,bench_189_front,2.902225644718362,-7.60974623645512,0.7203088912411102,0.2641775416252277,0.767225307390304
250.0,190,bench_190_front,1.3043635666222166,-8.021249300609064,0.7578669681780659,0.11325140156000843,0.7662820769212338
250.0,191,bench_191_front,-0.3436866341158202,-8.101501995007784,0.7641613656306389,-0.042298493397954086,0.7653311409228163
250.0,192,bench_192_front,-1.9738556755007146,-7.846464038285469,0.7388034253396532,-0.19604760249448125,0.764372398597332
250.0,193,bench_193_front,-3.5183829144422725,-7.265998362019163,0.6827188545488513,-0.3415897663781247,0.7634059227244424
250.0,194,bench_194_front,-4.9126214593151305,-6.383615382921584,0.598125722090798,-0.47280792707987435,0.7624314495980646
250.0,195,bench_195_front,-6.097800882506279,-5.235633771726571,0.4884582623186741,-0.5841343336066653,0.7614488779461702
250.0,196,bench_196_front,-7.023551929388215,-3.869805531784909,0.35823876964811663,-0.6707917137949858,0.760458111518978
250.0,197,bench_197_front,-7.6501463123840034,-2.343411137556844,0.21289891917478898,-0.7290076091320936,0.7594590469263531
250.0,198,bench_198_front,-7.950295387507867,-0.7209388821328242,0.05856101215357497,-0.7561874147336545,0.7584515794340593
250.0,199,bench_199_front,-7.910456102137099,0.92858312811027,-0.09821450973992119,-0.7510410137143032,0.7574356039984266
250.0,200,bench_200_front,-7.531569642216925,2.534496288588033,-0.25070529377127626,-0.7136557138463517,0.7564110140859186
250.0,201,bench_201_front,-6.829187432970128,4.027535233586573,-0.392315028518555,-0.6455109540325541,0.755377702462505
250.0,202,bench_202_front,-5.832966065726289,5.34284331202034,-0.5168618907697027,-0.5494325677882007,0.7543357082071402
250.0,203,bench_203_front,-4.585534568104974,6.422847095124754,-0.6188524157441901,-0.42948763047422817,0.7532847650143916
250.0,204,bench_204_front,-3.1407863367440663,7.2198458846084925,-0.6937318907981274,-0.2908232247497591,0.7522247565483297
250.0,205,bench_205_front,-1.5616568107164788,7.698218047720555,-0.7380967268008366,-0.13945577955225374,0.7511555714794609
250.0,206,bench_206_front,0.082572800982678,7.836142597470375,-0.7498615802667506,0.017985145310776662,0.7500772326980725
250.0,207,bench_207_front,1.7192293196104507,7.626717098648046,-0.728368625586356,0.17454047918908341,0.7489894749688489
250.0,208,bench_208_front,3.2754709618543076,7.078450803903172,-0.6744369917220301,0.32322970718555066,0.7478921709780886
250.0,209,bench_209_front,4.681550102772619,6.21505212269248,-0.5903464468547194,0.45736113326219047,0.7467851990585158
250.0,210,bench_210_front,5.873937506805354,5.074568921217362,-0.4797545057058585,0.5708388764922612,0.745668430778734
250.0,211,bench_211_front,6.798317519863084,3.707812646815625,-0.3475510156669278,0.6584456687357008,0.7445417430661072
250.0,212,bench_212_front,7.412126802808985,2.1762290984749058,-0.19965077406608203,0.7160939603269073,0.7434049983702423
250.0,213,bench_213_front,7.68664745286285,0.5492233707384669,-0.042739823913797804,0.7410265465659307,0.7422580651388113
250.0,214,bench_214_front,7.608492704283498,-1.0989226135131749,0.11602188306824246,0.731962790693378,0.7411009407026405
250.0,215,bench_215_front,7.180408699837876,-2.692418539952424,0.26932357893355957,0.6891778980538057,0.7399333519550549
250.0,216,bench_216_front,6.421337828869911,-4.157450879235755,0.41004144850094304,0.6145123123556855,0.738755285277529
250.0,217,bench_217_front,5.365753303076215,-5.425611279047165,0.5315715916920216,0.5113078760545495,0.737566336819546
250.0,218,bench_218_front,4.062217656216819,-6.437199605066452,0.6281482013427948,0.38427286127901755,0.7363666170908016
250.0,219,bench_219_front,2.571310459442854,-7.144095194160592,0.6951252219852859,0.23928027899481896,0.7351558516096647
250.0,220,bench_220_front,0.9628905982554518,-7.512200380948391,0.7292135746177142,0.08310541065543926,0.733933884411228
250.0,221,bench_221_front,-0.6870735097709693,-7.52321872460224,0.7286558888327258,-0.07688118120103815,0.732700566639249
250.0,222,bench_222_front,-2.300065933948256,-7.175734223618912,0.6933331875325381,-0.23305957125524995,0.7314558583316635
250.0,223,tail_rear,-3.7987501733838855,-6.4854863974165005,0.6247934947523641,-0.37792110572638266,0.7301994749644265
260.0,0,head_front,5.8797020355391885,9.401364074432266,-0.733386399935126,0.4677343710726557,0.8698454193088203
260.0,1,bench_1_front,8.074137729875662,7.567215724009701,-0.5888390081217404,0.6395479694383792,0.8693405447225783
260.0,2,bench_2_front,9.099327359049179,6.27435813706278,-0.4869633520684079,0.7197961292553181,0.8690453232994461
260.0,3,bench_3_front,9.920624055731784,4.8432861394871,-0.374180450612644,0.7840364324434643,0.8687486040387957
260.0,4,bench_4_front,10.519452145477052,3.3057830019085377,-0.2529798381250937,0.83078760918795,0.8684508334258357
260.0,5,bench_5_front,10.882144266152789,1.6961376857378427,-0.12605203842600776,0.8589515139525057,0.8681513806431763
260.0,6,bench_6_front,11.000285504850732,0.050372112883427064,0.003768788233526843,0.8678423642339965,0.8678505475737178
260.0,7,bench_7_front,10.87092968189092,-1.5945463489098897,0.13356898509739898,0.8572047348133047,0.8675486333147538
260.0,8,bench_8_front,10.4966972533432,-3.2015476420909423,0.2604195163368278,0.8272216048406896,0.8672450103657635
260.0,9,bench_9_front,9.885750619140596,-4.734275501652328,0.3814428001511378,0.7785158002316827,0.8669402868695849
260.0,10,bench_10_front,9.05164476452863,-6.157923816099631,0.49387834315112683,0.7121364942715889,0.866633835196348
260.0,11,bench_11_front,8.013051531002239,-7.4400384896642775,0.5951454524830071,0.6295415407861044,0.8663259555078248
260.0,12,bench_12_front,6.793356778386964,-8.551277029780616,0.6829050541954722,0.5325650208990753,0.8660166364054176
260.0,13,bench_13_front,5.420169599822889,-9.46607963147125,0.7551133536691182,0.4233798222935798,0.8657058685343227
260.0,14,bench_14_front,3.9247106153097855,-10.163287631645709,0.810071800141334,0.3044500532022355,0.865393642384242
260.0,15,bench_15_front,2.341107285219737,-10.62665756304285,0.8464691597849743,0.1784763432639176,0.8650802526771374
260.0,16,bench_16_front,0.7056476068882732,-10.845255200135925,0.8634134718827934,0.04833573634731567,0.8647653825384873
260.0,17,bench_17_front,-0.9440546877215764,-10.81374698049484,0.8604568393240296,-0.08298276333943524,0.8644490218346873
260.0,18,bench_18_front,-2.5699178489510874,-10.532556637168245,0.8376087400087432,-0.21244701484115863,0.8641308555155023
260.0,19,bench_19_front,-4.134280069607893,-10.007887807107181,0.7953407003744901,-0.3370511050490965,0.863811482377377
260.0,20,bench_20_front,-5.600760191868302,-9.25161810591325,0.7345769680575982,-0.45388618739718656,0.8634905865790591
260.0,21,bench_21_front,-6.935119281099283,-8.28105880182545,0.6566775797449839,-0.5602082655404372,0.8631678541972904
260.0,22,bench_22_front,-8.106079412959295,-7.118577926060276,0.5634111184001038,-0.6535039974567829,0.862843881028805
260.0,23,bench_23_front,-9.086060148135708,-5.791117862525792,0.45691440225116703,-0.7315511855685924,0.8625183523214763
260.0,24,bench_24_front,-9.851854936281033,-4.329589944673051,0.3396469938095348,-0.7924731441412167,0.8621912575460968
260.0,25,bench_25_front,-10.385204888030357,-2.768171606018787,0.2143345544587843,-0.8347860878580523,0.8618625840100018
260.0,26,bench_26_front,-10.673260636063493,-1.143512545968801,0.08390824468811608,-0.857436497287748,0.8615323211625452
260.0,27,bench_27_front,-10.708913917090895,0.5060977497969926,-0.048563725125335244,-0.8598300959569197,0.861200458262381
260.0,28,bench_28_front,-10.491004857273923,2.141645723982632,-0.17994814291200695,-0.8418492224259904,0.8608666838928806
260.0,29,bench_29_front,-10.024386657695656,3.7242929125747137,-0.3071199886215074,-0.8038606370932916,0.8605315864504378
260.0,30,bench_30_front,-9.319850629865195,5.2163134283382355,-0.42703835066624213,-0.7467083971098184,0.8601948519109253
260.0,31,bench_31_front,-8.393899283644446,6.582009632199652,-0.5368168762671519,-0.6716999270862559,0.8598564709839103
260.0,32,bench_32_front,-7.2683975638503,7.788558686729672,-0.633797313488491,-0.5805768334531936,0.8595164304001208
260.0,33,bench_33_front,-5.970079551040721,8.806829909270698,-0.7156131642711494,-0.4754776508520139,0.8591747187492871
260.0,34,bench_34_front,-4.529935817091158,9.612108922900237,-0.7802501491915395,-0.35888848511574156,0.8588313222409226
260.0,35,bench_35_front,-2.9824852266054878,10.184723414545598,-0.8260965947822039,-0.23358728993190625,0.8584862293179112
260.0,36,bench_36_front,-1.3649697751482865,10.51054315294824,-0.8519864749819279,-0.10257838326442723,0.8581394282197241
260.0,37,bench_37_front,0.28350893834437363,10.581357827037126,-0.8572313041156112,0.030979469766946367,0.8577909047680516
260.0,38,bench_38_front,1.9229647248732562,10.395122294863661,-0.841640837948432,0.16384648296194432,0.8574409426202703
260.0,39,bench_39_front,3.5134670275996727,9.956041389024302,-0.8055307776878454,0.29278253681068683,0.8570889380126698
260.0,40,bench_40_front,5.016135556805593,9.274505004020032,-0.7497212816009616,0.41462472230063535,0.8567354670073297
260.0,41,bench_41_front,6.3940772965477315,8.366880062023455,-0.6755189327245559,0.5263660852666028,0.8563802217404438
260.0,42,bench_42_front,7.613317216844302,7.255146767320074,-0.584690115270571,0.6252304938325924,0.8560231897053147
260.0,43,bench_43_front,8.643658351011418,5.966386676833936,-0.47942031776798755,0.7087437121910314,0.8556643563098101
260.0,44,bench_44_front,9.459437926996427,4.53216055130942,-0.36226466896490506,0.774795937040012,0.8553037088858919
260.0,45,bench_45_front,10.040200906936741,2.9877510626674497,-0.23608677512563486,0.8216976631396686,0.8549409424038683
260.0,46,bench_46_front,10.3712420580667,1.371303516282614,-0.10399095913585424,0.8482255552025713,0.8545763348471014
260.0,47,bench_47_front,10.444002829812845,-0.2770964103551072,0.030753100311463034,0.8536561099919469,0.8542098731022428
260.0,48,bench_48_front,10.256327616882428,-1.9163932175855254,0.16479126992218313,0.8377882890359638,0.8538415426110242
260.0,49,bench_49_front,9.812566752922525,-3.505594861208065,0.29476761874702595,0.8009527827897756,0.8534713289387509
260.0,50,bench_50_front,9.12350061550813,-5.004821616753518,0.4174085102632989,0.7440086720790147,0.8530995068390353
260.0,51,bench_51_front,8.20611657016054,-6.376283695825525,0.5296063294910569,0.668325053126165,0.8527257712026072
260.0,52,bench_52_front,7.083225424061904,-7.585255434857384,0.6284981953902989,0.5757523126028967,0.8523501082750244
260.0,53,bench_53_front,5.782913682902979,-8.600984215258244,0.7115412600282581,0.4685783736781602,0.8519722160971395
260.0,54,bench_54_front,4.337891927035839,-9.397475842659512,0.7765800807271638,0.3494752326936221,0.8515923673028484
260.0,55,bench_55_front,2.784652428911863,-9.954215475921302,0.8219045030299206,0.22143366628447764,0.8512108320886467
260.0,56,bench_56_front,1.1626188863151734,-10.256697761593811,0.8462960864050683,0.08769013490688642,0.8508270245029378
260.0,57,bench_57_front,-0.48688752424691945,-10.296859149516473,0.8490654453601518,-0.04835421163278149,0.8504412150685435
260.0,58,bench_58_front,-2.121673594494067,-10.073316417234931,0.8300734459740262,-0.1832193217715215,0.8500536721770049
260.0,59,bench_59_front,-3.6997424528569076,-9.591451517657676,0.7897389515475325,-0.31343494134709327,0.8496640948331592
260.0,60,bench_60_front,-5.180395695957775,-8.863315909202209,0.7290334475153022,-0.43563052357994014,0.8492724655083195
260.0,61,bench_61_front,-6.525264127782893,-7.907378149818073,0.6494615699561289,-0.5466212930175998,0.8488787715746651
260.0,62,bench_62_front,-7.699361426401636,-6.748063812137883,0.5530245698664235,-0.6434960872700924,0.8484829928807419
260.0,63,bench_63_front,-8.671965987696481,-5.415197902968594,0.44217557907030824,-0.7236913169676109,0.8480851165894125
260.0,64,bench_64_front,-9.417489568434082,-3.943232536399062,0.3197568484803862,-0.7850640919531964,0.847685124692185
260.0,65,bench_65_front,-9.91616162354018,-2.370392358441795,0.1889299238567302,-0.8259503402774022,0.8472829991997163
260.0,66,bench_66_front,-10.154586802569733,-0.737710011118559,0.05309639915601823,-0.845212603985528,0.8468787242216752
260.0,67,bench_67_front,-10.126146498861859,0.912048566015502,-0.08419081158911097,-0.8422750325613461,0.846472281431737
260.0,68,bench_68_front,-9.83121782472478,2.535479654369282,-0.2193182834478547,-0.8171433155849842,0.8460636546145536
260.0,69,bench_69_front,-9.277216550568603,4.089691879725699,-0.3487077999333573,-0.7704100045449966,0.8456528276056221
260.0,70,bench_70_front,-8.478444083971532,5.533456176403975,-0.4689124323947486,-0.7032434988842461,0.8452397813504262
260.0,71,bench_71_front,-7.455755287917259,6.828300459239323,-0.5767083800234765,-0.6173620282924185,0.8448244963107021
260.0,72,bench_72_front,-6.2360673637791795,7.93953784515397,-0.6691820940815398,-0.5149940773979254,0.844407232793689
260.0,73,bench_73_front,-4.851651035025005,8.837256413968998,-0.7438120952672477,-0.3988211758346354,0.8439874189583482
260.0,74,bench_74_front,-3.3393373773366486,9.497118763808905,-0.7985400866721266,-0.27191205755983366,0.8435653128648366
260.0,75,bench_75_front,-1.7395505700157494,9.901071805243678,-0.8318298722328306,-0.13764314872161382,0.8431408973172204
260.0,76,bench_76_front,-0.09523249479262685,10.03787870901551,-0.8427140614687236,0.0003908482559100701,0.8427141521058436
260.0,77,bench_77_front,1.549279909254298,9.9034654906603,-0.8308250973117502,0.13847106591893263,0.8422853307637529
260.0,78,bench_78_front,3.14946080898393,9.501084746182665,-0.7964100649667388,0.27285417693254266,0.841854140246314
260.0,79,bench_79_front,4.661797792106092,8.84127659576871,-0.740330562282056,0.3998740063322648,0.8414205621382694
260.0,80,bench_80_front,6.044972021516989,7.941640780767041,-0.6640440315321676,0.51604319592112,0.840984575286597
260.0,81,bench_81_front,7.261013533238089,6.826407681786203,-0.5695695854948963,0.6181487520082263,0.8405458894850154
260.0,82,bench_82_front,8.276374114068693,5.525812531420391,-0.4594382117948249,0.7033438213913195,0.8401047562932678
260.0,83,bench_83_front,9.06286543714029,4.075322786757735,-0.3366273478766484,0.7692290535906953,0.8396614247579215
260.0,84,bench_84_front,9.598487508915605,2.514684023129821,-0.20448270691910714,0.8139223875623076,0.8392156042424931
260.0,85,bench_85_front,9.868074372709062,0.8868581288818687,-0.06662896282488306,0.8361166898655105,0.838767272703685
260.0,86,bench_86_front,9.863764352540807,-0.7631331553443067,0.07312724881361721,0.8351208350762833,0.8383164102518557
260.0,87,bench_87_front,9.58527516569891,-2.3894618820542366,0.21090260468692237,0.8108847291029558,0.8378627289455608
260.0,88,bench_88_front,9.039968728488088,-3.9467457072350647,0.34284501751886604,0.7640074231136083,0.8374067402464633
260.0,89,bench_89_front,8.242698326718621,-5.3913418998140274,0.4652408373219704,0.69572492956956,0.8369481551067649
260.0,90,bench_90_front,7.215454601389082,-6.68256423203819,0.5746205934534698,0.6078828804963177,0.8364869531686183
260.0,91,bench_91_front,5.986783190053155,-7.783873130381371,0.6678600557893364,0.5028892407691175,0.8360231112835786
260.0,92,bench_92_front,4.591061184788698,-8.663903007227818,0.74227098677491,0.3836516955897958,0.8355566057046787
260.0,93,bench_93_front,3.06752489047258,-9.297427127126301,0.7956810127882594,0.2535009217122825,0.8350874154366877
260.0,94,bench_94_front,1.4592411727425292,-9.666089065162884,0.8265012013160444,0.11609833721315592,0.8346155160794246
260.0,95,bench_95_front,-0.1881430805132973,-9.758999193187336,0.8337761866815729,-0.024663501075966023,0.8341408860393964
260.0,96,bench_96_front,-1.8276369831778247,-9.573087577706701,0.8172180913358268,-0.16477213408713345,0.8336637601444601
260.0,97,bench_97_front,-3.412272495870014,-9.11325722225307,0.7772199722973484,-0.3002066221341878,0.833183594000212
260.0,98,bench_98_front,-4.896433056981371,-8.39230610206374,0.714852712479703,-0.4270554535485509,0.832700883237881
260.0,99,bench_99_front,-6.237197655145219,-7.430613732243311,0.631839074298979,-0.5416288044519619,0.8322153432994687
260.0,100,bench_100_front,-7.3955930284345035,-6.255609780763578,0.5305108096117819,-0.6405681623524129,0.831726691729017
260.0,101,bench_101_front,-8.337746815693915,-4.901042990473993,0.4137468974951231,-0.7209478670524305,0.831235419237107
260.0,102,bench_102_front,-9.035926398969776,-3.4060346168198254,0.2848945441950089,-0.7803628070719333,0.8307412424896631
260.0,103,bench_103_front,-9.46938697442613,-1.8139845508470116,0.14767598218545325,-0.8170049745440637,0.8302441352663591
260.0,104,bench_104_front,-9.625033132553675,-0.17134314260569028,0.00608384305747971,-0.8297217694266397,0.8297440736798437
260.0,105,bench_105_front,-9.497867272214869,1.473746716863815,-0.13573516363011023,-0.8180566314130061,0.8292410306084038
260.0,106,bench_106_front,-9.091195202789418,3.072844199529472,-0.2736001979655717,-0.7822688775586212,0.8287349788223163
260.0,107,bench_107_front,-8.416593192810987,4.578640453061661,-0.40341976395817836,-0.723332993508444,0.8282258903523597
260.0,108,bench_108_front,-7.493636603317353,5.946359120508581,-0.5213131320190512,-0.6429172995242356,0.8277137401560085
260.0,109,bench_109_front,-6.349373377024364,7.135125776310333,-0.6237295419360137,-0.5433404245137992,0.8271984999953427
260.0,110,bench_110_front,-5.017578868079313,8.109207649671195,-0.7075566395072801,-0.4275086644643574,0.8266801414712547
260.0,111,bench_111_front,-3.5378069967370394,8.839120543983329,-0.770217819278814,-0.2988354178744418,0.8261586385863214
260.0,112,bench_112_front,-1.954235683152266,9.302573655467533,-0.8097558627000936,-0.1611424305527307,0.8256339625412792
260.0,113,bench_113_front,-0.31437766289594665,9.48519176556612,-0.824897577308042,-0.018548076765775745,0.82510608057412
260.0,114,bench_114_front,1.3323264084230038,9.381011862113779,-0.8150990018667459,0.1246511267536828,0.8245752156384086
260.0,115,bench_115_front,2.9359914174360804,8.992730992360675,-0.7805689249444828,0.26411258966533363,0.8240408403766858
260.0,116,bench_116_front,4.447787704226188,8.331699675077191,-0.72227134441442,0.39557753230825726,0.8235031748750602
260.0,117,bench_117_front,5.821462075682979,7.417640594312181,-0.6419022763829829,0.5150035265612762,0.8229624321900767
260.0,118,bench_118_front,7.014767395113311,6.278106887743321,-0.5418456173197755,0.6186883273101478,0.8224183359814379
260.0,119,bench_119_front,7.990766776116505,4.947727713831427,-0.4251067691707127,0.7033888942704275,0.821870854683226
260.0,120,bench_120_front,8.719056661853424,3.467158494734142,-0.2952261911915296,0.7664254475716759,0.8213199563208612
260.0,121,bench_121_front,9.176729036334944,1.8819015247647897,-0.15617571960478788,0.8057697769539882,0.8207653677187856
260.0,122,bench_122_front,9.349151253715435,0.2409393592539422,-0.01223905431937795,0.8201162223893498,0.8202075424408203
260.0,123,bench_123_front,9.230493499853788,-1.4047917877109444,0.1321182792167918,0.808928094582807,0.8196462053279922
260.0,124,bench_124_front,8.823979249227364,-3.0039322306867593,0.2723872463041229,0.7724629477464884,0.819081081206456
260.0,125,bench_125_front,8.14186279763751,-4.506335137697455,0.404155411770749,0.7117733550973601,0.8185126180396588
260.0,126,bench_126_front,7.20511642993596,-5.8646440444342804,0.5232466973717392,0.6286808602189894,0.8179405420420979
260.0,127,bench_127_front,6.042843810762688,-7.035805309368672,0.6258564108397086,0.5257271158462334,0.8173648189915939
260.0,128,bench_128_front,4.691426210241682,-7.982468381027307,0.7086753676740047,0.406100523691895,0.8167854137352828
260.0,129,bench_129_front,3.193431685148449,-8.674216832896754,0.7689996638484494,0.27354216231424344,0.8162020568232967
260.0,130,bench_130_front,1.5963095362138449,-9.088597256073092,0.8048247858520551,0.1322315967409319,0.815615185671811
260.0,131,bench_131_front,-0.0490812924768824,-9.211902861798798,0.8149153007707433,-0.013342785746151664,0.8150245256197747
260.0,132,bench_132_front,-1.6900648645401697,-9.039690455144935,0.7988533107539748,-0.15852343297833557,0.8144300405227102
260.0,133,bench_133_front,-3.2738600579497192,-8.576999530717751,0.757060476541977,-0.29863264963615155,0.8138316930242233
260.0,134,bench_134_front,-4.749248972011749,-7.838269653901531,0.6907932612327056,-0.4291232945488188,0.8132294459062271
260.0,135,bench_135_front,-6.068260823431453,-6.8469557105553935,0.6021110372086476,-0.5457278297472156,0.8126232615973279
260.0,136,bench_136_front,-7.187759667280071,-5.634843083765542,0.49381753302676684,-0.6446002806792643,0.8120131019733784
260.0,137,bench_137_front,-8.07089301596051,-4.241082885809235,0.36937713522375987,-0.7224463668145504,0.8113989283636353
260.0,138,bench_138_front,-8.688352380612342,-2.7109744405846037,0.23280834577152204,-0.7766373800885376,0.8107807015535459
260.0,139,bench_139_front,-9.0194023104264,-1.0945228886558709,0.08855724060806316,-0.8053040332250468,0.8101586084172911
260.0,140,bench_140_front,-9.052633005137892,0.555141649051446,-0.058643882896643865,-0.807405456294403,0.8095323809800127
260.0,141,bench_141_front,-8.78642656164724,2.183529449576188,-0.20393187250358072,-0.78277340057472,0.8089019750687519
260.0,142,bench_142_front,-8.229096726540934,3.736549949724878,-0.3424704457881731,-0.7321268617068959,0.8082671265560281
260.0,143,bench_143_front,-7.398694129941504,5.162354906671781,-0.469614166921004,-0.6570582564568367,0.8076280196668555
260.0,144,bench_144_front,-6.322493439753604,6.413065032483737,-0.581065401701475,-0.5599888576660039,0.806984833664532
260.0,145,bench_145_front,-5.036152383289674,7.4464244066231435,-0.6730212674648011,-0.4440970837099358,0.8063373030063765
260.0,146,bench_146_front,-3.5826086179741106,8.227254902694812,-0.7423093286054374,-0.31321901900394666,0.8056856044391323
260.0,147,bench_147_front,-2.0106646199994604,8.72873269508764,-0.7865002793954552,-0.17172582049036642,0.8050294695923986
260.0,148,bench_148_front,-0.37339807848943574,8.93335640927313,-0.8039990312645063,-0.024381456771605237,0.8043686329715812
260.0,149,bench_149_front,1.273584145075456,8.833629033919474,-0.794108882832705,0.12381451567059099,0.803703273655489
260.0,150,bench_150_front,2.8740599996082214,8.432409593758013,-0.7570647014059133,0.267797661983043,0.8030333429431238
260.0,151,bench_151_front,4.3730859132004065,7.742906747668489,-0.6940353160588689,0.40261018557018263,0.8023590103325262
260.0,152,bench_152_front,5.7189158552550134,6.788314779370205,-0.6070933265459383,0.5235725231614514,0.8016797952713177
260.0,153,bench_153_front,6.864800719354528,5.601112084735636,-0.4991542444497738,0.6264498538755726,0.8009958671384958
260.0,154,bench_154_front,7.770664304631564,4.222019731837407,-0.37388417056374973,0.7076033829245333,0.8003073912718704
260.0,155,bench_155_front,8.404563834460633,2.6986493605531794,-0.2355802227862025,0.7641234654630414,0.7996141018261527
260.0,156,bench_156_front,8.743869849336264,1.083912583670396,-0.08902789353246414,0.7939397887491612,0.7989157364740606
260.0,157,bench_157_front,8.776146634367983,-0.5657736337154656,0.0606611347470184,0.7959043259040156,0.798212671699417
260.0,158,bench_158_front,8.499691202641595,-2.192446432036284,0.20822735269204032,0.7698409044204025,0.7975046385620329
260.0,159,bench_159_front,7.923690328726723,-3.738639376530869,0.3484448049539216,0.7165633620610062,0.7967915875230794
260.0,160,bench_160_front,7.067994136949694,-5.149414563836936,0.476309242755064,0.6378579777423657,0.7960736740424738
260.0,161,bench_161_front,5.962518976683238,-6.374331052458219,0.5872182561656989,0.5364298818883979,0.795350425005912
260.0,162,bench_162_front,4.646265005544601,-7.369305672126099,0.6771403418629867,0.41581895747593894,0.7946222045567938
260.0,163,bench_163_front,3.166008409055184,-8.098243564532376,0.7427669253487389,0.2802795664186465,0.7938887458226395
260.0,164,bench_164_front,1.574701626087183,-8.534411829092031,0.781638984418439,0.13463808337427283,0.793149995560352
260.0,165,bench_165_front,-0.07039675618038671,-8.661502497489042,0.7922468178639454,-0.015877112167768527,0.7924058954262868
260.0,166,bench_166_front,-1.7097458063177204,-8.474317638878189,0.7740953400970492,-0.16581990285423784,0.7916563874197915
260.0,167,bench_167_front,-3.2836704839008144,-7.979066683523215,0.7277340428258441,-0.30972278995215724,0.7909014121263127
260.0,168,bench_168_front,-4.734530587250247,-7.1932553977227895,0.6547495885847665,-0.44229587394161146,0.7901409139246587
260.0,169,bench_169_front,-6.008881229441965,-6.145140587919847,0.5577184502747251,-0.5586257675073101,0.7893748272525367
260.0,170,bench_170_front,-7.059447211475903,-4.872813739970623,0.44012528143510954,-0.6543581422414297,0.7886030951473558
260.0,171,bench_171_front,-7.846956799537199,-3.422875816918969,0.30624296153629177,-0.7258683210318256,0.787825850659954
260.0,172,bench_172_front,-8.34167312176184,-1.8487827651846505,0.16098357382446943,-0.7704027513396855,0.7870426356386645
260.0,173,bench_173_front,-8.524584695387672,-0.20895286861343956,0.009723616839817217,-0.786193458700598,0.7862535871002793
260.0,174,bench_174_front,-8.388236075180593,1.4354079201294325,-0.14189435709910742,-0.7725356045576458,0.7854586360119903
260.0,175,bench_175_front,-7.9371186836938445,3.022538926351406,-0.2881681741736102,-0.7298267892937067,0.7846579120720779
260.0,176,bench_176_front,-7.187618379704802,4.4924858230169,-0.4235527412720648,-0.6595647843624257,0.7838511525858298
260.0,177,bench_177_front,-6.16751808938376,5.789360779462097,-0.5428712049923379,-0.5643047226462896,0.7830382910246081
260.0,178,bench_178_front,-4.91504912677427,6.863523720017096,-0.6415171535015279,-0.4475739194179303,0.7822190687907262
260.0,179,bench_179_front,-3.47754956935491,7.673525974667154,-0.7156377566874863,-0.313749689724531,0.7813937973895987
260.0,180,bench_180_front,-1.9097393856907272,8.187791657151335,-0.7622907441622044,-0.16789933140255198,0.7805622102823012
260.0,181,bench_181_front,-0.271677561372129,8.385935281218924,-0.7795684249423452,-0.015596509598281672,0.7797244258574552
260.0,182,bench_182_front,1.3734834391700976,8.259657587708418,-0.7666847703002586,0.13729094053400961,0.7788801829312858
260.0,183,bench_183_front,2.9619350316788826,7.813195240110333,-0.7240196663801495,0.28482499580736514,0.7780294053195473
260.0,184,bench_184_front,4.431672752907867,7.063287716893965,-0.6531182918714259,0.42122744469895795,0.7771718364330135
260.0,185,bench_185_front,5.724967667475221,6.038640290069533,-0.5566453997531478,0.5411096414281207,0.7763077644290381
260.0,186,bench_186_front,6.790643526683757,4.7789397027800185,-0.43829379472618585,0.6396881910320912,0.7754369298926825
260.0,187,bench_187_front,7.586190806608951,3.333389278964941,-0.3026512587512561,0.7129826452533222,0.7745592532893429
260.0,188,bench_188_front,8.079532239961052,1.7588639764820697,-0.15502965402524863,0.757983031891103,0.7736746540129237
260.0,189,bench_189_front,8.250409055035737,0.1177341994413194,-0.00126274367229271,0.7727820213868353,0.77278305306231
260.0,190,bench_190_front,8.091318162599515,-1.5245807286614388,0.152522026080191,0.756665385621286,0.7718843658456984
260.0,191,bench_191_front,7.607948070188543,-3.1021873343560484,0.3001450499058532,0.7101556723010154,0.7709786831581624
260.0,192,bench_192_front,6.819083795535921,-4.551395087374652,0.4356239583325904,0.6350061011935451,0.770065569692855
260.0,193,bench_193_front,5.756002694659649,-5.813277396562458,0.5534184601185811,0.5341464971370025,0.7691452869281273
260.0,194,bench_194_front,4.4613198490826385,-6.836157136972393,0.6486618438276748,0.4115775152227311,0.7682175724850585
260.0,195,bench_195_front,2.9873777010732305,-7.577773350786937,0.7173687078242184,0.27222108233353903,0.7672823343673646
260.0,196,bench_196_front,1.3942179066644915,-8.007114619300877,0.7566093669269472,0.1217311499330986,0.7663394854668721
260.0,197,bench_197_front,-0.25282442780301084,-8.105828727107134,0.7646452632969701,-0.03373186218780806,0.7653889319876203
260.0,198,bench_198_front,-1.885756328417893,-7.869113769340774,0.7410157889704724,-0.18774906273459607,0.7644305789679341
260.0,199,bench_199_front,-3.43671957938884,-7.306068256136528,0.6865745189170619,-0.3339063783650543,0.7634644978904139
260.0,200,bench_200_front,-4.840825351336834,-6.439466493702145,0.6034697922334866,-0.4660642178711747,0.7624904230993313
260.0,201,bench_201_front,-6.038906079564898,-5.304957505554769,0.495072274632836,-0.5786175500711004,0.7615082575786112
260.0,202,bench_202_front,-6.980072484522689,-3.949707487422551,0.365848512535743,-0.6667400889430276,0.7605179027007661
260.0,203,bench_203_front,-7.623960659361468,-2.4305272907248523,0.2211853576312021,-0.7265992945488037,0.7595192540477574
260.0,204,bench_204_front,-7.9425576312693105,-0.8115739418013167,0.06717335067499378,-0.7555319372211834,0.7585122063632859
260.0,205,bench_205_front,-7.921538519538318,0.8382927750901336,-0.08964338871540661,-0.75217368451756,0.7574966592804904
260.0,206,bench_206_front,-7.561040702787055,2.4484285007428364,-0.242544695595503,-0.7165353793445155,0.7564726559591589
260.0,207,bench_207_front,-6.87581936073049,3.9494146649558037,-0.3849194574008889,-0.6500203885304647,0.755439934204627
260.0,208,bench_208_front,-5.894772072053861,5.276083447106436,-0.5105555092334475,-0.5553825370396621,0.754398230682732
260.0,209,bench_209_front,-4.659856133719235,6.370381380810349,-0.613915322840213,-0.43662430548531017,0.7533477336254039
260.0,210,bench_210_front,-3.224399377503777,7.18400220505476,-0.6903857081600246,-0.29883956524913957,0.7522881840025892
260.0,211,bench_211_front,-1.6509073214799062,7.680609581471768,-0.736495872751547,-0.1480017021149314,0.7512194582204189
260.0,212,bench_212_front,-0.008389367952538695,7.8375892078064116,-0.7500841194522069,0.009285202415085769,0.7501415874608485
260.0,213,bench_213_front,1.630592507042099,7.647199286524276,-0.730412285613641,0.1660729948932513,0.7490543015083465
260.0,214,bench_214_front,3.1931193086087664,7.117098427600626,-0.678218377297263,0.3153731538302805,0.7479574810512896
260.0,215,bench_215_front,4.609178721860408,6.270182001386904,-0.595703025683134,0.450470981832465,0.7468508554464844
260.0,216,bench_216_front,5.814834088187603,5.143736294162566,-0.48645147958113366,0.5652300640169935,0.7457345823115143
260.0,217,bench_217_front,6.755188870257527,3.7879210805659564,-0.3552904499060793,0.6543778408440015,0.7446083953207361
260.0,218,bench_218_front,7.38697070391561,2.2636670375654315,-0.20808458231518423,0.7137589639330075,0.7434722940311932
260.0,219,bench_219_front,7.680657683545243,0.640017055329273,-0.051485184505620916,0.740538439376515,0.7423260095253178
260.0,220,bench_220_front,7.621991762900875,-1.0089411055872426,0.10736613250386817,0.7333516178422689,0.7411694015545376
260.0,221,bench_221_front,7.212820213122806,-2.607400877066854,0.26115765184611994,0.6923872755560518,0.7400023368001694
260.0,222,bench_222_front,6.471210185766844,-4.081341140221745,0.4027460232025928,0.619400953007263,0.7388246745959485
260.0,223,tail_rear,5.430802698392245,-5.361984484032687,0.5254910781299545,0.5176547014175904,0.7376362674746386
270.0,0,head_front,-3.721182163044747,10.52900736095986,-0.8242996999021519,-0.28322325148961214,0.8715993376793754
270.0,1,bench_1_front,-0.9201226828314895,11.106687084695475,-0.868732643567904,-0.06428988470239405,0.8711082569207608
270.0,2,bench_2_front,0.7298744941506706,11.107802901826759,-0.8684112188589659,0.0647395498547008,0.8708210231474112
270.0,3,bench_3_front,2.3619125112319788,10.865001087660715,-0.8490021851410166,0.19241063311557777,0.8705323440919116
270.0,4,bench_4_front,3.940041181971393,10.38334398942178,-0.8108794109121881,0.31590645318095695,0.8702426708698381
270.0,5,bench_5_front,5.429393438509438,9.673175248401723,-0.7548308764482445,0.43248783887403663,0.869951368073848
270.0,6,bench_6_front,6.7969222107820535,8.74993462904166,-0.6820465985413535,0.5395542257718814,0.8696587406161824
270.0,7,bench_7_front,8.01217048639187,7.633839578718558,-0.5940939720585326,0.6347026651634667,0.8693647800560431
270.0,8,bench_8_front,9.047964590011478,6.349456127465947,-0.4928853523456776,0.7157833355551443,0.8690694759427298
270.0,9,bench_9_front,9.881018935496114,4.92520005548786,-0.38063959787856216,0.7809483015923409,0.8687731310492488
270.0,10,bench_10_front,10.492506038746876,3.39268625857817,-0.25983301842448675,0.8286955804787883,0.8684754242744326
270.0,11,bench_11_front,10.868475300914866,1.7860906882017402,-0.13314681024105854,0.8579053307570605,0.8681760360772174
270.0,12,bench_12_front,11.000216606255723,0.14135385715236948,-0.003408824426626422,0.8678688829931499,0.8678755775753512
270.0,13,bench_13_front,10.884476820207828,-1.5045866412235958,0.12646998909368506,0.8583061905127025,0.8675737287480438
270.0,14,bench_14_front,10.523570753096356,-3.1146340753331967,0.2535599550918637,0.8293762107280376,0.867270171139182
270.0,15,bench_15_front,9.92536169933587,-4.652370631706365,0.37497884151638505,0.7816777272259386,0.8669655130546308
270.0,16,bench_16_front,9.103111432812597,-6.082893174287917,0.4879577817074797,0.71623723755627,0.8666594355288132
270.0,17,bench_17_front,8.075217314153072,-7.373598966544254,0.5899048378561218,0.6344903049979532,0.8663519289887066
270.0,18,bench_18_front,6.864816339166956,-8.494955000574539,0.6784655588042715,0.5382517400060955,0.8660429839812698
270.0,19,bench_19_front,5.49930867065862,-9.421169572599176,0.7515790360552169,0.42967647002780474,0.8657325893907679
270.0,20,bench_20_front,4.009724248992083,-10.13083465557365,0.8075264908576616,0.3112137784468413,0.8654207354414665
270.0,21,bench_21_front,2.4300486996775077,-10.607423254149989,0.844973893834523,0.1855531024633655,0.8651074124613983
270.0,22,bench_22_front,0.7964828912651833,-10.839697677705775,0.8630057817106275,0.05556327429357011,0.8647926090781498
270.0,23,bench_23_front,-0.8534199402738718,-10.822013226198571,0.8611492627871146,-0.07577101595113071,0.8644763152666806
270.0,24,bench_24_front,-2.481580921957741,-10.554473781226935,0.8393887528037883,-0.20541779682486333,0.8641585210977671
270.0,25,bench_25_front,-4.0502942307386745,-10.042964728144318,0.7981695195400215,-0.33036810347654993,0.863838911902816
270.0,26,bench_26_front,-5.523083002199208,-9.29905588546919,0.7383922880752998,-0.4477056095508295,0.8635180854575984
270.0,27,bench_27_front,-6.865567938009174,-8.339767691522887,0.6613933638617809,-0.5546757217915838,0.8631954228941535
270.0,28,bench_28_front,-8.04628930446462,-7.187199536422676,0.56891969598032,-0.648750829688435,0.8628715196921106
270.0,29,bench_29_front,-9.037437093506126,-5.868066198595016,0.4630890180654933,-0.7276910535967749,0.8625460614585444
270.0,30,bench_30_front,-9.815559719241,-4.413062076593375,0.34634458949197755,-0.7895993252356519,0.8622190377641654
270.0,31,bench_31_front,-10.362106048723241,-2.8562120557659085,0.2213989778781734,-0.832969156754227,0.861890435907806
270.0,32,bench_32_front,-10.663918901056775,-1.2340508360153841,0.09117382649039803,-0.8567224694738673,0.8615602453330252
270.0,33,bench_33_front,-10.713566919342016,0.4151989079870211,-0.041268325963584915,-0.8602391397062963,0.8612284552953794
270.0,34,bench_34_front,-10.509559549250248,2.052540202268414,-0.17279558566665262,-0.8433753499702332,0.8608950547908234
270.0,35,bench_35_front,-10.056419329913506,3.639100100720259,-0.3002812088093313,-0.8064705589447068,0.8605600309150901
270.0,36,bench_36_front,-9.364614913960015,5.1370675129763494,-0.4206773616349583,-0.7503431245882138,0.8602233705317203
270.0,37,bench_37_front,-8.450342009701409,6.510610519601318,-0.5310871749153183,-0.6762756365099241,0.8598850643524615
270.0,38,bench_38_front,-7.335189296034039,7.726718748808962,-0.6288381204559279,-0.5859866855727938,0.8595450991118105
270.0,39,bench_39_front,-6.04562377515154,8.756053392350024,-0.7115459584307383,-0.4815941658339778,0.8592034634034262
270.0,40,bench_40_front,-4.612425542903724,9.573631593414405,-0.7771756020869984,-0.3655664502024127,0.8588601434418072
270.0,41,bench_41_front,-3.069939021973365,10.159489074925704,-0.8240919627542699,-0.2406671173425207,0.8585151276746051
270.0,42,bench_42_front,-1.4552885331244232,10.499177657993377,-0.8511035360628358,-0.1098898590401535,0.8581684043464475
270.0,43,bench_43_front,0.19251970497559842,10.584157194195233,-0.8574949038291411,0.023612986654552692,0.8578199596836715
270.0,44,bench_44_front,1.8335145884460282,10.412037371477286,-0.8430477538435184,0.1566043148033566,0.8574697817857084
270.0,45,bench_45_front,3.4277467585185115,9.986676073903675,-0.8080506024674762,0.2858412970900586,0.8571178584478206
270.0,46,bench_46_front,4.9362417613324725,9.318128137296055,-0.753295550000047,0.4081551992284873,0.8567641754340103
270.0,47,bench_47_front,6.321972638951817,8.422440510923597,-0.6800634293267611,0.5205287009396187,0.8564090123355554
270.0,48,bench_48_front,7.550785277131607,7.321292963288343,-0.5900958907696552,0.620170922723289,0.8560520624907626
270.0,49,bench_49_front,8.592250332852121,6.0415038690786,-0.48555696893359296,0.7045885159613625,0.8556930214186705
270.0,50,bench_50_front,9.420434928285347,4.614410791901145,-0.368982592444394,0.7716508036089651,0.8553321671943289
270.0,51,bench_51_front,10.014588424762044,3.0751008176993824,-0.24322123962783157,0.8196439780205372,0.8549694860703685
270.0,52,bench_52_front,10.359672579191688,1.4615933157930199,-0.11136613902551118,0.8473176674198548,0.8546049651407797
270.0,53,bench_53_front,10.446783120138731,-0.18610816394727048,0.02332049405013157,0.8539204989878485,0.8542388799594633
270.0,54,bench_54_front,10.2734077382555,-1.8269781226595834,0.15748652312562839,0.8392216988830032,0.8538706370652835
270.0,55,bench_55_front,9.843536079100462,-3.4199991967629018,0.28777438013265244,0.8035231931602089,0.8535008001209553
270.0,56,bench_56_front,9.167598371901537,-4.925198194281237,0.4109032637945081,0.7476544783212006,0.8531287775891314
270.0,57,bench_57_front,8.262251213918889,-6.304639684853379,0.5237541022836976,0.6729579961336327,0.852754844148772
270.0,58,bench_58_front,7.14999965503657,-7.523404907848125,0.6234490120182528,0.5812587663511921,0.8523792724172997
270.0,59,bench_59_front,5.858658110403945,-8.550501779915537,0.7074257255858005,0.47482190375319444,0.8520017590970127
270.0,60,bench_60_front,4.420685161902682,-9.35966534658443,0.7735059042989603,0.3562992237875039,0.8516222876703792
270.0,61,bench_61_front,2.8724127787023654,-9.930049109389216,0.8199525340907335,0.2286664209797661,0.8512405595632243
270.0,62,bench_62_front,1.2531007590801897,-10.246814360334445,0.8455203739005983,0.09514805734728685,0.8508571298978285
270.0,63,bench_63_front,-0.395988526037387,-10.301528774061973,0.8494895497896391,-0.04086093777384545,0.8504716993748598
270.0,64,bench_64_front,-2.032682665561241,-10.092439669293588,0.8316897318863722,-0.17588331040267075,0.8500839658548018
270.0,65,bench_65_front,-3.6149544025976534,-9.62455587270646,0.7925098704773066,-0.30644546040723397,0.8496944833339564
270.0,66,bench_66_front,-5.101996150261042,-8.909570101234255,0.732891422247912,-0.429168575394165,0.8493029511961113
270.0,67,bench_67_front,-6.45529907032807,-7.965597870942156,0.6543096785925371,-0.5408566656352182,0.8489093522054727
270.0,68,bench_68_front,-7.639649203678058,-6.816760680521578,0.5587405310798975,-0.6385800412684783,0.8485136711791375
270.0,69,bench_69_front,-8.624073698865475,-5.492599537444541,0.44861333634423406,-0.7197545709466979,0.8481158929913825
270.0,70,bench_70_front,-9.38268198777498,-4.027332294528761,0.32675063307552665,-0.7822125286494527,0.8477159997259862
270.0,71,bench_71_front,-9.895366642294514,-2.458998485085468,0.196298280899745,-0.8242620661957865,0.8473139730073748
270.0,72,bench_72_front,-10.148366774806474,-0.8285135668256062,0.06064779133681961,-0.8447354934247502,0.846909799474295
270.0,73,bench_73_front,-10.134685847711985,0.8214329743109611,-0.07665464552184584,-0.8430256049267685,0.8465034584939531
270.0,74,bench_74_front,-9.854311856404419,2.4474420412900093,-0.2119963644207353,-0.8191057189141819,0.8460949339675354
270.0,75,bench_75_front,-9.314274406808805,4.006563643697698,-0.34179463954402844,-0.773536170532687,0.8456842098226776
270.0,76,bench_76_front,-8.528502012887353,5.4574479018227295,-0.46259283096214476,-0.7074541594279253,0.8452712670790625
270.0,77,bench_77_front,-7.51750661201908,6.761434935050478,-0.5711518077178799,-0.6225491332689882,0.8448560888064727
270.0,78,bench_78_front,-6.307877218250781,7.883616931422322,-0.6645393975931697,-0.5210221040661056,0.8444386560780863
270.0,79,bench_79_front,-4.931622191925328,8.793785083546416,-0.740211002406971,-0.40553190431461583,0.8440192257889458
270.0,80,bench_80_front,-3.4253381179027276,9.467282276999352,-0.796080760128439,-0.27912751576483064,0.8435975027841885
270.0,81,bench_81_front,-1.8292677430326543,9.88569541768366,-0.8305821119785698,-0.14517021405412842,0.8431731944193334
270.0,82,bench_82_front,-0.1862520032226059,10.037396220839309,-0.8427156802093261,-0.007246056887958962,0.8427468320979266
270.0,83,bench_83_front,1.4594155680453353,9.917909917734368,-0.8320796525960013,0.13093054858285846,0.8423178478558379
270.0,84,bench_84_front,3.063188217797801,9.530085331146958,-0.798887742263949,0.26561485119990424,0.8418864970514357
270.0,85,bench_85_front,4.581465217757289,8.884066692571322,-0.7439677925957469,0.3931344162788066,0.8414527590320601
270.0,86,bench_86_front,5.972776835960726,7.9970755121655595,-0.6687454501617418,0.5099886959490474,0.8410166152388671
270.0,87,bench_87_front,7.1989483877551805,6.892984531549684,-0.5752105280875085,0.6129475950335995,0.8405783163276245
270.0,88,bench_88_front,8.226153389238844,5.601723605151812,-0.46586659391623686,0.6991416156298882,0.8401372995128155
270.0,89,bench_89_front,9.025890798121859,4.158487010408864,-0.34366898237981874,0.7661447572527568,0.8396940862694376
270.0,90,bench_90_front,9.575795778959565,2.6028188248637543,-0.2119448795635018,0.8120448065395227,0.8392481157565969
270.0,91,bench_91_front,9.860312689164312,0.9775352728602107,-0.0743063452843491,0.8355021521964293,0.838799904193117
270.0,92,bench_92_front,9.871169475147823,-0.6724314543591151,0.06544682850538588,0.8357906638475822,0.8383491642127374
270.0,93,bench_93_front,9.607663054456625,-2.3012540846395484,0.20343398380825609,0.8128247685911024,0.8378958707400801
270.0,94,bench_94_front,9.07673483177896,-3.863502566675331,0.3357968125416532,0.7671676903762608,0.8374400064902443
270.0,95,bench_95_front,8.292836528066944,-5.315396213478181,0.45881242488131296,0.7000209045003665,0.8369815457720569
270.0,96,bench_96_front,7.277575032497094,-6.616062478304663,0.5689950517551201,0.6131974602642053,0.8365204684861474
270.0,97,bench_97_front,6.059158182466173,-7.728698991611729,0.6631989566593995,0.5090756673058241,0.8360567511580695
270.0,98,bench_98_front,4.671658781548381,-8.62163526589547,0.7387090783162004,0.39053830689036123,0.8355903730510305
270.0,99,bench_99_front,3.154080352609465,-9.269281041768863,0.7933231848221325,0.26089447639107954,0.8351213105817064
270.0,100,bench_100_front,1.5492918179984354,-9.65289026900192,0.8254188204827952,0.12379040615851747,0.8346498031294919
270.0,101,bench_101_front,-0.09715122088133774,-9.76114534999736,0.8340042503356735,-0.016892125710385564,0.8341753014139079
270.0,102,bench_102_front,-1.7383059351681232,-9.590541671590467,0.8187541802615008,-0.15714332019893193,0.8336980453250603
270.0,103,bench_103_front,-3.327166578623252,-9.145543089004677,0.7800249118840412,-0.2929399693354121,0.8332182719995634
270.0,104,bench_104_front,-4.818006856403986,-8.438519079233604,0.718849582369334,-0.42036125329622187,0.8327354353846943
270.0,105,bench_105_front,-6.167724941360039,-7.489443305557886,0.6369165632281013,-0.5357023195955645,0.8322497724447657
270.0,106,bench_106_front,-7.337098309307675,-6.325375624500609,0.5365255372572231,-0.6355840918680632,0.8317612577927048
270.0,107,bench_107_front,-8.291951546568479,-4.979731162384132,0.4205273678457825,-0.7170542185418977,0.8312701242292024
270.0,108,bench_108_front,-9.004183573048328,-3.4913686241282145,0.29224581190337606,-0.777676857205989,0.8307760882505272
270.0,109,bench_109_front,-9.452646285217098,-1.903482994234337,0.15538510792125873,-0.8156095212853884,0.8302791235332138
270.0,110,bench_110_front,-9.623809841246137,-0.26238243686843016,0.013925244120019498,-0.8296623495905902,0.8297792036150223
270.0,111,bench_111_front,-9.5122207265888,1.3838381436497458,-0.127991626242474,-0.8193395709938163,0.8292763043669606
270.0,112,bench_112_front,-9.120727432741859,2.986715999216935,-0.2661835301856366,-0.7848606749721725,0.8287701435620505
270.0,113,bench_113_front,-8.46045308763009,4.498851230408419,-0.39655030258855384,-0.7271616461901932,0.8282609505301486
270.0,114,bench_114_front,-7.550548503995306,5.875281611811728,-0.5151971440951664,-0.6478732969479649,0.8277486974813318
270.0,115,bench_115_front,-6.417661282903198,7.074894083373126,-0.618552085797249,-0.5492802210616377,0.8272336091417277
270.0,116,bench_116_front,-5.095226398643222,8.061634823447113,-0.7034755758384572,-0.43425853629507644,0.8267154057754041
270.0,117,bench_117_front,-3.622500722356315,8.80565506684143,-0.767359694500132,-0.3061955610541508,0.8261940585314095
270.0,118,bench_118_front,-2.0434391442503363,9.284245402482059,-0.8082113088747453,-0.16889245766790068,0.8256695356195072
270.0,119,bench_119_front,-0.4054064047820021,9.482577929275926,-0.8247175549537313,-0.026456907548227805,0.825141814117959
270.0,120,bench_120_front,1.2422246113219264,9.394216159958365,-0.8162937333796411,0.11682299906030665,0.8246108611122686
270.0,121,bench_121_front,2.849551691931164,9.02137757002049,-0.7831071873438159,0.256603687999582,0.8240766466564436
270.0,122,bench_122_front,4.367646681034772,8.37494114392466,-0.7260805192607733,0.38861780837259485,0.8235391438385385
270.0,123,bench_123_front,5.7500771780774365,7.474180020866146,-0.6468704127627549,0.5088077320880225,0.8229985656976649
270.0,124,bench_124_front,6.954340137818706,6.346233765496978,-0.5478239536618534,0.6134493769150442,0.8224543891567243
270.0,125,bench_125_front,7.943177082645421,5.0253598819674385,-0.431915026255376,0.6992712275230283,0.8219068314272274
270.0,126,bench_126_front,8.685790585575567,3.5519176734185582,-0.3026572875457666,0.763560093219829,0.821355860551585
270.0,127,bench_127_front,9.158837347931536,1.9711792462962405,-0.16400162153944225,0.8042502595063663,0.8208014447986943
270.0,128,bench_128_front,9.347214531560862,0.33196407893652324,-0.02021815065145103,0.8199945791928072,0.8202437951739432
270.0,129,bench_129_front,9.244596623861819,-1.3148467419649899,0.12423466199396149,0.8102131629456505,0.819682634103681
270.0,130,bench_130_front,8.853709183398264,-2.9178744950755666,0.26484620254071733,0.7751197774343053,0.8191179282435744
270.0,131,bench_131_front,8.18631262116616,-4.426873748334775,0.39719483372912656,0.7157232596680088,0.8185496444143803
270.0,132,bench_132_front,7.26291143061949,-5.794291096934173,0.5170875693429684,0.6338041148815607,0.8179775121663295
270.0,133,bench_133_front,6.112179727579895,-6.976798362138731,0.6206963826836011,0.5318665147759367,0.8174019751728087
270.0,134,bench_134_front,4.770125079969755,-7.936694919777791,0.7046819182110551,0.4130651421360908,0.8168227577029922
270.0,135,bench_135_front,3.2790075016350047,-8.643152843273198,0.7663046786710793,0.2811131290689597,0.8162398249829077
270.0,136,bench_136_front,1.6860463834656398,-9.073256820477823,0.8035189485166552,0.14016899440955197,0.815653141733112
270.0,137,bench_137_front,0.04195400023780324,-9.212803095883617,0.8150454936161378,-0.005291777519917806,0.8150626721751487
270.0,138,bench_138_front,-1.6006603462469016,-9.056828674624082,0.8004206558135987,-0.1506171166354807,0.8144683800348896
270.0,139,bench_139_front,-3.188964466598346,-8.609850302845356,0.7600195884468011,-0.2911270671381218,0.8138702255539818
270.0,140,bench_140_front,-4.671610271611147,-7.885799312507955,0.695053594722608,-0.42226250734665227,0.8132681751104619
270.0,141,bench_141_front,-6.000413926580355,-6.907645081654957,0.6075392376371705,-0.5397372371103099,0.8126624209302564
270.0,142,bench_142_front,-7.13193159077878,-5.706735695501437,0.5002409270205644,-0.6396782126401969,0.8120524618477248
270.0,143,bench_143_front,-8.028926822280743,-4.321847511413563,0.37658929707298505,-0.7187579044405119,0.8114384905004451
270.0,144,bench_144_front,-8.661645522074176,-2.7979776338215268,0.24057548827540187,-0.7743082497737998,0.8108204679377014
270.0,145,bench_145_front,-9.008856179175812,-1.184922665099252,0.09662559498503968,-0.8044160834055061,0.810198581119263
270.0,146,bench_146_front,-9.058624941504984,0.4643215953242864,-0.05054016179572396,-0.8079932275668884,0.809572333858004
270.0,147,bench_147_front,-8.808789542904156,2.0952934442595628,-0.19606106136911933,-0.7848229606024792,0.8089419134116035
270.0,148,bench_148_front,-8.267112663972283,3.653850124540921,-0.3350959561615495,-0.7355757740175023,0.8083075028460832
270.0,149,bench_149_front,-7.451122590654424,5.087955268147622,-0.46298393240353414,-0.6617966659274981,0.807668836031571
270.0,150,bench_150_front,-6.387601776538192,6.349472630497905,-0.5754043101779336,-0.5658627319197884,0.8070258679541009
270.0,151,bench_151_front,-5.111781005173763,7.395789036864224,-0.6685236168199055,-0.4509130188657878,0.8063785567762985
270.0,152,bench_152_front,-3.666217840580351,8.191311651643694,-0.7391313871239173,-0.3207499960172687,0.8057268565567391
270.0,153,bench_153_front,-2.099439132698988,8.70872166646944,-0.7847546054723058,-0.1797194498253679,0.8050707245053239
270.0,154,bench_154_front,-0.4643441996353616,8.929983177762152,-0.8037505447988444,-0.032568376464481144,0.8044101176700672
270.0,155,bench_155_front,1.1835681632953603,8.847040028431918,-0.7953718528483236,0.11571353311589234,0.8037449881955956
270.0,156,bench_156_front,2.788059535829706,8.462175145918357,-0.7598014709835668,0.26006084432226617,0.8030752879141543
270.0,157,bench_157_front,4.294054785554214,7.788036405763298,-0.6981575547350808,0.3955043615034867,0.8024011909275485
270.0,158,bench_158_front,5.649592720543126,6.847280518021192,-0.612463965730351,0.5173455298442354,0.8017222128443001
270.0,159,bench_159_front,6.807601097672682,5.671899602896909,-0.5055920091072836,0.6213207202988306,0.8010385241333885
270.0,160,bench_160_front,7.7275958262968505,4.302193564623387,-0.3811693554059641,0.7037545807131858,0.8003502904200073
270.0,161,bench_161_front,8.37715560652945,2.7854257482238123,-0.24346205470278298,0.7616941249439468,0.7996572466089618
270.0,162,bench_162_front,8.733104854316954,1.174281987271622,-0.09723256621406207,0.7930207166955975,0.7989593412940179
270.0,163,bench_163_front,8.782435705750018,-0.4749793570613896,0.05242157030752992,0.7965333984932375,0.7982565226471338
270.0,164,bench_164_front,8.522845216215789,-2.1044273291445816,0.20024274034412975,0.7720018397768948,0.797548741883176
270.0,165,bench_165_front,7.9629218640666135,-3.6565149158584678,0.3409990401368183,0.7201855167039657,0.7968359453767065
270.0,166,bench_166_front,7.1219422778276416,-5.0761090732701755,0.46966915236001683,0.64281792479086,0.796118079879489
270.0,167,bench_167_front,6.029286016400135,-6.3124775106288755,0.5816238081926863,0.5425563838439661,0.7953953004050275
270.0,168,bench_168_front,4.723491399920968,-7.321134306287359,0.6727959379133326,0.4228965392410009,0.7946671359598912
270.0,169,bench_169_front,3.250938909227558,-8.065512280849816,0.7398336768004331,0.28805770019407745,0.7939339443361448
270.0,170,bench_170_front,1.6642891979944605,-8.518330002994352,0.7802282698665015,0.14283868819262507,0.7931954638949118
270.0,171,bench_171_front,0.02061905355427182,-8.662683813423696,0.792415469277658,-0.007549652594982503,0.7924514327104444
270.0,172,bench_172_front,-1.6206110628287143,-8.492752458112214,0.7758435098192833,-0.15766807681312342,0.791702200435652
270.0,173,bench_173_front,-3.1996641883935637,-8.01411761712549,0.7310042102399213,-0.30204437329999684,0.7909475070007358
270.0,174,bench_174_front,-4.658746920116346,-7.243667183960393,0.659427423436622,-0.43537503938460437,0.7901872890014162
270.0,175,bench_175_front,-5.944111013164689,-6.209097021813341,0.5636379207188393,-0.5527192644546834,0.7894214913286709
270.0,176,bench_176_front,-7.008105348210343,-4.947979737807572,0.447072374298967,-0.6496885351104268,0.78865004946126
270.0,177,bench_177_front,-7.810972641989911,-3.5064870494873577,0.3139641766406851,-0.7226134557450455,0.7878729025911858
270.0,178,bench_178_front,-8.322414040421002,-1.9377481633496345,0.16919427907585605,-0.7686897554869059,0.7870899848572066
270.0,179,bench_179_front,-8.52280247501507,-0.29996576545938336,0.018118679749298483,-0.7860926499251526,0.7863014312731512
270.0,180,bench_180_front,-8.404033175252225,1.3457573812507229,-0.13362916062570634,-0.7740569453588714,0.7855067836930739
270.0,181,bench_181_front,-7.969935960695371,2.937626895751822,-0.2803448294000567,-0.7329194081153672,0.7847063668427362
270.0,182,bench_182_front,-7.23625161930993,4.415527877977959,-0.4164688378818274,-0.664118054503751,0.7838999191507083
270.0,183,bench_183_front,-6.230152539208524,5.723295728820344,-0.5367991317061278,-0.5701513156872965,0.7830873709749174
270.0,184,bench_184_front,-4.989326644306066,6.8108899751908245,-0.6366924594251386,-0.45449638499290457,0.7822686570868415
270.0,185,bench_185_front,-3.560656124636709,7.636361510135059,-0.7122505963653823,-0.32148615319803814,0.7814437015683953
270.0,186,bench_186_front,-1.9984995046679397,8.167556162550813,-0.7604766987653604,-0.17615609154427656,0.7806124377392512
270.0,187,bench_187_front,-0.3626826893454458,8.383443087216634,-0.7794037987131899,-0.024057022094245362,0.7797749814918363
270.0,188,bench_188_front,1.2837555733450097,8.275041326804343,-0.7681825397476361,0.1289542372017355,0.7789310686225129
270.0,189,bench_189_front,2.8769707712725077,7.845894191281586,-0.7271282493538302,0.2769367643597883,0.7780806272247336
270.0,190,bench_190_front,4.354804088226037,7.1120584118166565,-0.6577227828016177,0.4140980976846141,0.7772235801378649
270.0,191,bench_191_front,5.659214364001245,6.101611451012524,-0.5625709328885256,0.5350217598328962,0.7763596705301965
270.0,192,bench_192_front,6.738623491151093,4.85365798558543,-0.445312111224221,0.6348862867371843,0.7754891833481
270.0,193,bench_193_front,7.549986287929349,3.4169315807208873,-0.31048947502081126,0.7096617659406462,0.7746118616034069
270.0,194,bench_194_front,8.060615417238367,1.847934921533038,-0.1633796885887096,0.7562813699879387,0.7737276221217497
270.0,195,bench_195_front,8.249573273978088,0.20878787494421083,-0.009792650858641783,0.7727743370538954,0.7728363811441118
270.0,196,bench_196_front,8.10863540915073,-1.4351825331229373,0.1441532628592141,0.7583588891570787,0.7719380596631547
270.0,197,bench_197_front,7.642758953555399,-3.018048381313005,0.292275129460556,0.7134889462277924,0.7710325723926521
270.0,198,bench_198_front,6.870020391901581,-4.475920136824746,0.4285730216500915,0.6398515395331181,0.7701200085241203
270.0,199,bench_199_front,5.82103427620414,-5.749544439190817,0.5474764763561423,0.540313156817148,0.7692001037396248
270.0,200,bench_200_front,4.537826202452808,-6.786788068835461,0.644075807723809,0.41881905855331636,0.7682727705070402
270.0,201,bench_201_front,3.0722580596865923,-7.544815767835434,0.7143317790829019,0.2802455962344005,0.7673379208774439
270.0,202,bench_202_front,1.4840041849885706,-7.991958466840211,0.755252880823053,0.13021173336946243,0.7663954654736682
270.0,203,bench_203_front,-0.16182741548093169,-8.10913879585132,0.7650322248262468,-0.025143922499876827,0.7654453095168047
270.0,204,bench_204_front,-1.7973193232441906,-7.890792859815174,0.7431375229275868,-0.17940958360409537,0.7644875255175486
270.0,205,bench_205_front,-3.354524585024611,-7.345255642630644,0.6903492799174236,-0.3261644309507488,0.7635216855466065
270.0,206,bench_206_front,-4.768321110927382,-6.494564989419933,0.6087464137578824,-0.45924616951950076,0.7625478611086762
270.0,207,bench_207_front,-5.979159828407328,-5.373690671961248,0.5016350926932032,-0.5730139059203022,0.7615659542018404
270.0,208,bench_208_front,-6.935639222814642,-4.0291999368900715,0.3734253630416659,-0.6625929258501652,0.7605760232544031
270.0,209,bench_209_front,-7.5967563540316405,-2.5174339870137232,0.2294587904200192,-0.7240905355165194,0.7595778038658173
270.0,210,bench_210_front,-7.933776656395138,-0.9022223837654297,0.07579401686012581,-0.7547753056581551,0.758571351306622
270.0,211,bench_211_front,-7.931599935167857,0.7477786045169973,-0.08104364463279995,-0.753208729976736,0.7575562442806048
270.0,212,bench_212_front,-7.589555586235154,2.361933146776621,-0.23433559491597902,-0.7193250577463914,0.7565326891459979
270.0,213,bench_213_front,-6.92159825940997,3.8706832686034933,-0.37745776965217126,-0.6544513084950193,0.7555004189685367
270.0,214,bench_214_front,-5.955874841661762,5.208540463092434,-0.5041681846944293,-0.5612693795738588,0.7544593262100353
270.0,215,bench_215_front,-4.733651813824805,6.317001096696876,-0.6088850676862846,-0.4437167377239735,0.7534092971205869
270.0,216,bench_216_front,-3.3076917627527633,7.147150401104116,-0.6869390896602532,-0.3068314478513476,0.7523502178465902
270.0,217,bench_217_front,-1.740055695045371,7.661945537832865,-0.7347913494546862,-0.1565447777475055,0.7512819674885419
270.0,218,bench_218_front,-0.09947399008686529,7.8379796735937,-0.7502042179126818,0.0005666662572848313,0.7502044319281416
270.0,219,bench_219_front,1.5416067693304356,7.666673593369708,-0.7323592882180947,0.15756550866231106,0.7491174918257663
270.0,220,bench_220_front,3.110213248332815,7.154831975896986,-0.6819129967955092,0.3074578523283944,0.748021166917769
270.0,221,bench_221_front,4.536079527151429,6.3245267865187955,-0.6009871242534512,0.44350510166543095,0.7469151884395561
270.0,222,bench_222_front,5.7548545301036,5.212284836526349,-0.4930938031111694,0.5595313136348501,0.7457994298768119
270.0,223,tail_rear,6.711071389215206,3.867607630935307,-0.3629952519382698,0.6502103148950429,0.7446737584510675
280.0,0,head_front,-10.60629196250385,3.7368990446400234,-0.2973543721736995,-0.8211241630300137,0.8733066550545435
280.0,1,bench_1_front,-9.30051514148242,6.28141802996182,-0.49479866783279086,-0.719030201647653,0.8728288220324585
280.0,2,bench_2_front,-8.268897018130136,7.569149134156796,-0.5947447253451449,-0.6384515385816286,0.8725489415746951
280.0,3,bench_3_front,-7.059419647088549,8.691498801798655,-0.681850918002676,-0.5439951835371104,0.8722679829574548
280.0,4,bench_4_front,-5.69813607276671,9.623912065527676,-0.7541884937801411,-0.4376744211190619,0.8719857699826665
280.0,5,bench_5_front,-4.2144732628121035,10.345894463218574,-0.8101412583589631,-0.32177014688301336,0.8717022920243815
280.0,6,bench_6_front,-2.640646465976339,10.841456628321055,-0.848441414458085,-0.19878556005874243,0.8714175420861711
280.0,7,bench_7_front,-1.0109497592797334,11.099506954359446,-0.8682012346936447,-0.07139136922547724,0.8711315121859946
280.0,8,bench_8_front,0.6389902064296488,11.114119069011943,-0.8689354069681169,0.057631707965572286,0.8708445069275432
280.0,9,bench_9_front,2.2729586615693527,10.88469053019449,-0.8505733089798927,0.18545243076100837,0.8705558902357565
280.0,10,bench_10_front,3.854984396038895,10.415987793476134,-0.8134657460834163,0.30925212437044775,0.8702662790655995
280.0,11,bench_11_front,5.350115326181068,9.718068125476934,-0.7583781763143526,0.4262852451613709,0.8699750390397263
280.0,12,bench_12_front,6.7251802898544355,8.80610063008238,-0.6864792794124022,0.5339422709877306,0.8696827868884759
280.0,13,bench_13_front,7.94956938169659,7.700044178782802,-0.5993158420364626,0.6298079894025156,0.8693892005489333
280.0,14,bench_14_front,8.99590971714706,6.424236582915044,-0.49878275161578783,0.7117166708054884,0.8690942715332236
280.0,15,bench_15_front,9.840684115547438,5.006896981475925,-0.3870823912078608,0.7778024365848873,0.8687976795207174
280.0,16,bench_16_front,10.464803241037869,3.479489550989474,-0.26667861484910976,0.8265435811421111,0.8684997266234835
280.0,17,bench_17_front,10.854042069400858,1.8760591194642255,-0.14024314091569717,0.8567985776011533,0.8682004037969917
280.0,18,bench_18_front,10.999393327134342,0.2324781629536656,-0.010596882711408906,0.8678353153195573,0.8679000106227645
280.0,19,bench_19_front,10.897300651496446,-1.414358406551086,0.11935163416101444,0.8593493682284954,0.8675979191143895
280.0,20,bench_20_front,10.54976962528493,-3.027342536976425,0.24667217435194747,0.8314760759903921,0.8672944289823945
280.0,21,bench_21_front,9.96435859559118,-4.56999675255814,0.36847849121557097,0.7847897687962412,0.8669898382886395
280.0,22,bench_22_front,9.154036221253255,-6.007312440188874,0.4819931688308712,0.7202936286917062,0.8666835214387604
280.0,23,bench_23_front,8.136925107606583,-7.306538181548406,0.5846132806631468,0.6394015157567542,0.8663757766002936
280.0,24,bench_24_front,6.935920119794733,-8.437945881170318,0.6739697041077786,0.5439082495197959,0.8660665944087759
280.0,25,bench_25_front,5.578185502770072,-9.375533675549786,0.7479840946254861,0.43595150483764006,0.8657562707730803
280.0,26,bench_26_front,4.094585125442503,-10.09762473698539,0.8049175282804889,0.3179653042453086,0.8654444881313783
280.0,27,bench_27_front,2.5189533601447245,-10.587416686034683,0.8434137406354022,0.19262741038750528,0.8651312369376093
280.0,28,bench_28_front,0.887389062332475,-10.833370869786068,0.8625334591663109,0.06279824805376322,0.864816505473863
280.0,29,bench_29_front,-0.7626062963857909,-10.829528159360786,0.8617785553626719,-0.06854150420316758,0.8644999804982106
280.0,30,bench_30_front,-2.392958840025644,-10.575673076374802,0.8411086317907788,-0.19836140676233863,0.864182259807322
280.0,31,bench_31_front,-3.9659197260809775,-10.077373502884885,0.800943705013147,-0.32364875214243183,0.8638630292838908
280.0,32,bench_32_front,-5.4449210340423395,-9.345890702747674,0.7421589671402915,-0.4414808395923324,0.8635422770391123
280.0,33,bench_33_front,-6.795446070312419,-8.397952884855226,0.6660676470957232,-0.5490920882479043,0.8632196892356413
280.0,34,bench_34_front,-7.985847530424211,-7.255398076504428,0.5743950248113163,-0.643940698422196,0.8628958613949069
280.0,35,bench_35_front,-8.988109402792114,-5.9446877643485365,0.46923948613740957,-0.7237693942614092,0.862570479103028
280.0,36,bench_36_front,-9.778517007847453,-4.496319338816038,0.3530277451735208,-0.7866608668903899,0.8622435319322727
280.0,37,bench_37_front,-10.338234559961991,-2.944154903161356,0.22845904960516566,-0.8310860017249851,0.8619150071844193
280.0,38,bench_38_front,-10.653797684245301,-1.324611416592214,0.0984456576073733,-0.8559418594329722,0.8615845949361688
280.0,39,bench_39_front,-10.717452141015094,0.3241580723447464,-0.03395649182644371,-0.8605832244972074,0.8612528836660985
280.0,40,bench_40_front,-10.527376484934377,1.9631759999717784,-0.16561708636422448,-0.8448393183597961,0.8609195625274291
280.0,41,bench_41_front,-10.087761958537667,3.5535377151730416,-0.29340716733373773,-0.8090229415561467,0.8605846186209514
280.0,42,bench_42_front,-9.408753504412415,5.057349586517004,-0.41427188022741745,-0.7539267213026696,0.8602480408820197
280.0,43,bench_43_front,-8.506239725571405,6.43864640992499,-0.5253054163128082,-0.6808076907225526,0.8599098162915386
280.0,44,bench_44_front,-7.401517149873939,7.6642468473765515,-0.6238204412407902,-0.591361588144093,0.8595699336541257
280.0,45,bench_45_front,-6.120811142412781,8.704577004468621,-0.7074156735739351,-0.4876848087923231,0.8592283793874996
280.0,46,bench_46_front,-4.694668941934239,9.53440750085236,-0.7740347660390998,-0.37222893423673487,0.858885439695085
280.0,47,bench_47_front,-3.157265756722377,10.133477608437268,-0.8220192943018472,-0.24774196766480933,0.8585405073419299
280.0,48,bench_48_front,-1.5455901985106757,10.487025236880253,-0.8501525031425862,-0.11720680669440511,0.8581938674536801
280.0,49,bench_49_front,0.10142737425066535,10.586175458019184,-0.8576919487731987,0.016230689041487566,0.8578455072197607
280.0,50,bench_50_front,1.743848766620249,10.428194455425785,-0.8443916506159381,0.14933562332647682,0.8574954157453064
280.0,51,bench_51_front,3.3416917776039097,10.016595864585218,-0.8105120049749507,0.2788644886281063,0.8571435779531511
280.0,52,bench_52_front,4.855902643551681,9.361097913539712,-0.7568177255061354,0.40164163520326,0.856789981716073
280.0,53,bench_53_front,6.249323563905611,8.477425764498726,-0.6845633659275527,0.5146394341269219,0.8564349065332046
280.0,54,bench_54_front,7.487622389548407,7.386958135000554,-0.5954659015221762,0.6150528263154665,0.856078044943486
280.0,55,bench_55_front,8.540140031564912,6.1162483872828775,-0.4916673909752796,0.7003705029809705,0.8557193843744899
280.0,56,bench_56_front,9.380684162205334,4.696391804830202,-0.3756845198653555,0.7684399824975945,0.8553589101467091
280.0,57,bench_57_front,9.988194521427033,3.162300773156181,-0.25035058694541334,0.8175229574020644,0.8549966095039971
280.0,58,bench_58_front,10.347306645870988,1.551858909788912,-0.11874692939268372,0.8463423224565462,0.8546321782037763
280.0,59,bench_59_front,10.448772058859102,-0.09501344259378743,0.015871287191433048,0.8541184457191321,0.8542658936623766
280.0,60,bench_60_front,10.28972239002143,-1.737331433452131,0.15015520365948296,0.8405922090405973,0.8538980308478127
280.0,61,bench_61_front,9.873786554031778,-3.3340497302227505,0.28074439277315255,0.8060351282287479,0.8535279972047198
280.0,62,bench_62_front,9.211046051610328,-4.8451026651921465,0.4043527039700937,0.7512487320090925,0.8531563552791455
280.0,63,bench_63_front,8.317825008096298,-6.232416658445503,0.5178492700124455,0.6775471573748376,0.8527825144309338
280.0,64,bench_64_front,7.216305069293362,-7.460898744452477,0.6183408105109809,0.586729841842129,0.8524067487129994
280.0,65,bench_65_front,5.934035786005952,-8.499301566586475,0.7032461079464415,0.4810393861339377,0.8520293301019242
280.0,66,bench_66_front,4.503241642388507,-9.321081519001858,0.7703636487440368,0.3631081046911543,0.8516499556734727
280.0,67,bench_67_front,2.9600470729888824,-9.905084746688862,0.8179314768816092,0.23589477344255227,0.8512686092011401
280.0,68,bench_68_front,1.3435927968731707,-10.236121171000287,0.8446752999123468,0.10261282281731395,0.8508852764553811
280.0,69,bench_69_front,-0.30494982368392115,-10.30539953920826,0.8498458205391455,-0.033350184604153774,0.8504999432692425
280.0,70,bench_70_front,-1.943431422460998,-10.110794396585078,0.8332423382801737,-0.16851891911537642,0.8501125927795836
280.0,71,bench_71_front,-3.529789669922359,-9.656940864676407,0.7952222235545727,-0.2994180102230241,0.8497232076864758
280.0,72,bench_72_front,-5.023111537042787,-8.955172023341031,0.7366974160660261,-0.4226598894261951,0.8493317755554204
280.0,73,bench_73_front,-6.3847439454619215,-8.023255684566372,0.6591142826035978,-0.5350369711346256,0.848938276915919
280.0,74,bench_74_front,-7.579264665751355,-6.884995614474734,0.5644221954306236,-0.6336026305377997,0.8485426966977824
280.0,75,bench_75_front,-8.575443360896319,-5.569651605410062,0.4550269462600389,-0.7157516698533636,0.8481450198643005
280.0,76,bench_76_front,-9.347089114035523,-4.111204479542997,0.33373111112201903,-0.7792916771235211,0.8477452285709002
280.0,77,bench_77_front,-9.8737562451033,-2.5475171747194634,0.20366555426508737,-0.8225029008262368,0.8473433069669457
280.0,78,bench_78_front,-10.141327142879465,-0.9193573351394486,0.06820914193350669,-0.8441881215678452,0.8469392372771214
280.0,79,bench_79_front,-10.142422256033328,0.7306385094763925,-0.06909671677922771,-0.8437083439071863,0.8465330034016841
280.0,80,bench_80_front,-9.87664318105179,2.3590904654704277,-0.20464133774747517,-0.8210047131987157,0.8461245866948801
280.0,81,bench_81_front,-9.350628706333305,3.9230034007036347,-0.3348386122203066,-0.7766049320441795,0.8457139686140731
280.0,82,bench_82_front,-8.577939490117828,5.380891393661212,-0.4562214255197815,-0.7116154063995523,0.8453014111714837
280.0,83,bench_83_front,-7.578727614779736,6.693933758414905,-0.5655365471718438,-0.6276952621210066,0.844886340448353
280.0,84,bench_84_front,-6.379267336363376,7.826981047127905,-0.6598324211652424,-0.527019066036746,0.8444690165938772
280.0,85,bench_85_front,-5.011281479205876,8.749546454458,-0.7365410200097282,-0.4122217238697414,0.8440494202279344
280.0,86,bench_86_front,-3.511144650694029,9.43664076363664,-0.7935494356277031,-0.28633321384097965,0.8436275340062996
280.0,87,bench_87_front,-1.918935396051261,9.869490018617753,-0.8292617579264145,-0.15269993696463696,0.8432036135526291
280.0,88,bench_88_front,-0.2773631498366482,10.036086605362698,-0.8426456862139237,-0.014897461471566764,0.842777364938826
280.0,89,bench_89_front,1.369318679122246,9.931553245241108,-0.8332662764172909,0.12336433571536705,0.8423487678751782
280.0,90,bench_90_front,2.9765570101190457,9.558331898752265,-0.8013025279446989,0.25833967486073234,0.8419175309362039
280.0,91,bench_91_front,4.5006562843661735,8.926169913547215,-0.7475490991165827,0.38634895251507395,0.8414839087585153
280.0,92,bench_92_front,5.8999977548964155,8.051910269723827,-0.6733995806501641,0.5038799464997136,0.8410481530235775
280.0,93,bench_93_front,7.136204566637701,6.959068244695747,-0.5808134450024818,0.6076848416367435,0.8406099717768788
280.0,94,bench_94_front,8.175177423575594,5.67726474236233,-0.4722677888194685,0.694872406711468,0.8401693436239017
280.0,95,bench_95_front,8.988105417112962,4.241418896819993,-0.3506942363533748,0.7629896936836343,0.839725979161609
280.0,96,bench_96_front,9.552264051924578,2.690861627577406,-0.2194025089696689,0.8100948548026867,0.83928012887234
280.0,97,bench_97_front,9.851706637317976,1.0682561238634112,-0.08199169383794902,0.8348152812440537,0.8388320401945817
280.0,98,bench_98_front,9.877748509342636,-0.5815399642565161,0.05774682299334479,0.8363902887558587,0.8383814231547199
280.0,99,bench_99_front,9.62926604129743,-2.21272420442172,0.19593324178528254,0.8146986721816726,0.8379282556944063
280.0,100,bench_100_front,9.112783381221403,-3.7798016575932287,0.32870664274108946,0.7702675877073138,0.8374725151636695
280.0,101,bench_101_front,8.342338191019552,-5.238885504681704,0.452332309355965,0.704264312675259,0.8370141815974538
280.0,102,bench_102_front,7.33915720626024,-6.548901020798464,0.5633093797637851,0.618468958820231,0.8365532322297493
280.0,103,bench_103_front,6.131111263254694,-7.672783937555253,0.6584707531547499,0.5152302013590887,0.8360896442085086
280.0,104,bench_104_front,4.751958514833007,-8.578568208530129,0.7350753520338753,0.39740494241165514,0.8356233968845874
280.0,105,bench_105_front,3.240463992347158,-9.240299675047474,0.7908908305648118,0.2682809669830014,0.8351544666208953
280.0,106,bench_106_front,1.6393155423550416,-9.638837637831791,0.8242610595023807,0.13148814394838423,0.8346828297089728
280.0,107,bench_107_front,-0.006045835895338101,-9.762443917776292,0.8341588056116583,-0.009101907908415141,0.8342084617810117
280.0,108,bench_108_front,-1.6487203652498317,-9.607178023611198,0.8202211487173944,-0.1494831647334501,0.8337313412257031
280.0,109,bench_109_front,-3.241671218599189,-9.177064649397437,0.7827663711465419,-0.28563048904309296,0.8332514434844516
280.0,110,bench_110_front,-4.739073985678923,-8.484039342140608,0.7227915119630116,-0.4136141265079195,0.8327690048342851
280.0,111,bench_111_front,-6.09763952158652,-7.547670875892997,0.6419488681570321,-0.5297144912310935,0.8322834802807939
280.0,112,bench_112_front,-7.277906286864998,-6.394639843975916,0.5425063788222693,-0.6305314647751507,0.8317951064621314
280.0,113,bench_113_front,-8.245383714667023,-5.058041158237743,0.4272858748254797,-0.7130871689711054,0.8313041136531211
280.0,114,bench_114_front,-8.971616473480324,-3.5764540768455193,0.2995875991988576,-0.7749144893150188,0.8308099634357377
280.0,115,bench_115_front,-9.4350502985089,-1.9928734288720773,0.16309761366883327,-0.8141370181921086,0.8303131433231716
280.0,116,bench_116_front,-9.621723812542955,-0.3534710508243367,0.02178354559055804,-0.8295271435411703,0.8298131143396501
280.0,117,bench_117_front,-9.525731814319661,1.2937293732291644,-0.1202184891031119,-0.8205502847792101,0.8293101078447542
280.0,118,bench_118_front,-9.149458782381597,2.9002577343853075,-0.2587251264491751,-0.7873865255199302,0.8288040972548877
280.0,119,bench_119_front,-8.50358432295812,4.418589562866871,-0.389628778991978,-0.7309323588075068,0.8282950552615207
280.0,120,bench_120_front,-7.606818005739395,5.803618475940275,-0.5090199199003604,-0.6527815568732117,0.8277832082430662
280.0,121,bench_121_front,-6.485414710541375,7.013975284756429,-0.6133060537164885,-0.5551832848690745,0.8272682728857117
280.0,122,bench_122_front,-5.17245913150003,8.01329552670584,-0.6993207718368357,-0.44098343664921635,0.8267502242645121
280.0,123,bench_123_front,-3.706914755401311,8.771362854049507,-0.7644244683688833,-0.3135430300692348,0.8262287816011054
280.0,124,bench_124_front,-2.132499824009707,9.265055307614125,-0.8065882632883025,-0.17664415834686711,0.8257044175445066
280.0,125,bench_125_front,-0.4964377274700096,9.479089412763111,-0.8244603590802653,-0.0343795948269094,0.8251768539138883
280.0,126,bench_126_front,1.1519706790206272,9.4065578199623,-0.8174148267993673,0.10896846720746722,0.8246460609964644
280.0,127,bench_127_front,2.7628113799738423,9.049199880758655,-0.7855773519322813,0.2490558733153056,0.8241120093177777
280.0,128,bench_128_front,4.287063197212661,8.417423202828836,-0.729829361898932,0.38160810534208683,0.8235749167820614
280.0,129,bench_129_front,5.678124925027679,7.5300464260162565,-0.6517875972755496,0.5025522083898185,0.8230345036021988
280.0,130,bench_130_front,6.893233587028192,6.4137982926130155,-0.5537631169627524,0.6081422739779073,0.8224904954510557
280.0,131,bench_131_front,7.894815382105649,5.102562331561378,-0.43869680922666116,0.695079549281091,0.8219431064583839
280.0,132,bench_132_front,8.651686522319197,3.6363918424862804,-0.31007519524079796,0.760617310461223,0.8213923055866079
280.0,133,bench_133_front,9.140067595722302,2.060330764800981,-0.17182839005107178,0.8026521834233072,0.8208383051379521
280.0,134,bench_134_front,9.344389392209353,0.423033188820286,-0.02821141218742449,0.8197955548322355,0.8202808272173022
280.0,135,bench_135_front,9.257832749990133,-1.2246931291761998,0.11632358029103491,0.8114243280125649,0.8197198395929962
280.0,136,bench_136_front,8.882619303053033,-2.8314631955745027,0.25726495766366025,0.777708276126296,0.8191553095701816
280.0,137,bench_137_front,8.230016856362248,-4.346918436207591,0.3901824654777375,0.719612850206432,0.8185872039975401
280.0,138,bench_138_front,7.320060735659634,-5.723316773294218,0.5108674286786241,0.6388769920748605,0.8180154892710348
280.0,139,bench_139_front,6.180989458509621,-6.9170642314183075,0.6154677682375127,0.537966351781829,0.8174401319905423
280.0,140,bench_140_front,4.848438889314266,-7.8901084978816,0.7006139654228408,0.42000252896554596,0.8168610976677564
280.0,141,bench_141_front,3.3643581910961706,-8.611215292630009,0.763531244500952,0.28867002018308396,0.8162783482867071
280.0,142,bench_142_front,1.7757218138703548,-9.05701430307906,0.8021332765476921,0.14810603997868124,0.8156918489376384
280.0,143,bench_143_front,0.1330918115181974,-9.212803182138456,0.8150970848066514,0.00277287584432333,0.8151018013111917
280.0,144,bench_144_front,-1.5109836742455667,-9.073099962992258,0.8019130396118014,-0.1426837305391902,0.8145079312443917
280.0,145,bench_145_front,-3.1036404835888804,-8.64189726148698,0.7629097616394233,-0.28358090784473927,0.8139099678089513
280.0,146,bench_146_front,-4.59341185388859,-7.932609648642959,0.699253301373116,-0.41534913496480036,0.81330811098698
280.0,147,bench_147_front,-5.931885847381847,-6.967726516961945,0.6129167645609372,-0.5336835219524196,0.8127023205844722
280.0,148,bench_148_front,-7.075317201720425,-5.7781590710769155,0.5066254284791414,-0.6346852540309225,0.8120927880888797
280.0,149,bench_149_front,-7.986094502995226,-4.402304284630486,0.3837754339155242,-0.7149927314732523,0.8114790137376512
280.0,150,bench_150_front,-8.63402620395045,-2.8848450446377547,0.24833060345695288,-0.7718990565039551,0.8108614197537027
280.0,151,bench_151_front,-8.997386423197703,-1.2753536296472665,0.10469610510657265,-0.8034468131842314,0.8102395053565233
280.0,152,bench_152_front,-9.063711887223333,0.3733148590248311,-0.04241971168647851,-0.8085016343507452,0.8096136885499097
280.0,153,bench_153_front,-8.830291390091586,2.006723088228278,-0.1881598022337006,-0.7867976324451866,0.8089836992164776
280.0,154,bench_154_front,-8.304346591345324,3.5706522025477843,-0.3276770341255095,-0.7389564749613712,0.8083494977920294
280.0,155,bench_155_front,-7.50287322250584,5.012920022871026,-0.4562974528865539,-0.6664756249763143,0.8077110400374168
280.0,156,bench_156_front,-6.452159570335072,6.285129470115719,-0.5696774303899083,-0.5716877086536478,0.807068281449164
280.0,157,bench_157_front,-5.187004460333633,7.344313596354269,-0.6639521496488736,-0.45769276800895725,0.806421184562423
280.0,158,bench_158_front,-3.749588111965427,8.154464164848424,-0.7358741727293363,-0.32825906093430873,0.8057696998370932
280.0,159,bench_159_front,-2.188149853418949,8.687775029445742,-0.7829269498906088,-0.18770614989718334,0.8051137854826707
280.0,160,bench_160_front,-0.5553929711695879,8.925677050426778,-0.8034199718047056,-0.040762969785867444,0.8044533987748683
280.0,161,bench_161_front,1.0932778826275775,8.859551446420719,-0.7965554837016109,0.10759019914603452,0.8037887095296815
280.0,162,bench_162_front,2.7016136812633595,8.49110866178585,-0.7624644461304756,0.252286493898359,0.8031192356160943
280.0,163,bench_163_front,4.2144398152057825,7.8324244053323735,-0.7022135973933186,0.3883481399642589,0.8024451471457505
280.0,164,bench_164_front,5.579556432969778,6.905624966445865,-0.6177787760488329,0.5110564968571263,0.8017663993435195
280.0,165,bench_165_front,6.74958404655598,5.742207836590272,-0.5119862806185844,0.6161200611547828,0.8010829428336527
280.0,166,bench_166_front,7.683637240882616,4.38204085693901,-0.38842518402397425,0.6998270817859046,0.8003949450021742
280.0,167,bench_167_front,8.348805679952912,2.872060993356106,-0.25132921007004877,0.7591818864848743,0.7997021374244083
280.0,168,bench_168_front,8.721388171016406,1.2646753870972276,-0.10543796503239207,0.7920168189209724,0.7990042590148493
280.0,169,bench_169_front,8.787792306566697,-0.3839865840382982,0.04416477398687339,0.7970790747588206,0.7983016840015366
280.0,170,bench_170_front,8.545118185854127,-2.0160399761181216,0.19222566865960483,0.7740837934719298,0.797594149306228
280.0,171,bench_171_front,8.001352586015962,-3.573868868818619,0.33350618288493306,0.7237360813870339,0.7968816032033478
280.0,172,bench_172_front,7.175197074623826,-5.002144301447119,0.46296911546108577,0.6477167818296906,0.7961641987270158
280.0,173,bench_173_front,6.0954995094107565,-6.249840334613377,0.5759587147926848,0.5486334685462875,0.7954414648198643
280.0,174,bench_174_front,4.800312393551846,-7.272092867562654,0.6683729660250803,0.4299390002611652,0.7947137633505119
280.0,175,bench_175_front,3.3356397306829417,-8.031846362742264,0.7368161955149952,0.2958160375659435,0.793980625742472
280.0,176,bench_176_front,1.7538291062745384,-8.501284879191637,0.7787308140862661,0.1510358849290938,0.7932424089417895
280.0,177,bench_177_front,0.11176544342994175,-8.662908335438814,0.7924984535105359,0.0007913582946830422,0.7924988486203256
280.0,178,bench_178_front,-1.5311635452571488,-8.510271389721023,0.7775099367317562,-0.14948637917854257,0.7917498842920853
280.0,179,bench_179_front,-3.1151759743689404,-8.048327023835897,0.7341991968667397,-0.2943213222841647,0.7909952600558772
280.0,180,bench_180_front,-4.582322598204854,-7.293347250026093,0.6640401287082135,-0.4283953369165359,0.790235317628017
280.0,181,bench_181_front,-5.8785741493732635,-6.27245288108842,0.5695042158236142,-0.5467426370954712,0.7894697986997222
280.0,182,bench_182_front,-6.955893318466451,-5.0227035023666025,0.4539807037257984,-0.6449395825822257,0.7886986398724843
280.0,183,bench_183_front,-7.774047602443675,-3.5898310736355965,0.3216621847183544,-0.7192733598266049,0.7879217773573957
280.0,184,bench_184_front,-8.302176435594905,-2.026639982964125,0.17739889898809152,-0.7668885051984405,0.7871393452036848
280.0,185,bench_185_front,-8.520044259832426,-0.39108277389123014,0.026524585735379903,-0.785903404708937,0.7863508855349073
280.0,186,bench_186_front,-8.41889044862345,1.2558178718944872,-0.12533593900270953,-0.7754935692912512,0.785556728452997
280.0,187,bench_187_front,-8.001885167654848,2.8522488370800336,-0.2724774826355403,-0.7359340712639916,0.7847566092685012
280.0,188,bench_188_front,-7.284118554991668,4.3379487205167795,-0.4093269781555054,-0.6686028342487907,0.7839504608146063
280.0,189,bench_189_front,-6.292155932040868,5.656469486637086,-0.5306565478742222,-0.5759419206451322,0.7831382175313566
280.0,190,bench_190_front,-5.063137493432838,6.7573812250308425,-0.6317877597963057,-0.46137675492537483,0.7823198089105912
280.0,191,bench_191_front,-3.643470587581968,7.598247862301876,-0.7087759013065273,-0.3291981472089539,0.7814951685062987
280.0,192,bench_192_front,-2.0871584289484995,8.146330647369034,-0.7585717331871699,-0.18440593597202232,0.7806642195030489
280.0,193,bench_193_front,-0.4537868057565752,8.379957922250465,-0.7791481791229886,-0.032528503963512236,0.7798268965615209
280.0,194,bench_194_front,1.1937260773084468,8.28947026278638,-0.769592840939251,0.12058841666622451,0.7789831237318394
280.0,195,bench_195_front,2.791524683900395,7.877713390290973,-0.7301564420881179,0.2690028858196455,0.7781330108034721
280.0,196,bench_196_front,4.277283163848773,7.160063163840699,-0.6622571281751136,0.40690777671603645,0.7772762974455973
280.0,197,bench_197_front,5.5926781614081085,6.163950197448713,-0.5684396264616585,0.5288604650912568,0.7764129059130911
280.0,198,bench_198_front,6.685704104583937,4.92791702132159,-0.45228897158926584,0.6300009960423005,0.7755427575805002
280.0,199,bench_199_front,7.512809947734004,3.5001948802064327,-0.31830289630868835,0.7062509013792473,0.7746657792219164
280.0,200,bench_200_front,8.040690803139347,1.9369146773641817,-0.1717222840300938,0.7544864903877195,0.7737818859407931
280.0,201,bench_201_front,8.24772950209314,0.2999544191332418,-0.01833399317947961,0.7726735139898154,0.7728909978304022
280.0,202,bench_202_front,8.124985131938372,-1.345472820033302,0.1357546923178846,0.7599630962207747,0.7719930337145472
280.0,203,bench_203_front,7.676683837163467,-2.933405740722389,0.2843581277452568,0.7167405500383858,0.7710879073647282
280.0,204,bench_204_front,6.920192827282427,-4.399765613883224,0.42145979915325216,0.6446256729266105,0.7701757075488587
280.0,205,bench_205_front,5.885447078810154,-5.684995843924843,0.5414587334528655,0.5464224568823054,0.7692561741173588
280.0,206,bench_206_front,4.613887572370594,-6.736494889647179,0.6394033430162912,0.42602013170192415,0.7683292182884455
280.0,207,bench_207_front,3.156882493133574,-7.510863453450241,0.7112015922265928,0.28824815574625806,0.7673947511396986
280.0,208,bench_208_front,1.5737351887794566,-7.975775069896867,0.7538003928134109,0.13868913126421126,0.7664526778193643
280.0,209,bench_209_front,-0.07068032531885157,-8.111429329520039,0.7653242003809373,-0.016539997803064366,0.7655029086920875
280.0,210,bench_210_front,-1.708519040301261,-7.911503908108342,0.7451688384430653,-0.17103508818282773,0.7645453545580503
280.0,211,bench_211_front,-3.271780214135905,-7.383565018062954,0.6940428712139425,-0.31836933278145996,0.7635800803704907
280.0,212,bench_212_front,-4.695101266272119,-6.548911947121417,0.613954381521524,-0.45235930058095997,0.7626066610065587
280.0,213,bench_213_front,-5.918562886001326,-5.441826883376111,0.508144470026902,-0.5673289037684551,0.7616251620515423
280.0,214,bench_214_front,-6.8902443852798205,-4.10828916387655,0.3809666947665312,-0.6583545553930034,0.7606354863717932
280.0,215,bench_215_front,-7.5685226318652825,-2.604152753092567,0.23771615022440234,-0.721484890063639,0.759637686445092
280.0,216,bench_216_front,-7.92394770501746,-0.9928926628643858,0.08441829589158494,-0.7539199599248481,0.7586315012272584
280.0,217,bench_217_front,-7.940638118836196,0.6570255256158463,-0.07241984073702165,-0.754147614150391,0.7576168274669607
280.0,218,bench_218_front,-7.617113654338025,2.275000362711128,-0.22608326405828566,-0.7220250459099959,0.7565935561505797
280.0,219,bench_219_front,-6.96652808081665,3.791327228575494,-0.3699347909125722,-0.65880312004665,0.755561579562334
280.0,220,bench_220_front,-6.016268173009309,5.140215940980645,-0.4977044890240353,-0.5670908989572562,0.7545209381288401
280.0,221,bench_221_front,-4.8069222719462195,6.262701156241765,-0.603766831674824,-0.4507601504516668,0.7534713665865908
280.0,222,bench_222_front,-3.3906658764565445,7.109285132475256,-0.6833960764199232,-0.3147931866651092,0.7524127508468472
280.0,223,tail_rear,-1.8291023403731508,7.64222181386817,-0.732985961538474,-0.16507830166854642,0.7513449710314516
290.0,0,head_front,-9.668269606518736,-5.893475899640414,0.44895449761825973,-0.7510066342806994,0.8749692026953223
290.0,1,bench_1_front,-10.816096039487308,-3.273916948257585,0.24610710296448418,-0.8391589510005371,0.8745035455467822
290.0,2,bench_2_front,-11.165020012752226,-1.6612278698058127,0.12117069283920645,-0.8657929389483986,0.8742309477112091
290.0,3,bench_3_front,-11.275105848821543,-0.01490258308149357,-0.006418828792898212,-0.8739338344569927,0.8739574064974648
290.0,4,bench_4_front,-11.143728693631427,1.6298555670405421,-0.13393473906408176,-0.8633555906968642,0.8736826599605231
290.0,5,bench_5_front,-10.773431728669825,3.237772310741455,-0.2586394908652307,-0.8342331052041766,0.8734066979670059
290.0,6,bench_6_front,-10.171906078379644,4.7742234278668105,-0.3778404803422351,-0.7871414863249113,0.8731295139204959
290.0,7,bench_7_front,-9.351854207481026,6.206012194209013,-0.4889506109392013,-0.7230465706304595,0.8728511002675579
290.0,8,bench_8_front,-8.33074354935086,7.502090286777393,-0.5895451857570566,-0.6432868397708736,0.8725717645395822
290.0,9,bench_9_front,-7.130447244101741,8.634248670708027,-0.6774141459491015,-0.5495465677174669,0.8722908661805414
290.0,10,bench_10_front,-5.776808882921449,9.577728745987125,-0.7506133559473602,-0.4438229215039481,0.8720087131324195
290.0,11,bench_11_front,-4.299088225372184,10.311795591429158,-0.8075080491322583,-0.32838352872635823,0.871725295808353
290.0,12,bench_12_front,-2.7293689819923186,10.820199276906981,-0.8468102354382658,-0.205721069066924,0.8714406079022536
290.0,13,bench_13_front,-1.101840020521423,11.091573146826715,-0.8676108045535464,-0.07849775959027032,0.8711546397963705
290.0,14,bench_14_front,0.5479157207806,11.119699340776572,-0.8694016719366434,0.050510169588516354,0.8708676962651053
290.0,15,bench_15_front,2.183713875178654,10.903678099991382,-0.8520889531383415,0.17847256716710452,0.8705791413143388
290.0,16,bench_16_front,3.7695391358304016,10.447978448554307,-0.8160000581708416,0.3025679032498063,0.8702892800740459
290.0,17,bench_17_front,5.270354495839128,9.762372585478811,-0.7618784157637968,0.42004521248896937,0.8699981039873916
290.0,18,bench_18_front,6.652878684938778,8.86175130581661,-0.690870540375736,0.5282856567658324,0.8697056046177742
290.0,19,bench_19_front,7.886341353878909,7.765817791970734,-0.6045031489652919,0.6248622025038075,0.8694117719624362
290.0,20,bench_20_front,8.943167736031032,6.49868686423419,-0.5046527678769146,0.7075939821432483,0.8691165972935798
290.0,21,bench_21_front,9.799618523988928,5.088372121774834,-0.39350640373439083,0.774597332625292,0.8688200719885508
290.0,22,bench_22_front,10.436346267882607,3.5661748961283486,-0.2735143383649174,0.8243304519285962,0.8685221858237142
290.0,23,bench_23_front,10.838845672989065,1.9660170889365125,-0.14733877221497166,0.8556301080584868,0.8682232406553013
290.0,24,bench_24_front,10.99781316019783,0.3236912091689834,-0.017793485689373955,0.8677401922271585,0.867922605616079
290.0,25,bench_25_front,10.909387661771047,-1.3239346313915166,0.11221612316583052,0.8603333960105255,0.8676208910517154
290.0,26,bench_26_front,10.57526756341057,-2.9397498005630185,0.23975874725561824,0.833519847578079,0.8673174696684989
290.0,27,bench_27_front,10.002706874698871,-4.4872194837727815,0.36194430647465364,0.7878500944675775,0.8670129481974238
290.0,28,bench_28_front,9.204379878861596,-5.931234575347411,0.47598773574491926,0.7243039281966275,0.8667067006667483
290.0,29,bench_29_front,8.198134013747312,-7.238896282658367,0.579274630739801,0.644273783295884,0.8663993338300328
290.0,30,bench_30_front,7.006612916574575,-8.380290211840148,0.6694216199373196,0.5495334081259455,0.8660902215624088
290.0,31,bench_31_front,5.656768051539698,-9.329187098614545,0.7443327927719123,0.4422031742739724,0.8657799684293994
290.0,32,bench_32_front,4.1792604417490535,-10.063667627862033,0.8022492544167683,0.32470207481765206,0.8654682568431662
290.0,33,bench_33_front,2.6077860225724474,-10.566642856971066,0.8417926264824376,0.19969597316619794,0.8651550772543588
290.0,34,bench_34_front,0.9783409469760783,-10.826273766175508,0.8619995429240701,0.07003720851092492,0.8648401138807731
290.0,35,bench_35_front,-0.6716296071653147,-10.836287784507926,0.8623477196328642,-0.06129904303436651,0.8645236620433995
290.0,36,bench_36_front,-2.304060010489598,-10.59614982483145,0.8427709368039092,-0.1912829959820793,0.8642060150642432
290.0,37,bench_37_front,-3.881161017598095,-10.111109514898382,0.8036637980485374,-0.3168990446896956,0.863886858806778
290.0,38,bench_38_front,-5.366276143886573,-9.392118439850483,0.7458767126646993,-0.4352177376177878,0.8635661813854478
290.0,39,bench_39_front,-6.7247536116804145,-8.455611097594126,0.6706998162255047,-0.5434628900677424,0.8632439726784711
290.0,40,bench_40_front,-7.924767270188213,-7.323154773781516,0.5798356131208438,-0.6390790001312796,0.8629202203286356
290.0,41,bench_41_front,-8.93808236864812,-6.020969756197228,0.47536344012820175,-0.7197913486644983,0.8625949140951249
290.0,42,bench_42_front,-9.740726137672773,-4.5793567680600145,0.35969327873894447,-0.7836625065458842,0.862268043554758
290.0,43,bench_43_front,-10.313588621280566,-3.03199662025582,0.23551099721879196,-0.8291407829885834,0.8619395963905538
290.0,44,bench_44_front,-10.642894236369774,-1.415194391404574,0.10571853033325254,-0.855099192948072,0.8616095620617653
290.0,45,bench_45_front,-10.72056671296019,0.23297989805721347,-0.026633674933410446,-0.8608660288539476,0.8612779297504518
290.0,46,bench_46_front,-10.544453559449526,1.873549452561358,-0.15841843493819438,-0.8462442632520732,0.8609446867338872
290.0,47,bench_47_front,-10.118413247085124,3.4676011576274104,-0.28650401633155564,-0.8115200025427114,0.8606098221035097
290.0,48,bench_48_front,-9.452264785720118,4.977156829400241,-0.4078298977436529,-0.7574595473571394,0.8602733236455034
290.0,49,bench_49_front,-8.561588642611852,6.366117649908351,-0.5194798236119528,-0.6852949915297847,0.8599351792755738
290.0,50,bench_50_front,-7.467398084033413,7.601123258430682,-0.6187528836995682,-0.5966984837732686,0.8595953766882701
290.0,51,bench_51_front,-6.195651674736971,8.65239059026151,-0.7032299753314867,-0.4937462759760766,0.8592542017616017
290.0,52,bench_52_front,-4.77668193093102,9.49442601985822,-0.7708342502342115,-0.37887035295545946,0.8589110464318953
290.0,53,bench_53_front,-3.2444841984123243,10.106680518591167,-0.8198842121046898,-0.2548054048569976,0.8585661975659572
290.0,54,bench_54_front,-1.6359102921880215,10.474078403649749,-0.8491378646223545,-0.1245224472667692,0.8582196414722267
290.0,55,bench_55_front,0.010188259594868859,10.587410862856508,-0.8578258253503168,0.008839374553926537,0.8578713663367351
290.0,56,bench_56_front,1.653907974594427,10.443601455670652,-0.8456742434654447,0.1420491249213439,0.8575213583064691
290.0,57,bench_57_front,3.2552394750106215,10.045819463187911,-0.8129154701958861,0.2718605722405042,0.8571696054006657
290.0,58,bench_58_front,4.775061067182896,9.403441541282799,-0.7602868178820759,0.39509211135748734,0.8568160957300989
290.0,59,bench_59_front,6.176083854232606,8.531867134467102,-0.6890161366792358,0.5087060948754484,0.8564608149634215
290.0,60,bench_60_front,7.423789235092341,7.452178834227516,-0.6007957161564573,0.6098837065125682,0.856103748398206
290.0,61,bench_61_front,8.487300634165416,6.190653455185742,-0.49774580656605083,0.6960954816512852,0.8557451767491437
290.0,62,bench_62_front,9.340154838482064,4.778160279847404,-0.382363946578989,0.7651672737425292,0.8553847932071476
290.0,63,bench_63_front,9.960996874211524,3.24941437343478,-0.25746735558928746,0.8153365455389711,0.8550222930927376
290.0,64,bench_64_front,10.334133544658377,1.64215716754899,-0.1261253385532431,0.845300604958479,0.8546582438427309
290.0,65,bench_65_front,10.449967756331176,-0.0037681500277062657,0.008414288196720809,0.8542506122138503,0.8542920511824955
290.0,66,bench_66_front,10.305276824619696,-1.6474080074111699,0.14280545606022782,0.841898322651649,0.8539239919127637
290.0,67,bench_67_front,9.903330467304112,-3.2477024020911105,0.2736866128104173,0.8084866422253173,0.8535543407940748
290.0,68,bench_68_front,9.253856794568877,-4.764504224175299,0.3977647507017236,0.7547874416307729,0.8531827933944355
290.0,69,bench_69_front,8.372842711917434,-6.159603229527616,0.5118986054193857,0.6820873031821801,0.852809047438318
290.0,70,bench_70_front,7.282164777828494,-7.397710676836289,0.6131797209031552,0.5921598536288794,0.8524333770897565
290.0,71,bench_71_front,6.009077828796942,-8.44735868954595,0.6990078134519215,0.4872243793882115,0.8520560539876847
290.0,72,bench_72_front,4.585581546514048,-9.281711355349508,0.7671581831657373,0.369893452072262,0.8516764901557924
290.0,73,bench_73_front,3.0475998043599715,-9.87930644838155,0.815843791664393,0.24311005239046485,0.8512952425396422
290.0,74,bench_74_front,1.4341320522080538,-10.224610569465984,0.8437622363948067,0.11007513632662742,0.8509120090839543
290.0,75,bench_75_front,-0.213735481608027,-10.308469753369573,0.8501344304904978,-0.025831110903636566,0.8505267757078073
290.0,76,bench_76_front,-1.8538797904469728,-10.128385640647693,0.8347289572637175,-0.16113590823342738,0.8501395256172863
290.0,77,bench_77_front,-3.4441955267173325,-9.688623081474256,0.797872603463837,-0.292360711705202,0.8497502439581489
290.0,78,bench_78_front,-4.943694379580648,-9.00014549993458,0.7404466787320161,-0.41611210121679776,0.8493589140194692
290.0,79,bench_79_front,-6.313556527509882,-8.080381794597308,0.6638693870292756,-0.5291690583728712,0.8489655207214586
290.0,80,bench_80_front,-7.518164872852231,-6.952811986974963,0.5700631040637119,-0.6285691539099556,0.8485700465264089
290.0,81,bench_81_front,-8.526039987438786,-5.646403223199928,0.4614091261592074,-0.7116868440241213,0.8481724740051503
290.0,82,bench_82_front,-9.310680513618236,-4.194911907151737,0.34069113113742616,-0.7763042296706888,0.8477727902217082
290.0,83,bench_83_front,-9.85131537539154,-2.6359953246857644,0.21102258128302606,-0.8206747463707014,0.8473709749230064
290.0,84,bench_84_front,-10.133460205507047,-1.0102959895879613,0.07577158887501825,-0.8435708548260676,0.8469670128125577
290.0,85,bench_85_front,-10.149355182437274,0.6396322151764945,-0.06152768931954715,-0.8443220218724005,0.8465608856849582
290.0,86,bench_86_front,-9.898211876593335,2.270411235345967,-0.19726511224642676,-0.8228369580827193,0.8461525773147642
290.0,87,bench_87_front,-9.38628677077311,3.8389857922569446,-0.32784995060936917,-0.7796114810925501,0.8457420715359295
290.0,88,bench_88_front,-8.62676033503963,5.303774375720477,-0.44980749626105077,-0.715720191441351,0.8453296257256571
290.0,89,bench_89_front,-7.63943473022396,6.625773724716205,-0.5598696429786827,-0.6327928410268736,0.844914668344644
290.0,90,bench_90_front,-6.450254779934414,7.769612322078401,-0.6550665594680257,-0.5329767590404368,0.8444977341654176
290.0,91,bench_91_front,-5.090669293167344,8.704514323161689,-0.7328065568099611,-0.4188831723376268,0.8440785282017927
290.0,92,bench_92_front,-3.5968221378554603,9.405167475635157,-0.790949819865362,-0.293521901554706,0.8436567573589031
290.0,93,bench_93_front,-2.0086058455930096,9.852442748095323,-0.827870828476083,-0.16022391596954305,0.8432329523271082
290.0,94,bench_94_front,-0.3686209446104087,10.03394556755403,-0.8425046908363726,-0.022554840341726258,0.8428065465479802
290.0,95,bench_95_front,1.2789518009994485,9.944397660194506,-0.8343834582424116,0.11578019575862397,0.8423780678047544
290.0,96,bench_96_front,2.8895248531037154,9.585834617749072,-0.8036520815398873,0.25103477507294397,0.8419472230842723
290.0,97,bench_97_front,4.4193243057071925,8.967606633269344,-0.7510710587763267,0.3795234683677877,0.8415139917870098
290.0,98,bench_98_front,5.826595241415277,8.106170509221705,-0.6780014887110215,0.4977215909125422,0.8410783558949032
290.0,99,bench_99_front,7.072745188315116,7.024692401864588,-0.5863727515308613,0.602364591773915,0.8406402947520589
290.0,100,bench_100_front,8.123424672820224,5.752461485144357,-0.47863505344525,0.6905387147543995,0.8401995185437774
290.0,101,bench_101_front,8.949494966237962,4.324140903507821,-0.3576970113469058,0.7597656911504476,0.8397565464917948
290.0,102,bench_102_front,9.52788166010758,2.778837504814154,-0.22684932981974554,0.8080733160444785,0.8393110880613858
290.0,103,bench_103_front,9.842248484471746,1.1590609381770969,-0.08967770966511238,0.8340556325614694,0.8388628551904614
290.0,104,bench_104_front,9.88350018427352,-0.49042023100050175,0.050034578551284084,0.8369180550141604,0.8384123626590259
290.0,105,bench_105_front,9.650091669936197,-2.1238239658978575,0.18840946537291495,0.8165033356071921,0.8379593210292362
290.0,106,bench_106_front,9.148122880739939,-3.695612745532924,0.3215819781171313,0.7733029758689478,0.8375037081335804
290.0,107,bench_107_front,8.391224565664688,-5.161769320552435,0.4458075838400742,0.7084495563875642,0.8370455039930991
290.0,108,bench_108_front,7.400239401299561,-6.481031918797217,0.5575699170723996,0.6236904071273985,0.8365846857114124
290.0,109,bench_109_front,6.20268113771374,-7.616092775096196,0.6536809966804087,0.5213442877813044,0.8361212303388116
290.0,110,bench_110_front,4.8320203980140946,-8.53466496702682,0.7313743382230171,0.4042413243606536,0.8356551148242983
290.0,111,bench_111_front,3.3267566365518415,-9.210451680972124,0.7883870662627575,0.27564836306170926,0.8351863183200485
290.0,112,bench_112_front,1.7294001437035273,-9.623913296286078,0.8230299136827556,0.1391782415110146,0.834714814608404
290.0,113,bench_113_front,0.08526440887950515,-9.76289214901369,0.8342395587499629,-0.0013070234512028822,0.8342405826220844
290.0,114,bench_114_front,-1.5587965200181537,-9.62300817448865,0.8216162030339362,-0.14180617050091868,0.8337638605025034
290.0,115,bench_115_front,-3.1557090095265323,-9.207846280469047,0.7854399187897483,-0.27829216116370487,0.8332841010085408
290.0,116,bench_116_front,-4.659555486832061,-8.528908047376294,0.726670768046766,-0.4068267498005456,0.8328015426780576
290.0,117,bench_117_front,-6.026870504418553,-7.605350628742771,0.6469263012351026,-0.5236759987846014,0.8323161604419204
290.0,118,bench_118_front,-7.217941673233839,-6.463485107916546,0.5484413076617457,-0.625420069506225,0.8318281861603974
290.0,119,bench_119_front,-8.197981984621562,-5.136069246874211,0.43400930093774814,-0.7090537835364834,0.8313370803999273
290.0,120,bench_120_front,-8.938173786685281,-3.6614149775058684,0.30690594116240233,-0.772080927161584,0.8308430747183678
290.0,121,bench_121_front,-9.416569382398606,-2.0822881273610006,0.17079895013328752,-0.8125902188946617,0.830346400732795
290.0,122,bench_122_front,-9.618768755701941,-0.4447275890596665,0.029643357822222428,-0.829316897974488,0.8298465195016509
290.0,123,bench_123_front,-9.53841218930023,1.2033194194814505,-0.11243087735122595,-0.8216874150940379,0.8293436623655408
290.0,124,bench_124_front,-9.177425127947341,2.8133505985596354,-0.25124029691638633,-0.7898422847338089,0.828838055079614
290.0,125,bench_125_front,-8.546030098959884,4.337767985429251,-0.3826692971381,-0.734638572500977,0.8283294170669303
290.0,126,bench_126_front,-7.662505950411779,5.731287017567903,-0.5027944435317829,-0.6576320598941057,0.8278177206650024
290.0,127,bench_127_front,-6.55270969071409,6.952296712602353,-0.6080023788275297,-0.5610376630167142,0.8273029384591783
290.0,128,bench_128_front,-5.249372706417776,7.96412618577826,-0.6951005311316292,-0.4476699065620576,0.8267847928093225
290.0,129,bench_129_front,-3.791155321649172,8.73619742583138,-0.7614181749274772,-0.3208647092521834,0.8262637585864325
290.0,130,bench_130_front,-2.221553155856784,9.244970984482581,-0.8048905093188775,-0.18438296689980366,0.8257395536574327
290.0,131,bench_131_front,-0.587623563367063,9.474717237287045,-0.8241271365994776,-0.04230312388314381,0.8252121494318455
290.0,132,bench_132_front,1.0614075258035316,9.418055112290286,-0.8184610439384177,0.10109957553397142,0.8246815170827546
290.0,133,bench_133_front,2.6756119265584597,9.076245306327413,-0.7879762898127034,0.24148019131423157,0.8241476300421857
290.0,134,bench_134_front,4.205896836221266,8.45921617686692,-0.7335124794455843,0.3745579057671146,0.8236104554187347
290.0,135,bench_135_front,5.605479107455703,7.585333716978102,-0.656646949470948,0.49624484707907823,0.8230699633093407
290.0,136,bench_136_front,6.831345536738845,6.480908702048098,-0.5596539068500711,0.6027741933755097,0.8225261233857831
290.0,137,bench_137_front,7.845603309792553,5.179453908245023,-0.44544155921218787,0.6908191785337089,0.821978904901685
290.0,138,bench_138_front,8.61668822732558,3.7207111668731288,-0.31746885365410216,0.7576001192688379,0.8214282766965154
290.0,139,bench_139_front,9.120390898151909,2.149476732791224,-0.17964384066281763,0.8009762489233347,0.8208744488820343
290.0,140,bench_140_front,9.34066903684567,0.514251266802964,-0.036207668018674255,0.8195176790048837,0.8203171468553502
290.0,141,bench_141_front,9.270210963438684,-1.1342446779932773,0.1083951324860627,0.812558029834132,0.8197560957959368
290.0,142,bench_142_front,8.91073394017506,-2.7446148959278123,0.24965248201774198,0.7802235294184902,0.8191917465623446
290.0,143,bench_143_front,8.273014873852285,-4.266389994527096,0.38312615959501994,0.7234357675853167,0.8186238232471524
290.0,144,bench_144_front,7.376615270161851,-5.651652244605331,0.5045915987577739,0.6438919720791721,0.8180522924880363
290.0,145,bench_145_front,6.249339053612653,-6.856540821994038,0.6101736229113633,0.5440192948183018,0.8174771209222806
290.0,146,bench_146_front,4.926441085957336,-7.842661103971721,0.6964733693163814,0.426904709891682,0.8168982712031001
290.0,147,bench_147_front,3.449545748314589,-8.578376994788831,0.7606798561133987,0.2962051554948224,0.8163157095379293
290.0,148,bench_148_front,1.8653959056105458,-9.039854956077528,0.8006666733238195,0.15603632541942608,0.8157294015921144
290.0,149,bench_149_front,0.2243860876560606,-9.211899361317423,0.8150671562555253,0.010845705423287732,0.8151393123464219
290.0,150,bench_150_front,-1.4209897073991347,-9.088508499581197,0.803326038234147,-0.1347274661184539,0.814545403173862
290.0,151,bench_151_front,-3.01785890304231,-8.6731472268204,0.7657257262227548,-0.27599795347859407,0.8139476384410348
290.0,152,bench_152_front,-4.514612074309921,-7.978721035371208,0.7033859028144308,-0.4083870136584853,0.8133459787833021
290.0,153,bench_153_front,-5.862635177373,-7.0272309824342925,0.6182369779735367,-0.5275702381447426,0.8127406210532064
290.0,154,bench_154_front,-7.017884882145552,-5.8491463214652715,0.5129640789450451,-0.6296226764209484,0.812131061437387
290.0,155,bench_155_front,-7.942380894435717,-4.482472471094368,0.3909291629049624,-0.7111504982394438,0.811517493068254
290.0,156,bench_156_front,-8.605489071968458,-2.971579027154601,0.25606733026294837,-0.7694078914760849,0.810900105496151
290.0,157,bench_157_front,-8.984988207423259,-1.365818954415847,0.11276379222926672,-0.8023935543116181,0.8102784020562048
290.0,158,bench_158_front,-9.0678907340436,0.282099299335017,-0.0342866320540286,-0.8089264979990587,0.8096527973783759
290.0,159,bench_159_front,-8.850937900139494,1.917776604953242,-0.18023078285129768,-0.7886920282741122,0.8090230222622374
290.0,160,bench_160_front,-8.340803609797259,3.4869341689060382,-0.32021665025396073,-0.7422628460496321,0.808389037361076
290.0,161,bench_161_front,-7.553954067502768,4.937229731144503,-0.44955642884115854,-0.6710889440610425,0.8077507991660426
290.0,162,bench_162_front,-6.516184068292557,6.220011865238801,-0.5638841587807374,-0.5774585744390462,0.8071082639380143
290.0,163,bench_163_front,-5.261836242116354,7.291983442223788,-0.6593058235730151,-0.4644306199329334,0.8064613876240949
290.0,164,bench_164_front,-3.8327303047608705,8.116702607997944,-0.7325354381729934,-0.33574066762272986,0.8058101290471943
290.0,165,bench_165_front,-2.2768037483050736,8.665886307237187,-0.7810138981597226,-0.19568077933627312,0.8051544426507853
290.0,166,bench_166_front,-0.6465614026518436,8.920432562447917,-0.8030032455905459,-0.04896117384204983,0.8044945052472031
290.0,167,bench_167_front,1.0027018149991598,8.87116021906861,-0.7976545065094379,0.09944688850995624,0.8038298298701825
290.0,168,bench_168_front,2.614732099273126,8.51920207213209,-0.7650477173068115,0.24447755453188763,0.8031608085721409
290.0,169,bench_169_front,4.134234388965026,7.876069214326594,-0.7061977835088089,0.38114302653874504,0.8024869569730521
290.0,170,bench_170_front,5.508802571186557,6.963345866444245,-0.6230317467645979,0.5047060831120602,0.8018084483259477
290.0,171,bench_171_front,6.690742711252933,5.812037814316982,-0.5183310484473401,0.6108476962464255,0.8011254482252353
290.0,172,bench_172_front,7.638771246393001,4.4615831784815985,-0.3956451423938359,0.6958199632037653,0.8004376926986434
290.0,173,bench_173_front,8.31951010746013,2.9585517538002573,-0.2591764161155562,0.7565843395146912,0.7997451328200662
290.0,174,bench_174_front,8.70871240038526,1.355112821262911,-0.11363969727908027,0.7909255778878637,0.7990477148174144
290.0,175,bench_175_front,8.792212897135215,-0.29277627049447125,0.035894778065626534,0.7975380435021615,0.7983453926250444
290.0,176,bench_176_front,8.56651093351498,-1.9272620392256954,0.18417921806671358,0.776082838856537,0.7976381116366541
290.0,177,bench_177_front,8.038996428220807,-3.490659883593697,0.32596924824077933,0.7272102948810011,0.7969258207509475
290.0,178,bench_178_front,7.2277846942141215,-4.927475746920486,0.456211357863039,0.6525484281393032,0.796208674978057
290.0,179,bench_179_front,6.161181462319724,-6.186392211142677,0.5702239510153426,0.5546557012141877,0.7954862042807217
290.0,180,bench_180_front,4.876769398912045,-7.222149357079995,0.6638707341311979,0.436940667802937,0.7947587676873858
290.0,181,bench_181_front,3.4201483557769135,-7.997225846157603,0.7337131237397456,0.3035493016460823,0.7940258978633881
290.0,182,bench_182_front,1.8433624552060388,-8.483263773666556,0.7771441755007733,0.15922430353199774,0.7932877462497618
290.0,183,bench_183_front,0.20309115515856363,-8.662171467711755,0.7924917515844794,0.009140279288648268,0.7925444599736412
290.0,184,bench_184_front,-1.4413486645442364,-8.526880128777986,0.7790894289212007,-0.1412794749954747,0.7917955722986582
290.0,185,bench_185_front,-3.030164409929111,-8.081706584043681,0.7373137151675697,-0.28655719948862524,0.7910414294794982
290.0,186,bench_186_front,-4.5052182847221305,-7.342315223274213,0.668581374365691,-0.4213599677186294,0.7902817703481212
290.0,187,bench_187_front,-5.812232342056252,-6.335238338063197,0.5753108327837714,-0.5406975224687434,0.7895165388528562
290.0,188,bench_188_front,-6.902783989765098,-5.097015358171472,0.4608429676668499,-0.6401120912241994,0.7887456688815521
290.0,189,bench_189_front,-7.7361601862119365,-3.6729442216210586,0.3293301442861864,-0.7158470224008322,0.7879691005462701
290.0,190,bench_190_front,-8.28095110770008,-2.1154766866908408,0.1855901724995706,-0.7649962729426063,0.7871867692895371
290.0,191,bench_191_front,-8.516303662129303,-0.4823514931665544,0.034935445556167746,-0.7856224273220394,0.7863988070105276
290.0,192,bench_192_front,-8.432811172592306,1.1655392661449844,-0.11702049258948585,-0.7768406188619124,0.7856049533955631
290.0,193,bench_193_front,-8.032977294530422,2.7663615014506426,-0.2645708849723022,-0.7388647067026399,0.7848049490069525
290.0,194,bench_194_front,-7.331241401546653,4.259703254857528,-0.40212972589182494,-0.673012624525857,0.7839989216937842
290.0,195,bench_195_front,-6.353555567784272,5.588845591337121,-0.5244450464148693,-0.5816693749703029,0.783186994585225
290.0,196,bench_196_front,-5.136507154351541,6.702973001197791,-0.6268026029908141,-0.46820893159295884,0.7823689070633368
290.0,197,bench_197_front,-3.726033575677769,7.559160920512132,-0.7052131366565405,-0.33687738885908225,0.7815445881313937
290.0,198,bench_198_front,-2.1757590398837365,8.124099784021265,-0.7565735391200068,-0.19264159625907623,0.7807139711224703
290.0,199,bench_199_front,-0.5450236499696278,8.375473588394128,-0.778798280114537,-0.04100416822325372,0.7798769793506164
290.0,200,bench_200_front,1.1033805218509323,8.30294173891893,-0.7709113492109256,0.11220048365900252,0.7790335402763631
290.0,201,bench_201_front,2.705578196097,7.908654511960874,-0.7330987800209398,0.26102903020014473,0.7781837674196361
290.0,202,bench_202_front,4.199098031346263,7.207303457575284,-0.6667145161836994,0.39966154466614384,0.7773272131959568
290.0,203,bench_203_front,5.525335139424205,6.225672204916394,-0.5742435588786732,0.5226288768759438,0.7764641703634847
290.0,204,bench_204_front,6.631876659820851,5.001720598717037,-0.4592162844072495,0.6250334080329408,0.7755941960987541
290.0,205,bench_205_front,7.4746500840326995,3.583193495015465,-0.3260833552685068,0.7027495725520746,0.7747175719610927
290.0,206,bench_206_front,8.019745749398442,2.0258376446185506,-0.18005030220172516,0.7525961784339594,0.7738340384839199
290.0,207,bench_207_front,8.244872016124528,0.39127244296391206,-0.026879489713253067,0.7724759997213638,0.7729435148267726
290.0,208,bench_208_front,8.140368633453578,-1.2554173116058462,0.12733319291766315,0.7614730203499303,0.7720459200976663
290.0,209,bench_209_front,7.709727653587105,-2.8482339430750105,0.27640003733995394,0.7199039655703136,0.7711411675467671
290.0,210,bench_210_front,6.969600112466167,-4.322924147421984,0.41428807679491336,0.6493214716397562,0.7702291763539257
290.0,211,bench_211_front,5.949257489110992,-5.619608051112201,0.5353680541680729,0.5524662578275894,0.7693100281822206
290.0,212,bench_212_front,4.689532044195327,-6.685252864842579,0.6346463012962921,0.43317081463471235,0.7683832913334102
290.0,213,bench_213_front,3.24129114112807,-7.475894806765609,0.7079784049010074,0.2962176290391292,0.7674492201831584
290.0,214,bench_214_front,1.6634590536688623,-7.958550644767632,0.7522496960399584,0.1471537380590149,0.766507552354803
290.0,215,bench_215_front,0.020671190663241985,-8.112696704575905,0.7655171460015735,-0.007927691065329423,0.7655581944620682
290.0,216,bench_216_front,-1.6193258449210646,-7.931248797392845,0.7471047456386726,-0.16263231441445547,0.7646010532608675
290.0,217,bench_217_front,-3.188452509785804,-7.421006745174957,0.6976482364788611,-0.31052725851425855,0.763636196197146
290.0,218,bench_218_front,-4.621139271252579,-6.602521244606221,0.619085233550441,-0.44540866135984614,0.7626633608706885
290.0,219,bench_219_front,-5.857089048921009,-5.5093888075632895,0.5145914478371652,-0.5615654869473863,0.7616824497896777
290.0,220,bench_220_front,-6.843876532147891,-4.186986003248136,0.38846303265616033,-0.6540266572587271,0.7606933653880817
290.0,221,bench_221_front,-7.539257106345051,-2.6906762225145395,0.24594861382938324,-0.7187818156320469,0.7596960044174886
290.0,222,bench_222_front,-7.913066998294864,-1.0835788967758353,0.09303920798976865,-0.7529638916081165,0.7586902637367919
290.0,223,tail_rear,-7.948647841554273,0.5660415975643786,-0.06377869507760667,-0.7549869216224059,0.7576760348372378
300.0,0,head_front,-1.6272020101386553,-11.283233640973963,0.8041067596380082,-0.5389757741333548,0.9680302505594474
300.0,1,bench_1_front,-4.378373082192736,-10.501760990048922,0.6437722957294572,-0.7227844041791337,0.9679153184413195
300.0,2,bench_2_front,-5.845483161346007,-9.746709644811176,0.5319536851406219,-0.8085481775005363,0.9678454827471825
300.0,3,bench_3_front,-7.187796222946513,-8.787177887341196,0.40873096258750297,-0.8772275304259702,0.9677753561209096
300.0,4,bench_4_front,-8.376830854048345,-7.6431997484096055,0.27668978395830823,-0.9273055315450147,0.9677049061469502
300.0,5,bench_5_front,-9.387263080116718,-6.338767640864957,0.13861686485531077,-0.9576539951606412,0.9676341300664487
300.0,6,bench_6_front,-10.19745607282104,-4.901373098177172,-0.0025549994441396605,-0.9675596526043982,0.9675630260453855
300.0,7,bench_7_front,-10.78996197806376,-3.3614244582497435,-0.14381077705827341,-0.9567436652458756,0.9674915919976858
300.0,8,bench_8_front,-11.151913508711484,-1.7516177264055288,-0.28211699593606243,-0.9253708013182921,0.9674198257883939
300.0,9,bench_9_front,-11.275324257412677,-0.10624082415484674,-0.41448770133109364,-0.8740489494862874,0.9673477247881532
300.0,10,bench_10_front,-11.15728272290831,1.5395293633971727,-0.5380473839986861,-0.8038199382589951,0.9672752868602218
300.0,11,bench_11_front,-10.800045656464098,3.1503975509497697,-0.6500957431091914,-0.7161398040479389,0.9672025093797638
300.0,12,bench_12_front,-10.211024418910883,4.6916792487439,-0.7481655436918564,-0.6128520028163081,0.9671293905800253
300.0,13,bench_13_front,-9.40264670937434,6.130088986977396,-0.8300806688852915,-0.4961484159849319,0.9670559278249682
300.0,14,bench_14_front,-8.392123721585811,7.434439974685371,-0.8940039442366411,-0.36852593660912014,0.9669821188958463
300.0,15,bench_15_front,-7.201094947219395,8.576348324818015,-0.938480882239805,-0.23273297751733663,0.966907961056112
300.0,16,bench_16_front,-5.8551979223789665,9.5308476159856,-0.9624737058209367,-0.09171308325687075,0.966833452067712
300.0,17,bench_17_front,-4.3835262458750766,10.276963369243612,-0.9653880741714204,0.051459078376480075,0.9667585895660614
300.0,18,bench_18_front,-2.818017480380379,10.798191298270313,-0.9470896165319157,0.19364399924537032,0.9666833712164041
300.0,19,bench_19_front,-1.1927623278093928,11.082885643525064,-0.9079103681688302,0.331706785155433,0.9666077942716029
300.0,20,bench_20_front,0.45671426774663676,11.12453710588854,-0.8486453468284395,0.46258502416543507,0.9665318563170583
300.0,21,bench_21_front,2.094230520903365,10.921949899947698,-0.7705388003085563,0.5833577778172864,0.9664555549640509
300.0,22,bench_22_front,3.683749453954907,10.47929659838305,-0.67525968139277,0.6913121702254701,0.9663788874020969
300.0,23,bench_23_front,5.1901496633071496,9.80606397962133,-0.5648696009681915,0.7840046890684818,0.9663027572036265
300.0,24,bench_24_front,6.5800504060072535,8.916857963372854,-0.44177627541905773,0.8593166754203871,0.9662253495839789
300.0,25,bench_25_front,7.8225079660866825,7.831134244660724,-0.30868796956843647,0.915506887605224,0.9661475683397895
300.0,26,bench_26_front,8.889760070554868,6.572772214576188,-0.16855074928557023,0.9512522015139208,0.9660694105341542
300.0,27,bench_27_front,9.757839489637798,5.169585203316868,-0.024486738506107386,0.9656804687089651,0.9659908736673618
300.0,28,bench_28_front,10.40714377723086,3.6527076941464824,0.12027638983692643,0.9583942269493895,0.9659119546843398
300.0,29,bench_29_front,10.82288631841023,2.0559475065568944,0.2624752304662918,0.9294843789215262,0.9658335556748214
300.0,30,bench_30_front,10.995473558720748,0.41499508614410796,0.39888606421461736,0.8795285297984256,0.9657538645814511
300.0,31,bench_31_front,10.92073612935727,-1.2333100174054388,0.5263968077817571,0.8095877081209106,0.9656737836263822
300.0,32,bench_32_front,10.600064054293028,-2.851849206394632,0.6420803612543975,0.7211818421467401,0.9655933097069093
300.0,33,bench_33_front,10.040406459336332,-4.404033421531267,0.7432620436763884,0.61626094354398,0.9655133433089974
300.0,34,bench_34_front,9.254143328057191,-5.85465390628593,0.8275802381081112,0.4971619859889578,0.9654320746792924
300.0,35,bench_35_front,8.25884498986517,-7.170668625035867,0.8930474597030484,0.3665619159472059,0.9653504045189779
300.0,36,bench_36_front,7.076901728230734,-8.321979258457624,0.9380961738720333,0.2274170566373826,0.9652683300942586
300.0,37,bench_37_front,5.735041401008757,-9.282135796955268,0.9616202418606852,0.08289737179431142,0.9651867507413304
300.0,38,bench_38_front,4.263736569048685,-10.02896616894797,0.9630012712935259,-0.06368477290974876,0.9651047605382087
300.0,39,bench_39_front,2.6965441834949977,-10.545099729010103,0.9421297795175413,-0.20894886314159766,0.9650223566643091
300.0,40,bench_40_front,1.0693357774824985,-10.818404002653814,0.8994103047670713,-0.3495249228872298,0.9649386343392621
300.0,41,bench_41_front,-0.5804931559736322,-10.842289258116926,0.8357589212674487,-0.48213195019196975,0.964854492591521
300.0,42,bench_42_front,-2.2148879296335258,-10.615900544400679,0.7525838208039247,-0.6036543776340665,0.9647699285179893
300.0,43,bench_43_front,-3.7960197811955654,-10.144169249846678,0.6517568840085001,-0.7112172629590858,0.9646849387149583
300.0,44,bench_44_front,-5.287146543208888,-9.43773701158489,0.5355747693160885,-0.8022542620180315,0.9645995202435453
300.0,45,bench_45_front,-6.65348464108099,-8.512743572610331,0.40670820718792006,-0.8745723470667544,0.9645145701584107
300.0,46,bench_46_front,-7.863037640698127,-7.390477764189104,0.26814159187513986,-0.9264027216750461,0.9644282845397407
300.0,47,bench_47_front,-8.88734608335349,-6.096922442416963,0.1231067163731634,-0.9564523600044372,0.964342460215374
300.0,48,bench_48_front,-9.702188153383734,-4.662165710262534,-0.02499233676636159,-0.9639322539662775,0.9642561937231988
300.0,49,bench_49_front,-10.28816909798839,-3.11972437257651,-0.17265804553765385,-0.948584202248486,0.9641694817013652
300.0,50,bench_50_front,-10.631208907371116,-1.5057752200395864,-0.31638108233377027,-0.9106898478470267,0.9640814219921098
300.0,51,bench_51_front,-10.722907729025824,0.1416703450636864,-0.4527256054288853,-0.8510720245197824,0.963993809487982
300.0,52,bench_52_front,-10.56078236113255,1.7836908544305237,-0.5784100430201529,-0.7710735165427697,0.9639048426998424
300.0,53,bench_53_front,-10.148360678188185,3.3813176673587733,-0.690387647977586,-0.6725362851232394,0.9638154176435394
300.0,54,bench_54_front,-9.495134902898684,4.89650918966517,-0.7859224610710662,-0.5577569213984579,0.9637255305240633
300.0,55,bench_55_front,-8.616376475441424,6.293035878361408,-0.8626564735036293,-0.42943749844951,0.9636351780379807
300.0,56,bench_56_front,-7.53280070710356,7.53737430325708,-0.9186708681697986,-0.2906227152413573,0.963544356341788
300.0,57,bench_57_front,-6.270114882490688,8.599512217966264,-0.952535435750131,-0.14463072452216466,0.9634530620821641
300.0,58,bench_58_front,-4.858429711770529,9.453701136938658,-0.9633490778953424,0.005025959565585936,0.9633621884584018
300.0,59,bench_59_front,-3.331550674725612,10.07910845491518,-0.9507634528958218,0.15472413204480784,0.9632708343967467
300.0,60,bench_60_front,-1.7261919331077178,10.460342696799234,-0.9149981168200059,0.3008163862571718,0.9631780998470537
300.0,61,bench_61_front,-0.08112957728923975,10.587859902802954,-0.8568430211454656,0.43972064476172124,0.9630857741215747
300.0,62,bench_62_front,1.5637671200305487,10.458242809658438,-0.7776387718451516,0.5680082529811035,0.9629929568441719
300.0,63,bench_63_front,3.168477896310548,10.074314252333917,-0.6792518977900975,0.6824899878899137,0.9628996438993129
300.0,64,bench_64_front,4.693798298228501,9.445113354717105,-0.5640335246429876,0.7802956187168115,0.962805831676275
300.0,65,bench_65_front,6.102321549940368,8.585710677690532,-0.43476462063908083,0.8589478827718239,0.9627106214629829
300.0,66,bench_66_front,7.3593507635930635,7.516884934031121,-0.29459260610266325,0.9164292941442291,0.962614904692447
300.0,67,bench_67_front,8.433779329197227,6.264648097817482,-0.14695511381068851,0.9512350499908593,0.9625195716484028
300.0,68,bench_68_front,9.298887810907644,4.859627661615172,0.00450310163387666,0.9624131885790472,0.9624237234582352
300.0,69,bench_69_front,9.933022284703792,3.3363465244353416,0.15601795727863585,0.9495949753962958,0.9623264624290916
300.0,70,bench_70_front,10.320162995602105,1.7324026759925086,0.30379982177736115,0.9130113352828797,0.9622286786762195
300.0,71,bench_71_front,10.450366599116071,0.08754672308782255,0.44412887703191295,0.8534905412633773,0.9621312610240251
300.0,72,bench_72_front,10.320052126271959,-1.5573029818957917,0.5734470579757911,0.7724408373453716,0.9620324191522389
300.0,73,bench_73_front,9.932131887825939,-3.161054636757075,0.6884532083465967,0.6718251811624475,0.9619339343877406
300.0,74,bench_74_front,9.29598006214478,-4.683492887942186,0.7861848009936726,0.5541117681523798,0.9618349093885173
300.0,75,bench_75_front,8.427245248913636,-6.086273823482793,0.8640980730521661,0.422219592988678,0.9617353401825222
300.0,76,bench_76_front,7.347490031238828,-7.333922644211545,0.9201369821685802,0.2794462996436148,0.9616352220768596
300.0,77,bench_77_front,6.083695824173442,-8.394731408823503,0.9527891350890775,0.12938916726507532,0.9615345508869362
300.0,78,bench_78_front,4.667606431760855,-9.241599359475403,0.9611300811341502,-0.024145385954082242,0.9614333219333568
300.0,79,bench_79_front,3.1349654845521844,-9.852742657981032,0.9448522012062067,-0.17723608633837246,0.9613315309635678
300.0,80,bench_80_front,1.524618900222446,-10.212292612728685,0.9042783773074676,-0.32594806257537223,0.9612291730708477
300.0,81,bench_81_front,-0.12244618314915745,-10.31073347977879,0.8403593804289627,-0.4664330256578862,0.961126243372493
300.0,82,bench_82_front,-1.7641168673693053,-10.145193199752564,0.754656364624893,-0.5950281292600826,0.9610227381699213
300.0,83,bench_83_front,-3.3582759891192153,-9.719561168999123,0.6493039386272323,-0.7083565844313359,0.960918651824422
300.0,84,bench_84_front,-4.863835558863011,-9.044436049393447,0.5269624646644037,-0.8034140059805486,0.9608139800038797
300.0,85,bench_85_front,-6.241835265596819,-8.136893982990008,0.3907519916840455,-0.8776526198166502,0.9607087176017911
300.0,86,bench_86_front,-7.456446895622564,-7.020098398017747,0.24417649809707703,-0.9290509633363714,0.9606028600307162
300.0,87,bench_87_front,-8.475934408238643,-5.722739603233246,0.0910352362534466,-0.956172539549019,0.9604964027144199
300.0,88,bench_88_front,-9.273513075057664,-4.278317223464322,-0.06467527400180337,-0.95820915991848,0.9603893404338094
300.0,89,bench_89_front,-9.828074180451408,-2.724303575296365,-0.21886394502274475,-0.935007730001257,0.9602816678417966
300.0,90,bench_90_front,-10.12477417924147,-1.1012032820564728,-0.3674519399307056,-0.8870815604134874,0.9601742669872311
300.0,91,bench_91_front,-10.155474851833047,0.5485064667946795,-0.5064805558665703,-0.815600785636701,0.9600662451113017
300.0,92,bench_92_front,-9.918998642410823,2.181472238629708,-0.6322176504555364,-0.722369523700545,0.959956710648387
300.0,93,bench_93_front,-9.421212002883959,3.754589925304886,-0.7412606157290949,-0.6097852822790436,0.959846545503608
300.0,94,bench_94_front,-8.674916393151856,5.226167935527805,-0.8306295448541446,-0.4807777632026225,0.9597357440330753
300.0,95,bench_95_front,-7.699563747735268,6.557022811992472,-0.8978515548734716,-0.3387374848202033,0.9596251863154843
300.0,96,bench_96_front,-6.52077757887317,7.711557129036286,-0.9410302431976885,-0.1874277488712786,0.9595139809610154
300.0,97,bench_97_front,-5.169714538208558,8.658725491219165,-0.958903884391575,-0.030888114205017914,0.9594012378042845
300.0,98,bench_98_front,-3.6822812648777945,9.372891853994329,-0.9508876506293072,0.12667213447726233,0.959287836768688
300.0,99,bench_99_front,-2.0981889893197967,9.83456763105658,-0.9170934177634912,0.28098752291919915,0.9591737720253765
300.0,100,bench_100_front,-0.45991768768359553,10.030972637494763,-0.8583342360503821,0.4278511152350406,0.9590590375905234
300.0,101,bench_101_front,1.1883979640814362,9.956428318327246,-0.7761097002156526,0.5632287414819425,0.9589436281659954
300.0,102,bench_102_front,2.8021706098653287,9.612565300091106,-0.6725711050242251,0.6833727795276952,0.9588275377318463
300.0,103,bench_103_front,4.337557069952447,9.008328713674135,-0.5504691414519299,0.7849267775497039,0.9587107602428311
300.0,104,bench_104_front,5.752650085858688,8.159792891753076,-0.4130850098414832,0.8650213122753578,0.9585932902155744
300.0,105,bench_105_front,7.008653299805457,7.08976703709637,-0.26414383701307403,0.9213591002994228,0.958475121396769
300.0,106,bench_106_front,8.070955104697667,5.827221879547163,-0.10771677760422715,0.9522834625080087,0.9583562475111645
300.0,107,bench_107_front,8.910105840906146,4.406547209974994,0.051888127524145844,0.956831653052743,0.9582375436506372
300.0,108,bench_108_front,9.50267797619816,2.8666301189367736,0.21024385748986002,0.934766203773399,0.9581181218039602
300.0,109,bench_109_front,9.831948715008986,1.2498211062286493,0.3629267577295246,0.8865913881324845,0.9579979754606743
300.0,110,bench_110_front,9.88841277878142,-0.3992128549275377,0.5056392380767326,0.8135452112099284,0.9578762183943318
300.0,111,bench_111_front,9.67010180366863,-2.034703614658812,0.6343345167116787,0.7175748066313312,0.9577546043762105
300.0,112,bench_112_front,9.182691986790113,-3.6110750137556233,0.7453291843086586,0.6012838282530455,0.9576313670201327
300.0,113,bench_113_front,8.439407460332236,-5.084181627261801,0.835414305145273,0.4678710521751889,0.9575073799741063
300.0,114,bench_114_front,7.460707587198399,-6.412577486863893,0.9019504107216554,0.3210430687624757,0.9573835153173417
300.0,115,bench_115_front,6.273748077286067,-7.558716652146174,0.9429457086812599,0.16491296283228732,0.9572580084964173
300.0,116,bench_116_front,4.9116915483923655,-8.49000604683525,0.9571247035224427,0.0038902000541044756,0.9571326092811722
300.0,117,bench_117_front,3.412794210382392,-9.179790602462864,0.9439664714800944,-0.1574439973720093,0.957006432364515
300.0,118,bench_118_front,1.8193673708533167,-9.608143655739191,0.9037309044087156,-0.31446585478226446,0.9568794706792153
300.0,119,bench_119_front,0.17660169579684226,-9.762486107862799,0.8374583680418404,-0.4626416860988588,0.9567517169672065
300.0,120,bench_120_front,-1.4686991824913493,-9.638000067291406,0.7469474604193932,-0.5976585089785538,0.956622288043431
300.0,121,bench_121_front,-3.0694357078756243,-9.237829093136805,0.6347133674522982,-0.7155540965775804,0.9564929293787766
300.0,122,bench_122_front,-4.579591975055582,-8.57304243278392,0.5039176780646359,-0.8128314843724253,0.9563618814304208
300.0,123,bench_123_front,-5.95553230242583,-7.6623854478312525,0.35828798868744,-0.8865704867312703,0.9562308877988687
300.0,124,bench_124_front,-7.157305762337433,-6.531790387062053,0.20201193656099078,-0.9345140985621688,0.956099065434427
300.0,125,bench_125_front,-8.14982367023201,-5.213682037256429,0.039620642872787395,-0.955145002268568,0.9559664066797932
300.0,126,bench_126_front,-8.903918191615032,-3.746083377919813,-0.12414122412032533,-0.9477370395487716,0.9558329036284338
300.0,127,bench_127_front,-9.397236196576753,-2.171553379575628,-0.2844526505862663,-0.9123850092177982,0.9556985484298457
300.0,128,bench_128_front,-9.614947425419922,-0.5359749284123151,-0.43655747190021466,-0.8500101114190575,0.9555624604318366
300.0,129,bench_129_front,-9.550238573521867,1.1127522409725883,-0.5759083251872694,-0.7623445184858791,0.9554263780561392
300.0,130,bench_130_front,-9.204576599349357,2.726138954616942,-0.6983023443492573,-0.6518832029865639,0.9552894192126753
300.0,131,bench_131_front,-8.5877273498839,4.256499853898502,-0.8000103786516839,-0.5218217383388544,0.9551515756953942
300.0,132,bench_132_front,-7.717534356449156,5.658383353165709,-0.8778941882252689,-0.37596717591245776,0.9550128392243179
300.0,133,bench_133_front,-6.619458200531765,6.889934591085613,-0.9295070127090226,-0.21863107152418007,0.9548732021117056
300.0,134,bench_134_front,-5.325860196702333,7.914191304162578,-0.9531757032923599,-0.05450248727043423,0.9547326549697296
300.0,135,bench_135_front,-3.8751062394288267,8.700203812405364,-0.9480585346884529,0.11148700954272624,0.9545911891969234
300.0,136,bench_136_front,-2.3104588339483887,9.22402067193569,-0.9141804370687234,0.2743111969887592,0.954448796066383
300.0,137,bench_137_front,-0.6788143278815103,9.469465134466587,-0.8524417637674062,0.4290011226221564,0.9543054667274818
300.0,138,bench_138_front,0.970683662577591,9.42868561208254,-0.7646004564747989,0.5707974445209413,0.9541611922065935
300.0,139,bench_139_front,2.5881126452532683,9.102460747048388,-0.653227825289864,0.6952984014257164,0.9540159635761247
300.0,140,bench_140_front,4.1242855289407805,8.500245082216074,-0.5216383507904889,0.798599381541311,0.9538697716216746
300.0,141,bench_141_front,5.5322608408174245,7.6399453040526275,-0.37379501226212597,0.8774189982045904,0.9537226062133527
300.0,142,bench_142_front,6.768771454225194,6.547456285290743,-0.21419624859498657,0.9292071181218556,0.9535753254360608
300.0,143,bench_143_front,7.795615003418597,5.255912169567878,-0.04773998704336879,0.9522302164094973,0.9534261856096565
300.0,144,bench_144_front,8.580848300909912,3.8047394785911863,0.12042330307480605,0.9456391723196518,0.9532760440443485
300.0,145,bench_145_front,9.099831974638388,2.238488634879056,0.28504929210257346,0.9095029456873094,0.9531257562053767
300.0,146,bench_146_front,9.336055532439039,0.6054845491906813,0.4409614446481703,0.8448145653162402,0.9529735806603818
300.0,147,bench_147_front,9.281711274886128,-1.0436234070654968,0.5832165526571538,0.7534753587723334,0.9528203731923406
300.0,148,bench_148_front,8.938016264755962,-2.657432562688394,0.7072620359145416,0.6382422393389134,0.9526661238452501
300.0,149,bench_149_front,8.31524862211528,-4.185390176164732,0.809086253445922,0.5026509185152691,0.9525116857022817
300.0,150,bench_150_front,7.4324945607324935,-5.579394367006833,0.8853484268131628,0.3509114132574364,0.952355320673368
300.0,151,bench_151_front,6.317128101257394,-6.795312699219148,0.9334987004299704,0.18778345276012526,0.9521987443989609
300.0,152,bench_152_front,5.004006169065282,-7.794425414144875,0.9518618243375204,0.018429562122633313,0.9520402204692744
300.0,153,bench_153_front,3.5344481693791487,-8.544681674666574,0.9397083346752149,-0.15174506922322814,0.9518814633617086
300.0,154,bench_154_front,1.9549349875555795,-9.021801325871184,0.8972819869701132,-0.31726550044059126,0.9517207373546366
300.0,155,bench_155_front,0.3157100355934073,-9.210089941917849,0.8258090930029123,-0.472761747082348,0.9515588933905492
300.0,156,bench_156_front,-1.3308129650761047,-9.10302835940598,0.7274676106892354,-0.613144933225138,0.9513967803926834
300.0,157,bench_157_front,-2.931728615748299,-8.703557489878092,0.605325959167496,-0.7337738535462245,0.9512326660655241
300.0,158,bench_158_front,-4.435320753045999,-8.02406579513275,0.46325699809976006,-0.8306165094467767,0.9510682583568586
300.0,159,bench_159_front,-5.7927655104449025,-7.086065536036502,0.3058172389694591,-0.9003842140989743,0.9509026851626463
300.0,160,bench_160_front,-6.959725976248802,-5.9195798705658635,0.13810776335484568,-0.94065140394719,0.9507359349717973
300.0,161,bench_161_front,-7.8978506941955935,-4.56222743480013,-0.03438966266928256,-0.9499457165944634,0.9505679951348434
300.0,162,bench_162_front,-8.576069494351389,-3.0580628269950756,-0.20598854260588312,-0.9278074692233875,0.9503988529199743
300.0,163,bench_163_front,-8.971676656254521,-1.4561879933262931,-0.3709840414138167,-0.8748171435550081,0.950228495490149
300.0,164,bench_164_front,-9.071152330490088,0.19081161399126761,-0.5238422025729218,-0.7925890994006676,0.9500569107612509
300.0,165,bench_165_front,-8.870693916638471,1.8285922498648097,-0.6593890168333397,-0.6837294057372377,0.9498840854495008
300.0,166,bench_166_front,-8.376427670928301,3.4028173800980137,-0.7729866268276457,-0.5517615182349903,0.9497100074545722
300.0,167,bench_167_front,-7.604284450235846,4.860998763555231,-0.8606986265235005,-0.4010161455513379,0.9495346621857951
300.0,168,bench_168_front,-6.579566175119824,6.15422647773498,-0.9194298274392951,-0.23649755943971104,0.9493588906235574
300.0,169,bench_169_front,-5.336163363609481,7.238873946736603,-0.9470397752574506,-0.06371952675899913,0.9491809701053184
300.0,170,bench_170_front,-3.915516749437831,8.078081686123081,-0.9424319320624388,0.11147358196788364,0.9490017418570378
300.0,171,bench_171_front,-2.3652683829308416,8.643085056109891,-0.9056011094183776,0.2831047241792909,0.9488211919178601
300.0,172,bench_172_front,-0.7377057732528917,8.914254962628187,-0.8376477019645894,0.4452671784146588,0.9486393059429433
300.0,173,bench_173_front,0.9119711870996322,8.881846455680448,-0.7407538920360499,0.592329470188019,0.9484569203816139
300.0,174,bench_174_front,2.5275184479702406,8.546418690194617,-0.6181193952415018,0.7191305868931706,0.9482723173113491
300.0,175,bench_175_front,4.053535291995472,7.918914507300967,-0.4738677605139743,0.8211690777795437,0.9480871841533539
300.0,176,bench_176_front,5.43741346760881,7.020371897939102,-0.31290974659061704,0.8947633937164797,0.9478998049617039
300.0,177,bench_177_front,6.631150408245529,5.881297562181207,-0.14078460199752785,0.9371957445774903,0.9477110149268916
300.0,178,bench_178_front,7.593063612003632,4.540697173065042,0.036527891778951015,0.9468172919985527,0.9475216468795251
300.0,179,bench_179_front,8.289303045937912,3.0447870004478554,0.21281215836181877,0.9231179211590532,0.9473308350896364
300.0,180,bench_180_front,8.695092084419104,1.445466106032647,0.38183226855070584,0.8667615463112641,0.9471385640287656
300.0,181,bench_181_front,8.795688325421649,-0.201466848166774,0.5375539969644736,0.7795758997990829,0.9469439704650066
300.0,182,bench_182_front,8.586990191549015,-1.8382174317266478,0.6743627736342976,0.6645046341939909,0.9467478858328824
300.0,183,bench_183_front,8.075787429245914,-3.407025487862631,0.787269627408735,0.5255145979849123,0.9465511391021261
300.0,184,bench_184_front,7.279612142829108,-4.852229482873619,0.8720960807373345,0.3674650645904367,0.9463520210428428
300.0,185,bench_185_front,6.226230043518967,-6.122226763663734,0.9256394453448078,0.1959479820379947,0.9461522046917217
300.0,186,bench_186_front,4.952737038690368,-7.171381482478101,0.9457955323412499,0.017093374079611135,0.9459499841080891
300.0,187,bench_187_front,3.5043314880205796,-7.961701612294834,0.931656383007683,-0.16264632742316368,0.9457470295079977
300.0,188,bench_188_front,1.9327407983453302,-8.46429310396721,0.8835524788110428,-0.33672777457957376,0.9455424776214184
300.0,189,bench_189_front,0.2944469536828606,-8.660470961379557,0.8030607139894798,-0.4987526739758499,0.9453363106066293
300.0,190,bench_190_front,-1.3513340434414256,-8.542544233821284,0.6929617064258654,-0.6427067547130443,0.9451285093183998
300.0,191,bench_191_front,-2.9447616764586133,-8.114200684138911,0.5571541985670689,-0.7631849190972357,0.9449190556435865
300.0,192,bench_192_front,-4.427568280738217,-7.390481729869213,0.40052428918540894,-0.8556020996014198,0.9447087694468782
300.0,193,bench_193_front,-5.7452045052026195,-6.397336211802332,0.22877727893278027,-0.9163697713252976,0.9444959508407992
300.0,194,bench_194_front,-6.848868440528052,-5.170782227730757,0.04823729610186014,-0.9430485482588284,0.944281420503603
300.0,195,bench_195_front,-7.697376244396992,-3.7556741091150863,-0.13438206766127198,-0.9344519700452206,0.9440651589960899
300.0,196,bench_196_front,-8.25876889596751,-2.2041154680184785,-0.31222617416159687,-0.8907088469216269,0.9438471453662621
300.0,197,bench_197_front,-8.5115845717227,-0.573597579732932,-0.47855509960449305,-0.8132758500245064,0.9436273584368725
300.0,198,bench_198_front,-8.445766677816199,1.0750850961400655,-0.6270007637932462,-0.70490146878812,0.9434066135537545
300.0,199,bench_199_front,-8.063155654556736,2.680111515741358,-0.7518132004587108,-0.569536207265277,0.9431832164378702
300.0,200,bench_200_front,-7.377536181079165,4.180924350544232,-0.8480916702930097,-0.4122017388374698,0.9429579814185893
300.0,201,bench_201_front,-6.4142460983256555,5.520535023136136,-0.9119824294422656,-0.23881194888247376,0.9427317214035296
300.0,202,bench_202_front,-5.209305191735614,6.647758073289575,-0.9408403223081876,-0.0559545384285709,0.9425027440022277
300.0,203,bench_203_front,-3.8081873404099964,7.519171796796488,-0.9333522479834201,0.1293499591880094,0.9422726944773702
300.0,204,bench_204_front,-2.264132860862563,8.100902546775593,-0.8896009520683414,0.3099181948058557,0.9420398831220576
300.0,205,bench_205_front,-0.6362200265599817,8.369995607116648,-0.8110870110592682,0.47868021121011833,0.9418051200292027
300.0,206,bench_206_front,1.0128815283360908,8.31542867903201,-0.7006864221062352,0.628959103441346,0.9415683809080353
300.0,207,bench_207_front,2.6192926988685126,7.938656540977035,-0.5625579317256015,0.7547384098013122,0.9413296413992285
300.0,208,bench_208_front,4.12039904713272,7.253685337101739,-0.40199695863208584,0.8509102648707586,0.9410897054010693
300.0,209,bench_209_front,5.457320421480228,6.2866499818862325,-0.22524072321068775,0.9134883924961243,0.940847717017811
300.0,210,bench_210_front,6.577242495597006,5.0749255246867815,-0.039235761686916074,0.9397849672108766,0.9406036516996417
300.0,211,bench_211_front,7.435580869225552,3.6657601384888348,0.14863233801145598,0.9285368189601035,0.9403574831239978
300.0,212,bench_212_front,7.997824759653722,2.114504345572831,0.33082927154583947,0.8799757210415411,0.94010918330486
300.0,213,bench_213_front,8.241005212018823,0.48252569740647255,0.4999714070890754,0.7958420504172082,0.939859551804894
300.0,214,bench_214_front,8.154749535519349,-1.1652144026962516,0.6491290481850486,0.6793336242071379,0.9396077342040305
300.0,215,bench_215_front,7.7418202881661875,-2.7627065743991555,0.7721149097502946,0.5349990130176749,0.9393537021743151
300.0,216,bench_216_front,7.018147207755992,-4.245538951153495,0.8637473052677056,0.368570984623935,0.9390974273545211
300.0,217,bench_217_front,6.012326610741025,-5.553519644669325,0.9200779120526829,0.1867487100505632,0.9388388812532072
300.0,218,bench_218_front,4.764591016670793,-6.633172864485793,0.9385730287923373,-0.0030651619879572324,0.938578033833327
300.0,219,bench_219_front,3.3253008759266534,-7.439982510372232,0.9182389924847663,-0.19305937028089426,0.9383148553511736
300.0,220,bench_220_front,1.7529924801138976,-7.940317204193898,0.8596869012261787,-0.37533312009457614,0.9380493159636113
300.0,221,bench_221_front,0.11205000464144524,-8.112935156399175,0.7651307110986496,-0.5422258933884635,0.9377813841867638
300.0,222,bench_222_front,-1.5298817166611713,-7.9499926996870744,0.6383185281633693,-0.686641380291124,0.9375110284816655
300.0,223,tail_rear,-3.1046762419252842,-7.457516618579946,0.4843971599628988,-0.8023558216144325,0.937238215748106
